{"type": "FeatureCollection", "features": [{"type": "Feature", "properties": {}, "geometry": {"type": "Point", "coordinates": [119.620786127461, -5.24952994157345]}}, {"type": "Feature", "properties": {}, "geometry": {"type": "Point", "coordinates": [119.557904057572, -4.88122067508445]}}, {"type": "Feature", "properties": {}, "geometry": {"type": "Point", "coordinates": [120.171004238984, -4.20299263557421]}}, {"type": "Feature", "properties": {}, "geometry": {"type": "Point", "coordinates": [119.492776199474, -4.98901850917879]}}, {"type": "Feature", "properties": {}, "geometry": {"type": "Point", "coordinates": [119.998078546791, -4.18502632989182]}}, {"type": "Feature", "properties": {}, "geometry": {"type": "Point", "coordinates": [120.373125177911, -4.47473300902037]}}, {"type": "Feature", "properties": {}, "geometry": {"type": "Point", "coordinates": [120.375370966121, -3.78976760487923]}}, {"type": "Feature", "properties": {}, "geometry": {"type": "Point", "coordinates": [120.303505743391, -3.21035424662214]}}, {"type": "Feature", "properties": {}, "geometry": {"type": "Point", "coordinates": [119.566887210413, -5.60885605522126]}}, {"type": "Feature", "properties": {}, "geometry": {"type": "Point", "coordinates": [119.620786127461, -4.27710364651407]}}, {"type": "Feature", "properties": {}, "geometry": {"type": "Point", "coordinates": [120.245115249924, -4.27934943472437]}}, {"type": "Feature", "properties": {}, "geometry": {"type": "Point", "coordinates": [120.413549365696, -3.75608078172475]}}, {"type": "Feature", "properties": {}, "geometry": {"type": "Point", "coordinates": [119.593836668937, -4.61172608984859]}}, {"type": "Feature", "properties": {}, "geometry": {"type": "Point", "coordinates": [120.296768378761, -3.17891321167796]}}, {"type": "Feature", "properties": {}, "geometry": {"type": "Point", "coordinates": [120.321472049074, -4.12888162463435]}}, {"type": "Feature", "properties": {}, "geometry": {"type": "Point", "coordinates": [120.334946778336, -4.00985484948851]}}, {"type": "Feature", "properties": {}, "geometry": {"type": "Point", "coordinates": [120.415795153906, -3.75383499351445]}}, {"type": "Feature", "properties": {}, "geometry": {"type": "Point", "coordinates": [120.22041157961, -4.28384101114497]}}, {"type": "Feature", "properties": {}, "geometry": {"type": "Point", "coordinates": [119.948671206164, -4.16256844778883]}}, {"type": "Feature", "properties": {}, "geometry": {"type": "Point", "coordinates": [120.348421507597, -4.83630491087847]}}, {"type": "Feature", "properties": {}, "geometry": {"type": "Point", "coordinates": [119.524217234418, -4.93062801571102]}}, {"type": "Feature", "properties": {}, "geometry": {"type": "Point", "coordinates": [119.530954599049, -4.85876279298146]}}, {"type": "Feature", "properties": {}, "geometry": {"type": "Point", "coordinates": [120.36414202507, -3.8414207337161]}}, {"type": "Feature", "properties": {}, "geometry": {"type": "Point", "coordinates": [119.490530411263, -5.00698481486118]}}, {"type": "Feature", "properties": {}, "geometry": {"type": "Point", "coordinates": [119.964391723636, -4.11091531895196]}}, {"type": "Feature", "properties": {}, "geometry": {"type": "Point", "coordinates": [119.479301470212, -5.03618006159507]}}, {"type": "Feature", "properties": {}, "geometry": {"type": "Point", "coordinates": [119.573624575044, -4.61397187805889]}}, {"type": "Feature", "properties": {}, "geometry": {"type": "Point", "coordinates": [119.566887210413, -4.92838222750072]}}, {"type": "Feature", "properties": {}, "geometry": {"type": "Point", "coordinates": [120.388845695383, -3.34285575102977]}}, {"type": "Feature", "properties": {}, "geometry": {"type": "Point", "coordinates": [120.296768378761, -4.32426519893035]}}, {"type": "Feature", "properties": {}, "geometry": {"type": "Point", "coordinates": [119.557904057572, -4.93511959213162]}}, {"type": "Feature", "properties": {}, "geometry": {"type": "Point", "coordinates": [120.227148944241, -4.25913734083168]}}, {"type": "Feature", "properties": {}, "geometry": {"type": "Point", "coordinates": [119.528708810838, -3.82570021624401]}}, {"type": "Feature", "properties": {}, "geometry": {"type": "Point", "coordinates": [119.488284623053, -3.62807085373772]}}, {"type": "Feature", "properties": {}, "geometry": {"type": "Point", "coordinates": [120.395583060014, -3.77180129919684]}}, {"type": "Feature", "properties": {}, "geometry": {"type": "Point", "coordinates": [120.254098402765, -4.26138312904198]}}, {"type": "Feature", "properties": {}, "geometry": {"type": "Point", "coordinates": [120.325963625494, -4.10417795432106]}}, {"type": "Feature", "properties": {}, "geometry": {"type": "Point", "coordinates": [120.316980472653, -4.13786477747555]}}, {"type": "Feature", "properties": {}, "geometry": {"type": "Point", "coordinates": [119.515234081577, -4.7891433584622]}}, {"type": "Feature", "properties": {}, "geometry": {"type": "Point", "coordinates": [120.283293649499, -5.06312952011865]}}, {"type": "Feature", "properties": {}, "geometry": {"type": "Point", "coordinates": [119.486038834843, -5.02944269696417]}}, {"type": "Feature", "properties": {}, "geometry": {"type": "Point", "coordinates": [119.486038834843, -3.65052873584071]}}, {"type": "Feature", "properties": {}, "geometry": {"type": "Point", "coordinates": [120.330455201915, -3.99188854380612]}}, {"type": "Feature", "properties": {}, "geometry": {"type": "Point", "coordinates": [119.483793046632, -3.63256243015832]}}, {"type": "Feature", "properties": {}, "geometry": {"type": "Point", "coordinates": [119.519725657997, -5.01147639128178]}}, {"type": "Feature", "properties": {}, "geometry": {"type": "Point", "coordinates": [119.483793046632, -3.64154558299951]}}, {"type": "Feature", "properties": {}, "geometry": {"type": "Point", "coordinates": [120.422532518537, -3.69319871183638]}}, {"type": "Feature", "properties": {}, "geometry": {"type": "Point", "coordinates": [119.450106223478, -5.50330400933722]}}, {"type": "Feature", "properties": {}, "geometry": {"type": "Point", "coordinates": [120.359650448649, -3.8459123101367]}}, {"type": "Feature", "properties": {}, "geometry": {"type": "Point", "coordinates": [119.932950688692, -4.16256844778883]}}, {"type": "Feature", "properties": {}, "geometry": {"type": "Point", "coordinates": [119.971129088267, -4.16930581241973]}}, {"type": "Feature", "properties": {}, "geometry": {"type": "Point", "coordinates": [120.283293649499, -4.31528204608915]}}, {"type": "Feature", "properties": {}, "geometry": {"type": "Point", "coordinates": [120.346175719387, -4.30405310503766]}}, {"type": "Feature", "properties": {}, "geometry": {"type": "Point", "coordinates": [119.923967535851, -4.15807687136824]}}, {"type": "Feature", "properties": {}, "geometry": {"type": "Point", "coordinates": [119.492776199474, -3.63705400657891]}}, {"type": "Feature", "properties": {}, "geometry": {"type": "Point", "coordinates": [119.856593889542, -4.01434642590911]}}, {"type": "Feature", "properties": {}, "geometry": {"type": "Point", "coordinates": [119.582607727886, -4.86100858119176]}}, {"type": "Feature", "properties": {}, "geometry": {"type": "Point", "coordinates": [119.61404876283, -5.24503836515286]}}, {"type": "Feature", "properties": {}, "geometry": {"type": "Point", "coordinates": [120.36414202507, -4.15133950673734]}}, {"type": "Feature", "properties": {}, "geometry": {"type": "Point", "coordinates": [120.382108330752, -3.2867110457723]}}, {"type": "Feature", "properties": {}, "geometry": {"type": "Point", "coordinates": [119.530954599049, -4.91490749823893]}}, {"type": "Feature", "properties": {}, "geometry": {"type": "Point", "coordinates": [120.391091483593, -4.6094803016383]}}, {"type": "Feature", "properties": {}, "geometry": {"type": "Point", "coordinates": [120.384354118962, -4.56905611385292]}}, {"type": "Feature", "properties": {}, "geometry": {"type": "Point", "coordinates": [120.543805081893, -2.71178926393581]}}, {"type": "Feature", "properties": {}, "geometry": {"type": "Point", "coordinates": [120.323717837284, -4.13337320105495]}}, {"type": "Feature", "properties": {}, "geometry": {"type": "Point", "coordinates": [120.274310496658, -4.29956152861706]}}, {"type": "Feature", "properties": {}, "geometry": {"type": "Point", "coordinates": [119.546675116521, -3.87735334508089]}}, {"type": "Feature", "properties": {}, "geometry": {"type": "Point", "coordinates": [120.238377885293, -4.25913734083168]}}, {"type": "Feature", "properties": {}, "geometry": {"type": "Point", "coordinates": [119.553412481152, -4.88346646329475]}}, {"type": "Feature", "properties": {}, "geometry": {"type": "Point", "coordinates": [120.334946778336, -3.99188854380612]}}, {"type": "Feature", "properties": {}, "geometry": {"type": "Point", "coordinates": [119.580361939675, -4.62295503090009]}}, {"type": "Feature", "properties": {}, "geometry": {"type": "Point", "coordinates": [120.121596898357, -4.2232047294669]}}, {"type": "Feature", "properties": {}, "geometry": {"type": "Point", "coordinates": [120.319226260864, -3.93349805033835]}}, {"type": "Feature", "properties": {}, "geometry": {"type": "Point", "coordinates": [121.4174166957, -2.59500827700027]}}, {"type": "Feature", "properties": {}, "geometry": {"type": "Point", "coordinates": [120.303505743391, -3.20137109378094]}}, {"type": "Feature", "properties": {}, "geometry": {"type": "Point", "coordinates": [120.355158872228, -3.8459123101367]}}, {"type": "Feature", "properties": {}, "geometry": {"type": "Point", "coordinates": [119.575870363255, -4.91490749823893]}}, {"type": "Feature", "properties": {}, "geometry": {"type": "Point", "coordinates": [120.06994376952, -4.16256844778883]}}, {"type": "Feature", "properties": {}, "geometry": {"type": "Point", "coordinates": [119.560149845783, -4.66562500689577]}}, {"type": "Feature", "properties": {}, "geometry": {"type": "Point", "coordinates": [119.856593889542, -3.96044750886194]}}, {"type": "Feature", "properties": {}, "geometry": {"type": "Point", "coordinates": [119.481547258422, -3.74036026425266]}}, {"type": "Feature", "properties": {}, "geometry": {"type": "Point", "coordinates": [120.260835767396, -4.27261207009347]}}, {"type": "Feature", "properties": {}, "geometry": {"type": "Point", "coordinates": [119.499513564105, -3.76281814635565]}}, {"type": "Feature", "properties": {}, "geometry": {"type": "Point", "coordinates": [119.91947595943, -4.10642374253136]}}, {"type": "Feature", "properties": {}, "geometry": {"type": "Point", "coordinates": [119.504005140525, -4.98901850917879]}}, {"type": "Feature", "properties": {}, "geometry": {"type": "Point", "coordinates": [119.54442932831, -3.86837019223969]}}, {"type": "Feature", "properties": {}, "geometry": {"type": "Point", "coordinates": [120.325963625494, -3.95371014423104]}}, {"type": "Feature", "properties": {}, "geometry": {"type": "Point", "coordinates": [119.526463022628, -4.72626128857383]}}, {"type": "Feature", "properties": {}, "geometry": {"type": "Point", "coordinates": [120.346175719387, -4.07273691937688]}}, {"type": "Feature", "properties": {}, "geometry": {"type": "Point", "coordinates": [120.348421507597, -4.37591832776722]}}, {"type": "Feature", "properties": {}, "geometry": {"type": "Point", "coordinates": [119.973374876478, -4.12888162463435]}}, {"type": "Feature", "properties": {}, "geometry": {"type": "Point", "coordinates": [120.427024094958, -4.66562500689577]}}, {"type": "Feature", "properties": {}, "geometry": {"type": "Point", "coordinates": [119.946425417954, -4.17155160063003]}}, {"type": "Feature", "properties": {}, "geometry": {"type": "Point", "coordinates": [119.515234081577, -4.9822811445479]}}, {"type": "Feature", "properties": {}, "geometry": {"type": "Point", "coordinates": [120.341684142967, -3.90430280360447]}}, {"type": "Feature", "properties": {}, "geometry": {"type": "Point", "coordinates": [119.501759352315, -3.73811447604236]}}, {"type": "Feature", "properties": {}, "geometry": {"type": "Point", "coordinates": [120.373125177911, -4.84079648729907]}}, {"type": "Feature", "properties": {}, "geometry": {"type": "Point", "coordinates": [120.007061699632, -4.10417795432106]}}, {"type": "Feature", "properties": {}, "geometry": {"type": "Point", "coordinates": [119.510742505156, -4.75770232351802]}}, {"type": "Feature", "properties": {}, "geometry": {"type": "Point", "coordinates": [119.571378786834, -4.92613643929043]}}, {"type": "Feature", "properties": {}, "geometry": {"type": "Point", "coordinates": [120.386599907173, -4.48820773828216]}}, {"type": "Feature", "properties": {}, "geometry": {"type": "Point", "coordinates": [119.557904057572, -4.93287380392132]}}, {"type": "Feature", "properties": {}, "geometry": {"type": "Point", "coordinates": [120.343929931177, -3.8526496747676]}}, {"type": "Feature", "properties": {}, "geometry": {"type": "Point", "coordinates": [120.341684142967, -3.87061598044999]}}, {"type": "Feature", "properties": {}, "geometry": {"type": "Point", "coordinates": [119.968883300057, -4.20523842378451]}}, {"type": "Feature", "properties": {}, "geometry": {"type": "Point", "coordinates": [120.375370966121, -3.21035424662214]}}, {"type": "Feature", "properties": {}, "geometry": {"type": "Point", "coordinates": [119.521971446207, -4.75096495888712]}}, {"type": "Feature", "properties": {}, "geometry": {"type": "Point", "coordinates": [120.36414202507, -4.84079648729907]}}, {"type": "Feature", "properties": {}, "geometry": {"type": "Point", "coordinates": [119.998078546791, -4.10193216611076]}}, {"type": "Feature", "properties": {}, "geometry": {"type": "Point", "coordinates": [119.506250928735, -4.7936349348828]}}, {"type": "Feature", "properties": {}, "geometry": {"type": "Point", "coordinates": [119.562395633993, -4.91715328644923]}}, {"type": "Feature", "properties": {}, "geometry": {"type": "Point", "coordinates": [119.598328245358, -4.88571225150505]}}, {"type": "Feature", "properties": {}, "geometry": {"type": "Point", "coordinates": [120.424778306748, -6.18377783705776]}}, {"type": "Feature", "properties": {}, "geometry": {"type": "Point", "coordinates": [119.519725657997, -3.77629287561744]}}, {"type": "Feature", "properties": {}, "geometry": {"type": "Point", "coordinates": [119.535446175469, -5.02719690875387]}}, {"type": "Feature", "properties": {}, "geometry": {"type": "Point", "coordinates": [120.337192566546, -3.89082807434268]}}, {"type": "Feature", "properties": {}, "geometry": {"type": "Point", "coordinates": [119.598328245358, -4.47697879723067]}}, {"type": "Feature", "properties": {}, "geometry": {"type": "Point", "coordinates": [120.375370966121, -4.81384702877549]}}, {"type": "Feature", "properties": {}, "geometry": {"type": "Point", "coordinates": [119.582607727886, -4.90592434539774]}}, {"type": "Feature", "properties": {}, "geometry": {"type": "Point", "coordinates": [119.573624575044, -4.92838222750072]}}, {"type": "Feature", "properties": {}, "geometry": {"type": "Point", "coordinates": [119.533200387259, -4.85651700477116]}}, {"type": "Feature", "properties": {}, "geometry": {"type": "Point", "coordinates": [119.91947595943, -4.10417795432106]}}, {"type": "Feature", "properties": {}, "geometry": {"type": "Point", "coordinates": [120.323717837284, -3.96269329707224]}}, {"type": "Feature", "properties": {}, "geometry": {"type": "Point", "coordinates": [120.132825839409, -4.2276963058875]}}, {"type": "Feature", "properties": {}, "geometry": {"type": "Point", "coordinates": [119.54442932831, -4.74198180604592]}}, {"type": "Feature", "properties": {}, "geometry": {"type": "Point", "coordinates": [119.5421835401, -4.9732979917067]}}, {"type": "Feature", "properties": {}, "geometry": {"type": "Point", "coordinates": [119.521971446207, -3.82570021624401]}}, {"type": "Feature", "properties": {}, "geometry": {"type": "Point", "coordinates": [119.497267775894, -3.62133348910682]}}, {"type": "Feature", "properties": {}, "geometry": {"type": "Point", "coordinates": [119.506250928735, -4.7846517820416]}}, {"type": "Feature", "properties": {}, "geometry": {"type": "Point", "coordinates": [119.611802974619, -4.27036628188318]}}, {"type": "Feature", "properties": {}, "geometry": {"type": "Point", "coordinates": [119.501759352315, -5.00923060307148]}}, {"type": "Feature", "properties": {}, "geometry": {"type": "Point", "coordinates": [119.546675116521, -4.74871917067682]}}, {"type": "Feature", "properties": {}, "geometry": {"type": "Point", "coordinates": [119.856593889542, -3.98290539096493]}}, {"type": "Feature", "properties": {}, "geometry": {"type": "Point", "coordinates": [119.546675116521, -5.58415238490798]}}, {"type": "Feature", "properties": {}, "geometry": {"type": "Point", "coordinates": [119.602819821778, -5.25626730620435]}}, {"type": "Feature", "properties": {}, "geometry": {"type": "Point", "coordinates": [120.373125177911, -4.31079046966855]}}, {"type": "Feature", "properties": {}, "geometry": {"type": "Point", "coordinates": [119.582607727886, -4.5960055723765]}}, {"type": "Feature", "properties": {}, "geometry": {"type": "Point", "coordinates": [120.283293649499, -5.07885003759074]}}, {"type": "Feature", "properties": {}, "geometry": {"type": "Point", "coordinates": [119.54442932831, -4.73075286499443]}}, {"type": "Feature", "properties": {}, "geometry": {"type": "Point", "coordinates": [120.352913084018, -3.22382897588393]}}, {"type": "Feature", "properties": {}, "geometry": {"type": "Point", "coordinates": [120.393337271803, -3.32713523355768]}}, {"type": "Feature", "properties": {}, "geometry": {"type": "Point", "coordinates": [120.546050870104, -2.7275097814079]}}, {"type": "Feature", "properties": {}, "geometry": {"type": "Point", "coordinates": [119.459089376319, -3.71565659393937]}}, {"type": "Feature", "properties": {}, "geometry": {"type": "Point", "coordinates": [120.29003101413, -4.89469540434624]}}, {"type": "Feature", "properties": {}, "geometry": {"type": "Point", "coordinates": [120.173250027194, -4.16481423599913]}}, {"type": "Feature", "properties": {}, "geometry": {"type": "Point", "coordinates": [119.845364948491, -3.98065960275463]}}, {"type": "Feature", "properties": {}, "geometry": {"type": "Point", "coordinates": [119.548920904731, -4.95757747423461]}}, {"type": "Feature", "properties": {}, "geometry": {"type": "Point", "coordinates": [119.555658269362, -4.65215027763397]}}, {"type": "Feature", "properties": {}, "geometry": {"type": "Point", "coordinates": [120.296768378761, -3.21260003483244]}}, {"type": "Feature", "properties": {}, "geometry": {"type": "Point", "coordinates": [120.334946778336, -4.12888162463435]}}, {"type": "Feature", "properties": {}, "geometry": {"type": "Point", "coordinates": [119.986849605739, -4.19400948273302]}}, {"type": "Feature", "properties": {}, "geometry": {"type": "Point", "coordinates": [119.553412481152, -4.71278655931204]}}, {"type": "Feature", "properties": {}, "geometry": {"type": "Point", "coordinates": [119.53769196368, -5.01596796770238]}}, {"type": "Feature", "properties": {}, "geometry": {"type": "Point", "coordinates": [120.433761459589, -3.74485184067326]}}, {"type": "Feature", "properties": {}, "geometry": {"type": "Point", "coordinates": [119.555658269362, -4.64541291300308]}}, {"type": "Feature", "properties": {}, "geometry": {"type": "Point", "coordinates": [119.515234081577, -4.86999173403296]}}, {"type": "Feature", "properties": {}, "geometry": {"type": "Point", "coordinates": [120.375370966121, -3.22158318767363]}}, {"type": "Feature", "properties": {}, "geometry": {"type": "Point", "coordinates": [119.580361939675, -4.89918698076684]}}, {"type": "Feature", "properties": {}, "geometry": {"type": "Point", "coordinates": [119.84311916028, -5.65826339584784]}}, {"type": "Feature", "properties": {}, "geometry": {"type": "Point", "coordinates": [120.260835767396, -4.28833258756557]}}, {"type": "Feature", "properties": {}, "geometry": {"type": "Point", "coordinates": [119.962145935426, -4.19850105915361]}}, {"type": "Feature", "properties": {}, "geometry": {"type": "Point", "coordinates": [119.499513564105, -4.75321074709742]}}, {"type": "Feature", "properties": {}, "geometry": {"type": "Point", "coordinates": [120.328209413705, -4.16256844778883]}}, {"type": "Feature", "properties": {}, "geometry": {"type": "Point", "coordinates": [120.359650448649, -3.83692915729551]}}, {"type": "Feature", "properties": {}, "geometry": {"type": "Point", "coordinates": [120.348421507597, -3.83917494550581]}}, {"type": "Feature", "properties": {}, "geometry": {"type": "Point", "coordinates": [120.411303577486, -3.76506393456594]}}, {"type": "Feature", "properties": {}, "geometry": {"type": "Point", "coordinates": [120.330455201915, -4.16706002420943]}}, {"type": "Feature", "properties": {}, "geometry": {"type": "Point", "coordinates": [119.517479869787, -4.87223752224326]}}, {"type": "Feature", "properties": {}, "geometry": {"type": "Point", "coordinates": [120.388845695383, -3.2889568339826]}}, {"type": "Feature", "properties": {}, "geometry": {"type": "Point", "coordinates": [120.373125177911, -4.32651098714065]}}, {"type": "Feature", "properties": {}, "geometry": {"type": "Point", "coordinates": [120.254098402765, -2.93412229675539]}}, {"type": "Feature", "properties": {}, "geometry": {"type": "Point", "coordinates": [119.968883300057, -4.14011056568584]}}, {"type": "Feature", "properties": {}, "geometry": {"type": "Point", "coordinates": [120.200199485718, -4.19176369452272]}}, {"type": "Feature", "properties": {}, "geometry": {"type": "Point", "coordinates": [120.009307487842, -4.10193216611076]}}, {"type": "Feature", "properties": {}, "geometry": {"type": "Point", "coordinates": [120.303505743391, -5.49432085649602]}}, {"type": "Feature", "properties": {}, "geometry": {"type": "Point", "coordinates": [120.303505743391, -5.48758349186513]}}, {"type": "Feature", "properties": {}, "geometry": {"type": "Point", "coordinates": [119.959900147216, -4.20299263557421]}}, {"type": "Feature", "properties": {}, "geometry": {"type": "Point", "coordinates": [119.535446175469, -3.80548812235132]}}, {"type": "Feature", "properties": {}, "geometry": {"type": "Point", "coordinates": [120.568508752207, -2.68259401720192]}}, {"type": "Feature", "properties": {}, "geometry": {"type": "Point", "coordinates": [120.334946778336, -4.15583108315794]}}, {"type": "Feature", "properties": {}, "geometry": {"type": "Point", "coordinates": [119.452352011688, -3.68421555899519]}}, {"type": "Feature", "properties": {}, "geometry": {"type": "Point", "coordinates": [120.22041157961, -4.28833258756557]}}, {"type": "Feature", "properties": {}, "geometry": {"type": "Point", "coordinates": [119.519725657997, -5.00473902665088]}}, {"type": "Feature", "properties": {}, "geometry": {"type": "Point", "coordinates": [119.472564105581, -3.71790238214967]}}, {"type": "Feature", "properties": {}, "geometry": {"type": "Point", "coordinates": [119.530954599049, -4.95533168602431]}}, {"type": "Feature", "properties": {}, "geometry": {"type": "Point", "coordinates": [120.343929931177, -4.83855069908877]}}, {"type": "Feature", "properties": {}, "geometry": {"type": "Point", "coordinates": [119.528708810838, -4.86100858119176]}}, {"type": "Feature", "properties": {}, "geometry": {"type": "Point", "coordinates": [120.377616754331, -3.2799736811414]}}, {"type": "Feature", "properties": {}, "geometry": {"type": "Point", "coordinates": [120.393337271803, -3.39001730344605]}}, {"type": "Feature", "properties": {}, "geometry": {"type": "Point", "coordinates": [119.975620664688, -4.11989847179316]}}, {"type": "Feature", "properties": {}, "geometry": {"type": "Point", "coordinates": [120.231640520662, -3.05539486011152]}}, {"type": "Feature", "properties": {}, "geometry": {"type": "Point", "coordinates": [119.964391723636, -4.17155160063003]}}, {"type": "Feature", "properties": {}, "geometry": {"type": "Point", "coordinates": [119.409682035693, -5.47635455081363]}}, {"type": "Feature", "properties": {}, "geometry": {"type": "Point", "coordinates": [119.535446175469, -4.86774594582266]}}, {"type": "Feature", "properties": {}, "geometry": {"type": "Point", "coordinates": [120.245115249924, -4.28159522293467]}}, {"type": "Feature", "properties": {}, "geometry": {"type": "Point", "coordinates": [119.555658269362, -4.66113343047517]}}, {"type": "Feature", "properties": {}, "geometry": {"type": "Point", "coordinates": [119.962145935426, -4.11316110716226]}}, {"type": "Feature", "properties": {}, "geometry": {"type": "Point", "coordinates": [119.510742505156, -4.75096495888712]}}, {"type": "Feature", "properties": {}, "geometry": {"type": "Point", "coordinates": [119.53769196368, -3.81447127519252]}}, {"type": "Feature", "properties": {}, "geometry": {"type": "Point", "coordinates": [119.526463022628, -3.83468336908521]}}, {"type": "Feature", "properties": {}, "geometry": {"type": "Point", "coordinates": [120.382108330752, -3.46188252617561]}}, {"type": "Feature", "properties": {}, "geometry": {"type": "Point", "coordinates": [120.330455201915, -4.01434642590911]}}, {"type": "Feature", "properties": {}, "geometry": {"type": "Point", "coordinates": [120.146300568671, -4.21197578841541]}}, {"type": "Feature", "properties": {}, "geometry": {"type": "Point", "coordinates": [120.301259955181, -4.32426519893035]}}, {"type": "Feature", "properties": {}, "geometry": {"type": "Point", "coordinates": [120.000324335001, -4.11765268358286]}}, {"type": "Feature", "properties": {}, "geometry": {"type": "Point", "coordinates": [120.382108330752, -4.80486387593429]}}, {"type": "Feature", "properties": {}, "geometry": {"type": "Point", "coordinates": [120.361896236859, -3.848158098347]}}, {"type": "Feature", "properties": {}, "geometry": {"type": "Point", "coordinates": [120.355158872228, -3.8526496747676]}}, {"type": "Feature", "properties": {}, "geometry": {"type": "Point", "coordinates": [120.197953697507, -4.24790839978019]}}, {"type": "Feature", "properties": {}, "geometry": {"type": "Point", "coordinates": [119.61854033925, -4.27934943472437]}}, {"type": "Feature", "properties": {}, "geometry": {"type": "Point", "coordinates": [120.303505743391, -4.29506995219646]}}, {"type": "Feature", "properties": {}, "geometry": {"type": "Point", "coordinates": [119.492776199474, -5.00473902665088]}}, {"type": "Feature", "properties": {}, "geometry": {"type": "Point", "coordinates": [119.587099304306, -4.52638613785724]}}, {"type": "Feature", "properties": {}, "geometry": {"type": "Point", "coordinates": [120.337192566546, -3.22382897588393]}}, {"type": "Feature", "properties": {}, "geometry": {"type": "Point", "coordinates": [120.265327343816, -4.30629889324796]}}, {"type": "Feature", "properties": {}, "geometry": {"type": "Point", "coordinates": [120.487660376636, -2.78814606308597]}}, {"type": "Feature", "properties": {}, "geometry": {"type": "Point", "coordinates": [119.546675116521, -4.65664185405457]}}, {"type": "Feature", "properties": {}, "geometry": {"type": "Point", "coordinates": [119.986849605739, -4.16481423599913]}}, {"type": "Feature", "properties": {}, "geometry": {"type": "Point", "coordinates": [120.377616754331, -3.80997969877192]}}, {"type": "Feature", "properties": {}, "geometry": {"type": "Point", "coordinates": [120.29452259055, -3.18565057630885]}}, {"type": "Feature", "properties": {}, "geometry": {"type": "Point", "coordinates": [120.321472049074, -4.08396586042837]}}, {"type": "Feature", "properties": {}, "geometry": {"type": "Point", "coordinates": [120.236132097083, -4.27710364651407]}}, {"type": "Feature", "properties": {}, "geometry": {"type": "Point", "coordinates": [120.211428426769, -4.27036628188318]}}, {"type": "Feature", "properties": {}, "geometry": {"type": "Point", "coordinates": [119.61854033925, -4.38040990418782]}}, {"type": "Feature", "properties": {}, "geometry": {"type": "Point", "coordinates": [120.29227680234, -5.51004137396812]}}, {"type": "Feature", "properties": {}, "geometry": {"type": "Point", "coordinates": [119.546675116521, -4.89469540434624]}}, {"type": "Feature", "properties": {}, "geometry": {"type": "Point", "coordinates": [119.526463022628, -3.8436665219264]}}, {"type": "Feature", "properties": {}, "geometry": {"type": "Point", "coordinates": [119.483793046632, -5.03618006159507]}}, {"type": "Feature", "properties": {}, "geometry": {"type": "Point", "coordinates": [119.953162782585, -4.14460214210644]}}, {"type": "Feature", "properties": {}, "geometry": {"type": "Point", "coordinates": [120.29452259055, -4.90143276897714]}}, {"type": "Feature", "properties": {}, "geometry": {"type": "Point", "coordinates": [119.932950688692, -4.11989847179316]}}, {"type": "Feature", "properties": {}, "geometry": {"type": "Point", "coordinates": [119.605065609989, -4.42532566839379]}}, {"type": "Feature", "properties": {}, "geometry": {"type": "Point", "coordinates": [120.332700990125, -3.96943066170314]}}, {"type": "Feature", "properties": {}, "geometry": {"type": "Point", "coordinates": [119.968883300057, -4.15358529494764]}}, {"type": "Feature", "properties": {}, "geometry": {"type": "Point", "coordinates": [120.130580051198, -4.21422157662571]}}, {"type": "Feature", "properties": {}, "geometry": {"type": "Point", "coordinates": [120.377616754331, -3.25302422261782]}}, {"type": "Feature", "properties": {}, "geometry": {"type": "Point", "coordinates": [119.499513564105, -4.75770232351802]}}, {"type": "Feature", "properties": {}, "geometry": {"type": "Point", "coordinates": [120.200199485718, -4.2299420940978]}}, {"type": "Feature", "properties": {}, "geometry": {"type": "Point", "coordinates": [119.587099304306, -4.62520081911039]}}, {"type": "Feature", "properties": {}, "geometry": {"type": "Point", "coordinates": [119.584853516096, -4.5937597841662]}}, {"type": "Feature", "properties": {}, "geometry": {"type": "Point", "coordinates": [120.137317415829, -4.20074684736391]}}, {"type": "Feature", "properties": {}, "geometry": {"type": "Point", "coordinates": [119.519725657997, -4.88346646329475]}}, {"type": "Feature", "properties": {}, "geometry": {"type": "Point", "coordinates": [120.206936850349, -2.93861387317598]}}, {"type": "Feature", "properties": {}, "geometry": {"type": "Point", "coordinates": [120.267573132027, -2.92289335570389]}}, {"type": "Feature", "properties": {}, "geometry": {"type": "Point", "coordinates": [119.528708810838, -3.81447127519252]}}, {"type": "Feature", "properties": {}, "geometry": {"type": "Point", "coordinates": [119.959900147216, -4.20074684736391]}}, {"type": "Feature", "properties": {}, "geometry": {"type": "Point", "coordinates": [119.555658269362, -4.9710522034964]}}, {"type": "Feature", "properties": {}, "geometry": {"type": "Point", "coordinates": [119.512988293366, -4.95757747423461]}}, {"type": "Feature", "properties": {}, "geometry": {"type": "Point", "coordinates": [120.433761459589, -3.73811447604236]}}, {"type": "Feature", "properties": {}, "geometry": {"type": "Point", "coordinates": [119.971129088267, -4.17828896526092]}}, {"type": "Feature", "properties": {}, "geometry": {"type": "Point", "coordinates": [119.515234081577, -3.63705400657891]}}, {"type": "Feature", "properties": {}, "geometry": {"type": "Point", "coordinates": [119.512988293366, -4.99800166201999]}}, {"type": "Feature", "properties": {}, "geometry": {"type": "Point", "coordinates": [120.348421507597, -4.29956152861706]}}, {"type": "Feature", "properties": {}, "geometry": {"type": "Point", "coordinates": [119.953162782585, -4.15583108315794]}}, {"type": "Feature", "properties": {}, "geometry": {"type": "Point", "coordinates": [120.337192566546, -3.19463372915005]}}, {"type": "Feature", "properties": {}, "geometry": {"type": "Point", "coordinates": [120.29003101413, -4.26138312904198]}}, {"type": "Feature", "properties": {}, "geometry": {"type": "Point", "coordinates": [119.91947595943, -4.16032265957853]}}, {"type": "Feature", "properties": {}, "geometry": {"type": "Point", "coordinates": [119.515234081577, -4.87672909866385]}}, {"type": "Feature", "properties": {}, "geometry": {"type": "Point", "coordinates": [119.906001230169, -4.09519480147987]}}, {"type": "Feature", "properties": {}, "geometry": {"type": "Point", "coordinates": [119.521971446207, -4.95533168602431]}}, {"type": "Feature", "properties": {}, "geometry": {"type": "Point", "coordinates": [120.339438354756, -3.22382897588393]}}, {"type": "Feature", "properties": {}, "geometry": {"type": "Point", "coordinates": [119.479301470212, -3.74036026425266]}}, {"type": "Feature", "properties": {}, "geometry": {"type": "Point", "coordinates": [119.535446175469, -4.9732979917067]}}, {"type": "Feature", "properties": {}, "geometry": {"type": "Point", "coordinates": [119.557904057572, -4.65888764226487]}}, {"type": "Feature", "properties": {}, "geometry": {"type": "Point", "coordinates": [120.36638781328, -4.16032265957853]}}, {"type": "Feature", "properties": {}, "geometry": {"type": "Point", "coordinates": [119.530954599049, -3.81896285161312]}}, {"type": "Feature", "properties": {}, "geometry": {"type": "Point", "coordinates": [120.420286730327, -4.67460815973696]}}, {"type": "Feature", "properties": {}, "geometry": {"type": "Point", "coordinates": [120.29452259055, -4.30629889324796]}}, {"type": "Feature", "properties": {}, "geometry": {"type": "Point", "coordinates": [119.409682035693, -5.47860033902393]}}, {"type": "Feature", "properties": {}, "geometry": {"type": "Point", "coordinates": [120.21592000319, -4.25689155262138]}}, {"type": "Feature", "properties": {}, "geometry": {"type": "Point", "coordinates": [120.323717837284, -3.22607476409423]}}, {"type": "Feature", "properties": {}, "geometry": {"type": "Point", "coordinates": [119.553412481152, -4.68359131257816]}}, {"type": "Feature", "properties": {}, "geometry": {"type": "Point", "coordinates": [120.146300568671, -4.19400948273302]}}, {"type": "Feature", "properties": {}, "geometry": {"type": "Point", "coordinates": [119.980112241108, -4.16706002420943]}}, {"type": "Feature", "properties": {}, "geometry": {"type": "Point", "coordinates": [119.524217234418, -5.01372217949208]}}, {"type": "Feature", "properties": {}, "geometry": {"type": "Point", "coordinates": [120.424778306748, -3.69544450004668]}}, {"type": "Feature", "properties": {}, "geometry": {"type": "Point", "coordinates": [120.339438354756, -4.12439004821375]}}, {"type": "Feature", "properties": {}, "geometry": {"type": "Point", "coordinates": [120.263081555606, -4.31752783429945]}}, {"type": "Feature", "properties": {}, "geometry": {"type": "Point", "coordinates": [119.521971446207, -3.78976760487923]}}, {"type": "Feature", "properties": {}, "geometry": {"type": "Point", "coordinates": [119.486038834843, -3.76057235814535]}}, {"type": "Feature", "properties": {}, "geometry": {"type": "Point", "coordinates": [119.986849605739, -4.11316110716226]}}, {"type": "Feature", "properties": {}, "geometry": {"type": "Point", "coordinates": [119.53769196368, -4.90143276897714]}}, {"type": "Feature", "properties": {}, "geometry": {"type": "Point", "coordinates": [119.53993775189, -4.75321074709742]}}, {"type": "Feature", "properties": {}, "geometry": {"type": "Point", "coordinates": [120.299014166971, -5.49207506828572]}}, {"type": "Feature", "properties": {}, "geometry": {"type": "Point", "coordinates": [119.521971446207, -3.76730972277624]}}, {"type": "Feature", "properties": {}, "geometry": {"type": "Point", "coordinates": [119.99134118216, -4.12439004821375]}}, {"type": "Feature", "properties": {}, "geometry": {"type": "Point", "coordinates": [120.004815911422, -4.10866953074166]}}, {"type": "Feature", "properties": {}, "geometry": {"type": "Point", "coordinates": [119.519725657997, -4.83405912266818]}}, {"type": "Feature", "properties": {}, "geometry": {"type": "Point", "coordinates": [119.627523492092, -4.28608679935527]}}, {"type": "Feature", "properties": {}, "geometry": {"type": "Point", "coordinates": [120.391091483593, -3.77180129919684]}}, {"type": "Feature", "properties": {}, "geometry": {"type": "Point", "coordinates": [119.528708810838, -4.9665606270758]}}, {"type": "Feature", "properties": {}, "geometry": {"type": "Point", "coordinates": [120.391091483593, -3.30243156324439]}}, {"type": "Feature", "properties": {}, "geometry": {"type": "Point", "coordinates": [119.517479869787, -4.80710966414459]}}, {"type": "Feature", "properties": {}, "geometry": {"type": "Point", "coordinates": [119.501759352315, -4.99800166201999]}}, {"type": "Feature", "properties": {}, "geometry": {"type": "Point", "coordinates": [120.330455201915, -3.23281212872513]}}, {"type": "Feature", "properties": {}, "geometry": {"type": "Point", "coordinates": [119.980112241108, -4.17828896526092]}}, {"type": "Feature", "properties": {}, "geometry": {"type": "Point", "coordinates": [119.937442265113, -4.14011056568584]}}, {"type": "Feature", "properties": {}, "geometry": {"type": "Point", "coordinates": [119.546675116521, -3.79425918129983]}}, {"type": "Feature", "properties": {}, "geometry": {"type": "Point", "coordinates": [119.623031915671, -4.28159522293467]}}, {"type": "Feature", "properties": {}, "geometry": {"type": "Point", "coordinates": [119.937442265113, -4.11765268358286]}}, {"type": "Feature", "properties": {}, "geometry": {"type": "Point", "coordinates": [119.528708810838, -3.83917494550581]}}, {"type": "Feature", "properties": {}, "geometry": {"type": "Point", "coordinates": [119.39396151822, -5.43593036302826]}}, {"type": "Feature", "properties": {}, "geometry": {"type": "Point", "coordinates": [120.29003101413, -5.00923060307148]}}, {"type": "Feature", "properties": {}, "geometry": {"type": "Point", "coordinates": [120.436007247799, -3.73137711141146]}}, {"type": "Feature", "properties": {}, "geometry": {"type": "Point", "coordinates": [119.517479869787, -4.86774594582266]}}, {"type": "Feature", "properties": {}, "geometry": {"type": "Point", "coordinates": [119.551166692941, -3.86837019223969]}}, {"type": "Feature", "properties": {}, "geometry": {"type": "Point", "coordinates": [119.598328245358, -4.48147037365126]}}, {"type": "Feature", "properties": {}, "geometry": {"type": "Point", "coordinates": [119.598328245358, -4.24566261156989]}}, {"type": "Feature", "properties": {}, "geometry": {"type": "Point", "coordinates": [119.971129088267, -4.13112741284465]}}, {"type": "Feature", "properties": {}, "geometry": {"type": "Point", "coordinates": [120.573000328627, -2.66687349972983]}}, {"type": "Feature", "properties": {}, "geometry": {"type": "Point", "coordinates": [120.278802073078, -4.28159522293467]}}, {"type": "Feature", "properties": {}, "geometry": {"type": "Point", "coordinates": [119.459089376319, -3.68421555899519]}}, {"type": "Feature", "properties": {}, "geometry": {"type": "Point", "coordinates": [120.348421507597, -4.043541672643]}}, {"type": "Feature", "properties": {}, "geometry": {"type": "Point", "coordinates": [119.510742505156, -4.73299865320473]}}, {"type": "Feature", "properties": {}, "geometry": {"type": "Point", "coordinates": [120.339438354756, -4.15583108315794]}}, {"type": "Feature", "properties": {}, "geometry": {"type": "Point", "coordinates": [120.377616754331, -4.83181333445788]}}, {"type": "Feature", "properties": {}, "geometry": {"type": "Point", "coordinates": [119.984603817529, -4.15358529494764]}}, {"type": "Feature", "properties": {}, "geometry": {"type": "Point", "coordinates": [119.551166692941, -4.65888764226487]}}, {"type": "Feature", "properties": {}, "geometry": {"type": "Point", "coordinates": [119.548920904731, -4.93287380392132]}}, {"type": "Feature", "properties": {}, "geometry": {"type": "Point", "coordinates": [119.521971446207, -4.74647338246652]}}, {"type": "Feature", "properties": {}, "geometry": {"type": "Point", "coordinates": [119.986849605739, -4.09968637790047]}}, {"type": "Feature", "properties": {}, "geometry": {"type": "Point", "coordinates": [119.957654359005, -4.16930581241973]}}, {"type": "Feature", "properties": {}, "geometry": {"type": "Point", "coordinates": [119.526463022628, -4.70604919468114]}}, {"type": "Feature", "properties": {}, "geometry": {"type": "Point", "coordinates": [120.14405478046, -4.17379738884033]}}, {"type": "Feature", "properties": {}, "geometry": {"type": "Point", "coordinates": [119.982358029319, -4.09968637790047]}}, {"type": "Feature", "properties": {}, "geometry": {"type": "Point", "coordinates": [120.21592000319, -2.94984281422748]}}, {"type": "Feature", "properties": {}, "geometry": {"type": "Point", "coordinates": [119.998078546791, -4.12439004821375]}}, {"type": "Feature", "properties": {}, "geometry": {"type": "Point", "coordinates": [119.629769280302, -4.37142675134662]}}, {"type": "Feature", "properties": {}, "geometry": {"type": "Point", "coordinates": [120.009307487842, -4.11765268358286]}}, {"type": "Feature", "properties": {}, "geometry": {"type": "Point", "coordinates": [119.926213324061, -4.17828896526092]}}, {"type": "Feature", "properties": {}, "geometry": {"type": "Point", "coordinates": [120.424778306748, -3.72913132320116]}}, {"type": "Feature", "properties": {}, "geometry": {"type": "Point", "coordinates": [119.980112241108, -4.15583108315794]}}, {"type": "Feature", "properties": {}, "geometry": {"type": "Point", "coordinates": [119.504005140525, -5.02944269696417]}}, {"type": "Feature", "properties": {}, "geometry": {"type": "Point", "coordinates": [119.575870363255, -4.62969239553098]}}, {"type": "Feature", "properties": {}, "geometry": {"type": "Point", "coordinates": [120.166512662563, -4.216467364836]}}, {"type": "Feature", "properties": {}, "geometry": {"type": "Point", "coordinates": [119.966637511847, -4.12888162463435]}}, {"type": "Feature", "properties": {}, "geometry": {"type": "Point", "coordinates": [119.580361939675, -4.63867554837218]}}, {"type": "Feature", "properties": {}, "geometry": {"type": "Point", "coordinates": [119.98909539395, -4.16706002420943]}}, {"type": "Feature", "properties": {}, "geometry": {"type": "Point", "coordinates": [119.508496716946, -3.76057235814535]}}, {"type": "Feature", "properties": {}, "geometry": {"type": "Point", "coordinates": [120.346175719387, -4.37367253955692]}}, {"type": "Feature", "properties": {}, "geometry": {"type": "Point", "coordinates": [119.854348101332, -3.98065960275463]}}, {"type": "Feature", "properties": {}, "geometry": {"type": "Point", "coordinates": [119.454597799899, -5.52576189144021]}}, {"type": "Feature", "properties": {}, "geometry": {"type": "Point", "coordinates": [119.501759352315, -4.75545653530772]}}, {"type": "Feature", "properties": {}, "geometry": {"type": "Point", "coordinates": [120.373125177911, -4.30854468145826]}}, {"type": "Feature", "properties": {}, "geometry": {"type": "Point", "coordinates": [119.61404876283, -4.24566261156989]}}, {"type": "Feature", "properties": {}, "geometry": {"type": "Point", "coordinates": [120.339438354756, -3.88633649792208]}}, {"type": "Feature", "properties": {}, "geometry": {"type": "Point", "coordinates": [120.330455201915, -4.04578746085329]}}, {"type": "Feature", "properties": {}, "geometry": {"type": "Point", "coordinates": [119.504005140525, -3.652774524051]}}, {"type": "Feature", "properties": {}, "geometry": {"type": "Point", "coordinates": [119.571378786834, -4.91939907465953]}}, {"type": "Feature", "properties": {}, "geometry": {"type": "Point", "coordinates": [119.546675116521, -4.86325436940206]}}, {"type": "Feature", "properties": {}, "geometry": {"type": "Point", "coordinates": [119.481547258422, -3.63480821836861]}}, {"type": "Feature", "properties": {}, "geometry": {"type": "Point", "coordinates": [120.361896236859, -4.16706002420943]}}, {"type": "Feature", "properties": {}, "geometry": {"type": "Point", "coordinates": [120.343929931177, -4.13561898926525]}}, {"type": "Feature", "properties": {}, "geometry": {"type": "Point", "coordinates": [120.316980472653, -4.09968637790047]}}, {"type": "Feature", "properties": {}, "geometry": {"type": "Point", "coordinates": [119.580361939675, -3.97616802633403]}}, {"type": "Feature", "properties": {}, "geometry": {"type": "Point", "coordinates": [120.352913084018, -4.44104618586588]}}, {"type": "Feature", "properties": {}, "geometry": {"type": "Point", "coordinates": [119.517479869787, -4.73749022962533]}}, {"type": "Feature", "properties": {}, "geometry": {"type": "Point", "coordinates": [119.524217234418, -4.86325436940206]}}, {"type": "Feature", "properties": {}, "geometry": {"type": "Point", "coordinates": [119.955408570795, -4.17379738884033]}}, {"type": "Feature", "properties": {}, "geometry": {"type": "Point", "coordinates": [120.323717837284, -4.09070322505927]}}, {"type": "Feature", "properties": {}, "geometry": {"type": "Point", "coordinates": [119.382732577169, -5.43368457481796]}}, {"type": "Feature", "properties": {}, "geometry": {"type": "Point", "coordinates": [120.224903156031, -4.27036628188318]}}, {"type": "Feature", "properties": {}, "geometry": {"type": "Point", "coordinates": [119.521971446207, -4.83181333445788]}}, {"type": "Feature", "properties": {}, "geometry": {"type": "Point", "coordinates": [119.553412481152, -4.89020382792565]}}, {"type": "Feature", "properties": {}, "geometry": {"type": "Point", "coordinates": [120.393337271803, -3.33611838639887]}}, {"type": "Feature", "properties": {}, "geometry": {"type": "Point", "coordinates": [120.388845695383, -3.79201339308953]}}, {"type": "Feature", "properties": {}, "geometry": {"type": "Point", "coordinates": [120.391091483593, -3.75832656993505]}}, {"type": "Feature", "properties": {}, "geometry": {"type": "Point", "coordinates": [119.521971446207, -3.76955551098654]}}, {"type": "Feature", "properties": {}, "geometry": {"type": "Point", "coordinates": [120.350667295808, -4.14460214210644]}}, {"type": "Feature", "properties": {}, "geometry": {"type": "Point", "coordinates": [119.998078546791, -4.11091531895196]}}, {"type": "Feature", "properties": {}, "geometry": {"type": "Point", "coordinates": [120.146300568671, -4.18727211810212]}}, {"type": "Feature", "properties": {}, "geometry": {"type": "Point", "coordinates": [119.490530411263, -4.75994811172832]}}, {"type": "Feature", "properties": {}, "geometry": {"type": "Point", "coordinates": [119.454597799899, -3.71116501751877]}}, {"type": "Feature", "properties": {}, "geometry": {"type": "Point", "coordinates": [119.528708810838, -3.80099654593073]}}, {"type": "Feature", "properties": {}, "geometry": {"type": "Point", "coordinates": [119.591590880727, -4.90143276897714]}}, {"type": "Feature", "properties": {}, "geometry": {"type": "Point", "coordinates": [119.535446175469, -3.88409070971178]}}, {"type": "Feature", "properties": {}, "geometry": {"type": "Point", "coordinates": [119.573624575044, -4.62070924268979]}}, {"type": "Feature", "properties": {}, "geometry": {"type": "Point", "coordinates": [119.499513564105, -5.02495112054357]}}, {"type": "Feature", "properties": {}, "geometry": {"type": "Point", "coordinates": [119.627523492092, -4.29057837577586]}}, {"type": "Feature", "properties": {}, "geometry": {"type": "Point", "coordinates": [120.350667295808, -3.8436665219264]}}, {"type": "Feature", "properties": {}, "geometry": {"type": "Point", "coordinates": [119.977866452898, -4.14909371852704]}}, {"type": "Feature", "properties": {}, "geometry": {"type": "Point", "coordinates": [120.377616754331, -4.33549413998184]}}, {"type": "Feature", "properties": {}, "geometry": {"type": "Point", "coordinates": [120.384354118962, -3.79425918129983]}}, {"type": "Feature", "properties": {}, "geometry": {"type": "Point", "coordinates": [119.46807252916, -3.73362289962176]}}, {"type": "Feature", "properties": {}, "geometry": {"type": "Point", "coordinates": [119.968883300057, -4.17604317705063]}}, {"type": "Feature", "properties": {}, "geometry": {"type": "Point", "coordinates": [120.21592000319, -4.25015418799049]}}, {"type": "Feature", "properties": {}, "geometry": {"type": "Point", "coordinates": [119.629769280302, -4.30854468145826]}}, {"type": "Feature", "properties": {}, "geometry": {"type": "Point", "coordinates": [119.506250928735, -3.60561297163473]}}, {"type": "Feature", "properties": {}, "geometry": {"type": "Point", "coordinates": [119.497267775894, -4.7958807230931]}}, {"type": "Feature", "properties": {}, "geometry": {"type": "Point", "coordinates": [119.470318317371, -3.68870713541579]}}, {"type": "Feature", "properties": {}, "geometry": {"type": "Point", "coordinates": [119.632015068512, -5.26075888262495]}}, {"type": "Feature", "properties": {}, "geometry": {"type": "Point", "coordinates": [119.46358095274, -3.67298661794369]}}, {"type": "Feature", "properties": {}, "geometry": {"type": "Point", "coordinates": [120.128334262988, -4.17379738884033]}}, {"type": "Feature", "properties": {}, "geometry": {"type": "Point", "coordinates": [119.499513564105, -4.99351008559939]}}, {"type": "Feature", "properties": {}, "geometry": {"type": "Point", "coordinates": [120.334946778336, -4.09294901326957]}}, {"type": "Feature", "properties": {}, "geometry": {"type": "Point", "coordinates": [119.627523492092, -4.37591832776722]}}, {"type": "Feature", "properties": {}, "geometry": {"type": "Point", "coordinates": [119.46582674095, -5.09007897864224]}}, {"type": "Feature", "properties": {}, "geometry": {"type": "Point", "coordinates": [119.495021987684, -4.73524444141503]}}, {"type": "Feature", "properties": {}, "geometry": {"type": "Point", "coordinates": [120.406812001065, -3.60112139521413]}}, {"type": "Feature", "properties": {}, "geometry": {"type": "Point", "coordinates": [121.502756647691, -2.64890719404744]}}, {"type": "Feature", "properties": {}, "geometry": {"type": "Point", "coordinates": [119.560149845783, -5.60436447880067]}}, {"type": "Feature", "properties": {}, "geometry": {"type": "Point", "coordinates": [119.495021987684, -3.6684950415231]}}, {"type": "Feature", "properties": {}, "geometry": {"type": "Point", "coordinates": [119.571378786834, -4.91490749823893]}}, {"type": "Feature", "properties": {}, "geometry": {"type": "Point", "coordinates": [120.128334262988, -4.2232047294669]}}, {"type": "Feature", "properties": {}, "geometry": {"type": "Point", "coordinates": [119.533200387259, -4.76443968814891]}}, {"type": "Feature", "properties": {}, "geometry": {"type": "Point", "coordinates": [119.481547258422, -5.05863794369806]}}, {"type": "Feature", "properties": {}, "geometry": {"type": "Point", "coordinates": [120.436007247799, -4.63867554837218]}}, {"type": "Feature", "properties": {}, "geometry": {"type": "Point", "coordinates": [120.346175719387, -4.14235635389614]}}, {"type": "Feature", "properties": {}, "geometry": {"type": "Point", "coordinates": [119.533200387259, -4.70829498289144]}}, {"type": "Feature", "properties": {}, "geometry": {"type": "Point", "coordinates": [120.36863360149, -3.79425918129983]}}, {"type": "Feature", "properties": {}, "geometry": {"type": "Point", "coordinates": [120.305751531602, -4.28608679935527]}}, {"type": "Feature", "properties": {}, "geometry": {"type": "Point", "coordinates": [119.557904057572, -4.69482025362965]}}, {"type": "Feature", "properties": {}, "geometry": {"type": "Point", "coordinates": [119.551166692941, -4.89469540434624]}}, {"type": "Feature", "properties": {}, "geometry": {"type": "Point", "coordinates": [120.285539437709, -4.27710364651407]}}, {"type": "Feature", "properties": {}, "geometry": {"type": "Point", "coordinates": [120.29003101413, -4.27710364651407]}}, {"type": "Feature", "properties": {}, "geometry": {"type": "Point", "coordinates": [119.528708810838, -4.99800166201999]}}, {"type": "Feature", "properties": {}, "geometry": {"type": "Point", "coordinates": [120.386599907173, -4.72401550036353]}}, {"type": "Feature", "properties": {}, "geometry": {"type": "Point", "coordinates": [119.966637511847, -4.14011056568584]}}, {"type": "Feature", "properties": {}, "geometry": {"type": "Point", "coordinates": [119.54442932831, -4.71278655931204]}}, {"type": "Feature", "properties": {}, "geometry": {"type": "Point", "coordinates": [119.946425417954, -4.11091531895196]}}, {"type": "Feature", "properties": {}, "geometry": {"type": "Point", "coordinates": [120.404566212855, -3.76955551098654]}}, {"type": "Feature", "properties": {}, "geometry": {"type": "Point", "coordinates": [119.521971446207, -4.95084010960371]}}, {"type": "Feature", "properties": {}, "geometry": {"type": "Point", "coordinates": [119.530954599049, -4.73299865320473]}}, {"type": "Feature", "properties": {}, "geometry": {"type": "Point", "coordinates": [119.526463022628, -4.68359131257816]}}, {"type": "Feature", "properties": {}, "geometry": {"type": "Point", "coordinates": [119.584853516096, -4.52638613785724]}}, {"type": "Feature", "properties": {}, "geometry": {"type": "Point", "coordinates": [120.188970544666, -4.26587470546258]}}, {"type": "Feature", "properties": {}, "geometry": {"type": "Point", "coordinates": [120.305751531602, -3.19687951736035]}}, {"type": "Feature", "properties": {}, "geometry": {"type": "Point", "coordinates": [120.287785225919, -5.03618006159507]}}, {"type": "Feature", "properties": {}, "geometry": {"type": "Point", "coordinates": [120.251852614555, -4.29506995219646]}}, {"type": "Feature", "properties": {}, "geometry": {"type": "Point", "coordinates": [121.41966248391, -2.66462771151953]}}, {"type": "Feature", "properties": {}, "geometry": {"type": "Point", "coordinates": [119.53769196368, -3.8593870393985]}}, {"type": "Feature", "properties": {}, "geometry": {"type": "Point", "coordinates": [120.395583060014, -3.41696676196963]}}, {"type": "Feature", "properties": {}, "geometry": {"type": "Point", "coordinates": [120.377616754331, -3.78527602845863]}}, {"type": "Feature", "properties": {}, "geometry": {"type": "Point", "coordinates": [119.492776199474, -3.62133348910682]}}, {"type": "Feature", "properties": {}, "geometry": {"type": "Point", "coordinates": [120.283293649499, -3.18565057630885]}}, {"type": "Feature", "properties": {}, "geometry": {"type": "Point", "coordinates": [119.512988293366, -4.80037229951369]}}, {"type": "Feature", "properties": {}, "geometry": {"type": "Point", "coordinates": [119.553412481152, -4.90592434539774]}}, {"type": "Feature", "properties": {}, "geometry": {"type": "Point", "coordinates": [119.982358029319, -4.14235635389614]}}, {"type": "Feature", "properties": {}, "geometry": {"type": "Point", "coordinates": [119.452352011688, -5.52800767965051]}}, {"type": "Feature", "properties": {}, "geometry": {"type": "Point", "coordinates": [120.260835767396, -4.27934943472437]}}, {"type": "Feature", "properties": {}, "geometry": {"type": "Point", "coordinates": [119.546675116521, -4.96206905065521]}}, {"type": "Feature", "properties": {}, "geometry": {"type": "Point", "coordinates": [120.359650448649, -3.20586267020154]}}, {"type": "Feature", "properties": {}, "geometry": {"type": "Point", "coordinates": [120.330455201915, -4.36019781029513]}}, {"type": "Feature", "properties": {}, "geometry": {"type": "Point", "coordinates": [119.481547258422, -5.10579949611433]}}, {"type": "Feature", "properties": {}, "geometry": {"type": "Point", "coordinates": [119.504005140525, -5.00024745023029]}}, {"type": "Feature", "properties": {}, "geometry": {"type": "Point", "coordinates": [119.946425417954, -4.18278054168152]}}, {"type": "Feature", "properties": {}, "geometry": {"type": "Point", "coordinates": [120.321472049074, -3.19014215272945]}}, {"type": "Feature", "properties": {}, "geometry": {"type": "Point", "coordinates": [119.53993775189, -3.87510755687059]}}, {"type": "Feature", "properties": {}, "geometry": {"type": "Point", "coordinates": [120.429269883168, -3.69993607646728]}}, {"type": "Feature", "properties": {}, "geometry": {"type": "Point", "coordinates": [119.483793046632, -5.05639215548776]}}, {"type": "Feature", "properties": {}, "geometry": {"type": "Point", "coordinates": [119.504005140525, -5.02495112054357]}}, {"type": "Feature", "properties": {}, "geometry": {"type": "Point", "coordinates": [119.535446175469, -4.69931183005025]}}, {"type": "Feature", "properties": {}, "geometry": {"type": "Point", "coordinates": [119.61854033925, -4.35121465745393]}}, {"type": "Feature", "properties": {}, "geometry": {"type": "Point", "coordinates": [119.557904057572, -4.67909973615756]}}, {"type": "Feature", "properties": {}, "geometry": {"type": "Point", "coordinates": [119.995832758581, -4.17155160063003]}}, {"type": "Feature", "properties": {}, "geometry": {"type": "Point", "coordinates": [119.564641422203, -4.70604919468114]}}, {"type": "Feature", "properties": {}, "geometry": {"type": "Point", "coordinates": [120.22041157961, -4.2187131530463]}}, {"type": "Feature", "properties": {}, "geometry": {"type": "Point", "coordinates": [119.495021987684, -3.78078445203804]}}, {"type": "Feature", "properties": {}, "geometry": {"type": "Point", "coordinates": [120.3708793897, -3.44616200870351]}}, {"type": "Feature", "properties": {}, "geometry": {"type": "Point", "coordinates": [119.521971446207, -4.98901850917879]}}, {"type": "Feature", "properties": {}, "geometry": {"type": "Point", "coordinates": [119.506250928735, -5.02270533233327]}}, {"type": "Feature", "properties": {}, "geometry": {"type": "Point", "coordinates": [120.328209413705, -4.15583108315794]}}, {"type": "Feature", "properties": {}, "geometry": {"type": "Point", "coordinates": [119.488284623053, -4.75545653530772]}}, {"type": "Feature", "properties": {}, "geometry": {"type": "Point", "coordinates": [120.285539437709, -4.27036628188318]}}, {"type": "Feature", "properties": {}, "geometry": {"type": "Point", "coordinates": [119.555658269362, -4.90592434539774]}}, {"type": "Feature", "properties": {}, "geometry": {"type": "Point", "coordinates": [119.560149845783, -4.92613643929043]}}, {"type": "Feature", "properties": {}, "geometry": {"type": "Point", "coordinates": [119.524217234418, -3.57866351311114]}}, {"type": "Feature", "properties": {}, "geometry": {"type": "Point", "coordinates": [120.29227680234, -4.29731574040676]}}, {"type": "Feature", "properties": {}, "geometry": {"type": "Point", "coordinates": [120.267573132027, -4.28384101114497]}}, {"type": "Feature", "properties": {}, "geometry": {"type": "Point", "coordinates": [120.334946778336, -4.37367253955692]}}, {"type": "Feature", "properties": {}, "geometry": {"type": "Point", "coordinates": [120.22041157961, -5.49656664470632]}}, {"type": "Feature", "properties": {}, "geometry": {"type": "Point", "coordinates": [119.555658269362, -4.94859432139341]}}, {"type": "Feature", "properties": {}, "geometry": {"type": "Point", "coordinates": [119.600574033568, -4.89918698076684]}}, {"type": "Feature", "properties": {}, "geometry": {"type": "Point", "coordinates": [120.150792145091, -4.16256844778883]}}, {"type": "Feature", "properties": {}, "geometry": {"type": "Point", "coordinates": [119.526463022628, -4.71952392394294]}}, {"type": "Feature", "properties": {}, "geometry": {"type": "Point", "coordinates": [119.512988293366, -4.98452693275819]}}, {"type": "Feature", "properties": {}, "geometry": {"type": "Point", "coordinates": [119.971129088267, -4.13337320105495]}}, {"type": "Feature", "properties": {}, "geometry": {"type": "Point", "coordinates": [120.312488896233, -4.31303625787885]}}, {"type": "Feature", "properties": {}, "geometry": {"type": "Point", "coordinates": [120.346175719387, -3.20361688199124]}}, {"type": "Feature", "properties": {}, "geometry": {"type": "Point", "coordinates": [120.391091483593, -3.78303024024834]}}, {"type": "Feature", "properties": {}, "geometry": {"type": "Point", "coordinates": [120.388845695383, -3.27323631651051]}}, {"type": "Feature", "properties": {}, "geometry": {"type": "Point", "coordinates": [120.272064708447, -5.10355370790403]}}, {"type": "Feature", "properties": {}, "geometry": {"type": "Point", "coordinates": [119.5421835401, -4.67685394794726]}}, {"type": "Feature", "properties": {}, "geometry": {"type": "Point", "coordinates": [119.975620664688, -4.15807687136824]}}, {"type": "Feature", "properties": {}, "geometry": {"type": "Point", "coordinates": [119.486038834843, -3.72239395857027]}}, {"type": "Feature", "properties": {}, "geometry": {"type": "Point", "coordinates": [120.209182638559, -4.26138312904198]}}, {"type": "Feature", "properties": {}, "geometry": {"type": "Point", "coordinates": [119.578116151465, -4.62744660732069]}}, {"type": "Feature", "properties": {}, "geometry": {"type": "Point", "coordinates": [120.2181657914, -3.01047909590555]}}, {"type": "Feature", "properties": {}, "geometry": {"type": "Point", "coordinates": [119.553412481152, -4.92389065108013]}}, {"type": "Feature", "properties": {}, "geometry": {"type": "Point", "coordinates": [120.21592000319, -4.27710364651407]}}, {"type": "Feature", "properties": {}, "geometry": {"type": "Point", "coordinates": [119.977866452898, -4.12888162463435]}}, {"type": "Feature", "properties": {}, "geometry": {"type": "Point", "coordinates": [119.605065609989, -5.25402151799405]}}, {"type": "Feature", "properties": {}, "geometry": {"type": "Point", "coordinates": [120.287785225919, -4.30405310503766]}}, {"type": "Feature", "properties": {}, "geometry": {"type": "Point", "coordinates": [119.524217234418, -3.80773391056162]}}, {"type": "Feature", "properties": {}, "geometry": {"type": "Point", "coordinates": [120.431515671379, -3.74934341709385]}}, {"type": "Feature", "properties": {}, "geometry": {"type": "Point", "coordinates": [119.454597799899, -3.68196977078489]}}, {"type": "Feature", "properties": {}, "geometry": {"type": "Point", "coordinates": [120.21367421498, -2.94759702601718]}}, {"type": "Feature", "properties": {}, "geometry": {"type": "Point", "coordinates": [119.481547258422, -3.73586868783206]}}, {"type": "Feature", "properties": {}, "geometry": {"type": "Point", "coordinates": [119.935196476902, -4.16706002420943]}}, {"type": "Feature", "properties": {}, "geometry": {"type": "Point", "coordinates": [119.91498438301, -4.18278054168152]}}, {"type": "Feature", "properties": {}, "geometry": {"type": "Point", "coordinates": [119.551166692941, -4.85651700477116]}}, {"type": "Feature", "properties": {}, "geometry": {"type": "Point", "coordinates": [120.195707909297, -4.25913734083168]}}, {"type": "Feature", "properties": {}, "geometry": {"type": "Point", "coordinates": [120.420286730327, -3.75383499351445]}}, {"type": "Feature", "properties": {}, "geometry": {"type": "Point", "coordinates": [120.355158872228, -4.26362891725228]}}, {"type": "Feature", "properties": {}, "geometry": {"type": "Point", "coordinates": [120.395583060014, -3.34734732745037]}}, {"type": "Feature", "properties": {}, "geometry": {"type": "Point", "coordinates": [120.330455201915, -3.97841381454433]}}, {"type": "Feature", "properties": {}, "geometry": {"type": "Point", "coordinates": [119.941933841533, -4.13112741284465]}}, {"type": "Feature", "properties": {}, "geometry": {"type": "Point", "coordinates": [120.337192566546, -3.91328595644567]}}, {"type": "Feature", "properties": {}, "geometry": {"type": "Point", "coordinates": [120.29003101413, -4.30854468145826]}}, {"type": "Feature", "properties": {}, "geometry": {"type": "Point", "coordinates": [120.316980472653, -4.15133950673734]}}, {"type": "Feature", "properties": {}, "geometry": {"type": "Point", "coordinates": [120.195707909297, -4.2254505176772]}}, {"type": "Feature", "properties": {}, "geometry": {"type": "Point", "coordinates": [120.393337271803, -4.5982513605868]}}, {"type": "Feature", "properties": {}, "geometry": {"type": "Point", "coordinates": [120.418040942117, -3.74934341709385]}}, {"type": "Feature", "properties": {}, "geometry": {"type": "Point", "coordinates": [119.984603817529, -4.11765268358286]}}, {"type": "Feature", "properties": {}, "geometry": {"type": "Point", "coordinates": [120.276556284868, -4.30854468145826]}}, {"type": "Feature", "properties": {}, "geometry": {"type": "Point", "coordinates": [119.499513564105, -3.72239395857027]}}, {"type": "Feature", "properties": {}, "geometry": {"type": "Point", "coordinates": [120.377616754331, -4.31079046966855]}}, {"type": "Feature", "properties": {}, "geometry": {"type": "Point", "coordinates": [119.602819821778, -4.61846345447949]}}, {"type": "Feature", "properties": {}, "geometry": {"type": "Point", "coordinates": [119.573624575044, -4.92613643929043]}}, {"type": "Feature", "properties": {}, "geometry": {"type": "Point", "coordinates": [120.359650448649, -3.82794600445431]}}, {"type": "Feature", "properties": {}, "geometry": {"type": "Point", "coordinates": [119.571378786834, -4.61172608984859]}}, {"type": "Feature", "properties": {}, "geometry": {"type": "Point", "coordinates": [119.515234081577, -3.80099654593073]}}, {"type": "Feature", "properties": {}, "geometry": {"type": "Point", "coordinates": [119.946425417954, -4.14909371852704]}}, {"type": "Feature", "properties": {}, "geometry": {"type": "Point", "coordinates": [120.256344190975, -4.28384101114497]}}, {"type": "Feature", "properties": {}, "geometry": {"type": "Point", "coordinates": [119.939688053323, -4.13561898926525]}}, {"type": "Feature", "properties": {}, "geometry": {"type": "Point", "coordinates": [119.53993775189, -4.70380340647084]}}, {"type": "Feature", "properties": {}, "geometry": {"type": "Point", "coordinates": [120.321472049074, -3.19238794093975]}}, {"type": "Feature", "properties": {}, "geometry": {"type": "Point", "coordinates": [119.512988293366, -3.79425918129983]}}, {"type": "Feature", "properties": {}, "geometry": {"type": "Point", "coordinates": [120.29452259055, -2.89594389718031]}}, {"type": "Feature", "properties": {}, "geometry": {"type": "Point", "coordinates": [120.328209413705, -4.08396586042837]}}, {"type": "Feature", "properties": {}, "geometry": {"type": "Point", "coordinates": [119.998078546791, -4.17604317705063]}}, {"type": "Feature", "properties": {}, "geometry": {"type": "Point", "coordinates": [119.54442932831, -4.9710522034964]}}, {"type": "Feature", "properties": {}, "geometry": {"type": "Point", "coordinates": [119.959900147216, -4.13561898926525]}}, {"type": "Feature", "properties": {}, "geometry": {"type": "Point", "coordinates": [120.350667295808, -3.83468336908521]}}, {"type": "Feature", "properties": {}, "geometry": {"type": "Point", "coordinates": [120.285539437709, -5.05863794369806]}}, {"type": "Feature", "properties": {}, "geometry": {"type": "Point", "coordinates": [120.3708793897, -4.36468938671573]}}, {"type": "Feature", "properties": {}, "geometry": {"type": "Point", "coordinates": [120.29003101413, -4.91939907465953]}}, {"type": "Feature", "properties": {}, "geometry": {"type": "Point", "coordinates": [120.377616754331, -4.48820773828216]}}, {"type": "Feature", "properties": {}, "geometry": {"type": "Point", "coordinates": [119.504005140525, -3.64828294763041]}}, {"type": "Feature", "properties": {}, "geometry": {"type": "Point", "coordinates": [119.459089376319, -3.68196977078489]}}, {"type": "Feature", "properties": {}, "geometry": {"type": "Point", "coordinates": [119.548920904731, -4.95533168602431]}}, {"type": "Feature", "properties": {}, "geometry": {"type": "Point", "coordinates": [119.61629455104, -5.26300467083525]}}, {"type": "Feature", "properties": {}, "geometry": {"type": "Point", "coordinates": [119.555658269362, -4.86999173403296]}}, {"type": "Feature", "properties": {}, "geometry": {"type": "Point", "coordinates": [119.495021987684, -3.64379137120981]}}, {"type": "Feature", "properties": {}, "geometry": {"type": "Point", "coordinates": [119.506250928735, -5.02495112054357]}}, {"type": "Feature", "properties": {}, "geometry": {"type": "Point", "coordinates": [120.382108330752, -3.34734732745037]}}, {"type": "Feature", "properties": {}, "geometry": {"type": "Point", "coordinates": [120.384354118962, -3.4776030436477]}}, {"type": "Feature", "properties": {}, "geometry": {"type": "Point", "coordinates": [119.501759352315, -4.77117705277981]}}, {"type": "Feature", "properties": {}, "geometry": {"type": "Point", "coordinates": [119.488284623053, -5.06312952011865]}}, {"type": "Feature", "properties": {}, "geometry": {"type": "Point", "coordinates": [119.483793046632, -3.74036026425266]}}, {"type": "Feature", "properties": {}, "geometry": {"type": "Point", "coordinates": [119.54442932831, -4.95308589781401]}}, {"type": "Feature", "properties": {}, "geometry": {"type": "Point", "coordinates": [119.510742505156, -4.75545653530772]}}, {"type": "Feature", "properties": {}, "geometry": {"type": "Point", "coordinates": [119.53993775189, -4.9732979917067]}}, {"type": "Feature", "properties": {}, "geometry": {"type": "Point", "coordinates": [120.377616754331, -4.84079648729907]}}, {"type": "Feature", "properties": {}, "geometry": {"type": "Point", "coordinates": [119.515234081577, -3.59213824237294]}}, {"type": "Feature", "properties": {}, "geometry": {"type": "Point", "coordinates": [119.584853516096, -4.93287380392132]}}, {"type": "Feature", "properties": {}, "geometry": {"type": "Point", "coordinates": [119.948671206164, -4.2209589412566]}}, {"type": "Feature", "properties": {}, "geometry": {"type": "Point", "coordinates": [120.14405478046, -4.18951790631242]}}, {"type": "Feature", "properties": {}, "geometry": {"type": "Point", "coordinates": [119.959900147216, -4.14011056568584]}}, {"type": "Feature", "properties": {}, "geometry": {"type": "Point", "coordinates": [120.339438354756, -3.90879438002507]}}, {"type": "Feature", "properties": {}, "geometry": {"type": "Point", "coordinates": [119.512988293366, -4.7913891466725]}}, {"type": "Feature", "properties": {}, "geometry": {"type": "Point", "coordinates": [120.155283721512, -4.18053475347122]}}, {"type": "Feature", "properties": {}, "geometry": {"type": "Point", "coordinates": [120.240623673503, -4.28608679935527]}}, {"type": "Feature", "properties": {}, "geometry": {"type": "Point", "coordinates": [119.519725657997, -4.72850707678413]}}, {"type": "Feature", "properties": {}, "geometry": {"type": "Point", "coordinates": [119.528708810838, -4.84977964014027]}}, {"type": "Feature", "properties": {}, "geometry": {"type": "Point", "coordinates": [120.256344190975, -4.26138312904198]}}, {"type": "Feature", "properties": {}, "geometry": {"type": "Point", "coordinates": [119.54442932831, -5.02270533233327]}}, {"type": "Feature", "properties": {}, "geometry": {"type": "Point", "coordinates": [120.193462121087, -4.26587470546258]}}, {"type": "Feature", "properties": {}, "geometry": {"type": "Point", "coordinates": [119.492776199474, -5.11253686074523]}}, {"type": "Feature", "properties": {}, "geometry": {"type": "Point", "coordinates": [119.483793046632, -5.00923060307148]}}, {"type": "Feature", "properties": {}, "geometry": {"type": "Point", "coordinates": [119.584853516096, -3.99188854380612]}}, {"type": "Feature", "properties": {}, "geometry": {"type": "Point", "coordinates": [119.519725657997, -5.00698481486118]}}, {"type": "Feature", "properties": {}, "geometry": {"type": "Point", "coordinates": [119.548920904731, -4.68359131257816]}}, {"type": "Feature", "properties": {}, "geometry": {"type": "Point", "coordinates": [119.910492806589, -4.11540689537256]}}, {"type": "Feature", "properties": {}, "geometry": {"type": "Point", "coordinates": [120.44049882422, -6.17030310779596]}}, {"type": "Feature", "properties": {}, "geometry": {"type": "Point", "coordinates": [120.274310496658, -3.17666742346766]}}, {"type": "Feature", "properties": {}, "geometry": {"type": "Point", "coordinates": [119.481547258422, -4.99575587380969]}}, {"type": "Feature", "properties": {}, "geometry": {"type": "Point", "coordinates": [119.497267775894, -4.7824059938313]}}, {"type": "Feature", "properties": {}, "geometry": {"type": "Point", "coordinates": [120.422532518537, -4.66787079510606]}}, {"type": "Feature", "properties": {}, "geometry": {"type": "Point", "coordinates": [119.553412481152, -4.63867554837218]}}, {"type": "Feature", "properties": {}, "geometry": {"type": "Point", "coordinates": [119.506250928735, -4.80037229951369]}}, {"type": "Feature", "properties": {}, "geometry": {"type": "Point", "coordinates": [119.582607727886, -4.93736538034192]}}, {"type": "Feature", "properties": {}, "geometry": {"type": "Point", "coordinates": [119.584853516096, -4.89694119255654]}}, {"type": "Feature", "properties": {}, "geometry": {"type": "Point", "coordinates": [119.955408570795, -4.15583108315794]}}, {"type": "Feature", "properties": {}, "geometry": {"type": "Point", "coordinates": [119.977866452898, -4.12663583642405]}}, {"type": "Feature", "properties": {}, "geometry": {"type": "Point", "coordinates": [119.530954599049, -4.75994811172832]}}, {"type": "Feature", "properties": {}, "geometry": {"type": "Point", "coordinates": [120.265327343816, -4.29731574040676]}}, {"type": "Feature", "properties": {}, "geometry": {"type": "Point", "coordinates": [119.530954599049, -4.72626128857383]}}, {"type": "Feature", "properties": {}, "geometry": {"type": "Point", "coordinates": [120.332700990125, -3.98065960275463]}}, {"type": "Feature", "properties": {}, "geometry": {"type": "Point", "coordinates": [119.474809893791, -5.06088373190835]}}, {"type": "Feature", "properties": {}, "geometry": {"type": "Point", "coordinates": [119.504005140525, -4.780160205621]}}, {"type": "Feature", "properties": {}, "geometry": {"type": "Point", "coordinates": [120.272064708447, -4.28384101114497]}}, {"type": "Feature", "properties": {}, "geometry": {"type": "Point", "coordinates": [119.53993775189, -4.96206905065521]}}, {"type": "Feature", "properties": {}, "geometry": {"type": "Point", "coordinates": [120.391091483593, -3.31815208071648]}}, {"type": "Feature", "properties": {}, "geometry": {"type": "Point", "coordinates": [119.519725657997, -4.75321074709742]}}, {"type": "Feature", "properties": {}, "geometry": {"type": "Point", "coordinates": [119.504005140525, -4.7958807230931]}}, {"type": "Feature", "properties": {}, "geometry": {"type": "Point", "coordinates": [119.524217234418, -4.85427121656086]}}, {"type": "Feature", "properties": {}, "geometry": {"type": "Point", "coordinates": [119.53993775189, -3.88858228613238]}}, {"type": "Feature", "properties": {}, "geometry": {"type": "Point", "coordinates": [119.562395633993, -4.90592434539774]}}, {"type": "Feature", "properties": {}, "geometry": {"type": "Point", "coordinates": [120.305751531602, -4.30405310503766]}}, {"type": "Feature", "properties": {}, "geometry": {"type": "Point", "coordinates": [120.168758450774, -4.21197578841541]}}, {"type": "Feature", "properties": {}, "geometry": {"type": "Point", "coordinates": [119.506250928735, -3.78078445203804]}}, {"type": "Feature", "properties": {}, "geometry": {"type": "Point", "coordinates": [119.555658269362, -4.92389065108013]}}, {"type": "Feature", "properties": {}, "geometry": {"type": "Point", "coordinates": [119.499513564105, -3.63256243015832]}}, {"type": "Feature", "properties": {}, "geometry": {"type": "Point", "coordinates": [120.242869461713, -2.93861387317598]}}, {"type": "Feature", "properties": {}, "geometry": {"type": "Point", "coordinates": [120.355158872228, -4.26587470546258]}}, {"type": "Feature", "properties": {}, "geometry": {"type": "Point", "coordinates": [120.382108330752, -3.52476459606397]}}, {"type": "Feature", "properties": {}, "geometry": {"type": "Point", "coordinates": [120.373125177911, -3.24404106977662]}}, {"type": "Feature", "properties": {}, "geometry": {"type": "Point", "coordinates": [120.373125177911, -3.24628685798692]}}, {"type": "Feature", "properties": {}, "geometry": {"type": "Point", "coordinates": [120.245115249924, -4.25464576441108]}}, {"type": "Feature", "properties": {}, "geometry": {"type": "Point", "coordinates": [119.517479869787, -3.63256243015832]}}, {"type": "Feature", "properties": {}, "geometry": {"type": "Point", "coordinates": [119.551166692941, -4.88346646329475]}}, {"type": "Feature", "properties": {}, "geometry": {"type": "Point", "coordinates": [120.352913084018, -4.14235635389614]}}, {"type": "Feature", "properties": {}, "geometry": {"type": "Point", "coordinates": [120.323717837284, -4.15583108315794]}}, {"type": "Feature", "properties": {}, "geometry": {"type": "Point", "coordinates": [120.245115249924, -4.26587470546258]}}, {"type": "Feature", "properties": {}, "geometry": {"type": "Point", "coordinates": [120.332700990125, -3.94472699138985]}}, {"type": "Feature", "properties": {}, "geometry": {"type": "Point", "coordinates": [120.377616754331, -4.36019781029513]}}, {"type": "Feature", "properties": {}, "geometry": {"type": "Point", "coordinates": [120.267573132027, -3.17666742346766]}}, {"type": "Feature", "properties": {}, "geometry": {"type": "Point", "coordinates": [119.526463022628, -4.74647338246652]}}, {"type": "Feature", "properties": {}, "geometry": {"type": "Point", "coordinates": [119.459089376319, -3.71790238214967]}}, {"type": "Feature", "properties": {}, "geometry": {"type": "Point", "coordinates": [119.596082457147, -4.61846345447949]}}, {"type": "Feature", "properties": {}, "geometry": {"type": "Point", "coordinates": [120.361896236859, -3.22158318767363]}}, {"type": "Feature", "properties": {}, "geometry": {"type": "Point", "coordinates": [120.406812001065, -3.72014817035997]}}, {"type": "Feature", "properties": {}, "geometry": {"type": "Point", "coordinates": [120.388845695383, -4.5915139959559]}}, {"type": "Feature", "properties": {}, "geometry": {"type": "Point", "coordinates": [119.501759352315, -3.61010454805533]}}, {"type": "Feature", "properties": {}, "geometry": {"type": "Point", "coordinates": [119.474809893791, -5.06537530832895]}}, {"type": "Feature", "properties": {}, "geometry": {"type": "Point", "coordinates": [119.98909539395, -4.11316110716226]}}, {"type": "Feature", "properties": {}, "geometry": {"type": "Point", "coordinates": [119.504005140525, -3.75608078172475]}}, {"type": "Feature", "properties": {}, "geometry": {"type": "Point", "coordinates": [119.506250928735, -4.84528806371967]}}, {"type": "Feature", "properties": {}, "geometry": {"type": "Point", "coordinates": [120.361896236859, -3.21484582304274]}}, {"type": "Feature", "properties": {}, "geometry": {"type": "Point", "coordinates": [119.582607727886, -4.93287380392132]}}, {"type": "Feature", "properties": {}, "geometry": {"type": "Point", "coordinates": [120.359650448649, -4.29731574040676]}}, {"type": "Feature", "properties": {}, "geometry": {"type": "Point", "coordinates": [119.5421835401, -4.66562500689577]}}, {"type": "Feature", "properties": {}, "geometry": {"type": "Point", "coordinates": [119.528708810838, -3.78752181666893]}}, {"type": "Feature", "properties": {}, "geometry": {"type": "Point", "coordinates": [120.321472049074, -5.49881243291662]}}, {"type": "Feature", "properties": {}, "geometry": {"type": "Point", "coordinates": [119.939688053323, -4.20074684736391]}}, {"type": "Feature", "properties": {}, "geometry": {"type": "Point", "coordinates": [119.486038834843, -3.64603715942011]}}, {"type": "Feature", "properties": {}, "geometry": {"type": "Point", "coordinates": [119.555658269362, -4.86550015761236]}}, {"type": "Feature", "properties": {}, "geometry": {"type": "Point", "coordinates": [120.36414202507, -4.35570623387453]}}, {"type": "Feature", "properties": {}, "geometry": {"type": "Point", "coordinates": [120.548296658314, -2.68483980541222]}}, {"type": "Feature", "properties": {}, "geometry": {"type": "Point", "coordinates": [120.310243108022, -5.49432085649602]}}, {"type": "Feature", "properties": {}, "geometry": {"type": "Point", "coordinates": [119.510742505156, -4.85427121656086]}}, {"type": "Feature", "properties": {}, "geometry": {"type": "Point", "coordinates": [119.593836668937, -4.93961116855222]}}, {"type": "Feature", "properties": {}, "geometry": {"type": "Point", "coordinates": [120.272064708447, -4.29956152861706]}}, {"type": "Feature", "properties": {}, "geometry": {"type": "Point", "coordinates": [119.99358697037, -4.18951790631242]}}, {"type": "Feature", "properties": {}, "geometry": {"type": "Point", "coordinates": [119.526463022628, -3.86387861581909]}}, {"type": "Feature", "properties": {}, "geometry": {"type": "Point", "coordinates": [119.504005140525, -4.95757747423461]}}, {"type": "Feature", "properties": {}, "geometry": {"type": "Point", "coordinates": [119.937442265113, -4.13337320105495]}}, {"type": "Feature", "properties": {}, "geometry": {"type": "Point", "coordinates": [119.553412481152, -4.65215027763397]}}, {"type": "Feature", "properties": {}, "geometry": {"type": "Point", "coordinates": [120.281047861288, -5.10130791969373]}}, {"type": "Feature", "properties": {}, "geometry": {"type": "Point", "coordinates": [119.553412481152, -4.91266171002863]}}, {"type": "Feature", "properties": {}, "geometry": {"type": "Point", "coordinates": [119.948671206164, -4.18278054168152]}}, {"type": "Feature", "properties": {}, "geometry": {"type": "Point", "coordinates": [119.524217234418, -4.91266171002863]}}, {"type": "Feature", "properties": {}, "geometry": {"type": "Point", "coordinates": [119.524217234418, -4.92838222750072]}}, {"type": "Feature", "properties": {}, "geometry": {"type": "Point", "coordinates": [120.409057789276, -3.56743457205965]}}, {"type": "Feature", "properties": {}, "geometry": {"type": "Point", "coordinates": [119.524217234418, -3.59438403058324]}}, {"type": "Feature", "properties": {}, "geometry": {"type": "Point", "coordinates": [120.009307487842, -4.11316110716226]}}, {"type": "Feature", "properties": {}, "geometry": {"type": "Point", "coordinates": [120.386599907173, -3.78527602845863]}}, {"type": "Feature", "properties": {}, "geometry": {"type": "Point", "coordinates": [120.267573132027, -4.26587470546258]}}, {"type": "Feature", "properties": {}, "geometry": {"type": "Point", "coordinates": [120.276556284868, -4.31079046966855]}}, {"type": "Feature", "properties": {}, "geometry": {"type": "Point", "coordinates": [120.29227680234, -5.51902452680931]}}, {"type": "Feature", "properties": {}, "geometry": {"type": "Point", "coordinates": [120.325963625494, -4.12888162463435]}}, {"type": "Feature", "properties": {}, "geometry": {"type": "Point", "coordinates": [119.53769196368, -4.91041592181833]}}, {"type": "Feature", "properties": {}, "geometry": {"type": "Point", "coordinates": [119.562395633993, -4.76219389993861]}}, {"type": "Feature", "properties": {}, "geometry": {"type": "Point", "coordinates": [119.939688053323, -4.11765268358286]}}, {"type": "Feature", "properties": {}, "geometry": {"type": "Point", "coordinates": [120.2181657914, -4.27934943472437]}}, {"type": "Feature", "properties": {}, "geometry": {"type": "Point", "coordinates": [120.21592000319, -4.2232047294669]}}, {"type": "Feature", "properties": {}, "geometry": {"type": "Point", "coordinates": [119.598328245358, -4.57354769027351]}}, {"type": "Feature", "properties": {}, "geometry": {"type": "Point", "coordinates": [119.625277703881, -5.24952994157345]}}, {"type": "Feature", "properties": {}, "geometry": {"type": "Point", "coordinates": [120.373125177911, -4.35346044566423]}}, {"type": "Feature", "properties": {}, "geometry": {"type": "Point", "coordinates": [119.560149845783, -4.72850707678413]}}, {"type": "Feature", "properties": {}, "geometry": {"type": "Point", "coordinates": [119.975620664688, -4.17155160063003]}}, {"type": "Feature", "properties": {}, "geometry": {"type": "Point", "coordinates": [120.341684142967, -4.36019781029513]}}, {"type": "Feature", "properties": {}, "geometry": {"type": "Point", "coordinates": [120.283293649499, -4.30180731682736]}}, {"type": "Feature", "properties": {}, "geometry": {"type": "Point", "coordinates": [119.582607727886, -4.85876279298146]}}, {"type": "Feature", "properties": {}, "geometry": {"type": "Point", "coordinates": [120.393337271803, -3.77404708740714]}}, {"type": "Feature", "properties": {}, "geometry": {"type": "Point", "coordinates": [120.352913084018, -3.8593870393985]}}, {"type": "Feature", "properties": {}, "geometry": {"type": "Point", "coordinates": [119.555658269362, -4.68583710078845]}}, {"type": "Feature", "properties": {}, "geometry": {"type": "Point", "coordinates": [120.29227680234, -5.51453295038871]}}, {"type": "Feature", "properties": {}, "geometry": {"type": "Point", "coordinates": [119.535446175469, -5.02270533233327]}}, {"type": "Feature", "properties": {}, "geometry": {"type": "Point", "coordinates": [119.582607727886, -4.62520081911039]}}, {"type": "Feature", "properties": {}, "geometry": {"type": "Point", "coordinates": [119.560149845783, -4.73299865320473]}}, {"type": "Feature", "properties": {}, "geometry": {"type": "Point", "coordinates": [119.566887210413, -4.66337921868547]}}, {"type": "Feature", "properties": {}, "geometry": {"type": "Point", "coordinates": [119.53769196368, -4.9710522034964]}}, {"type": "Feature", "properties": {}, "geometry": {"type": "Point", "coordinates": [119.517479869787, -4.84304227550937]}}, {"type": "Feature", "properties": {}, "geometry": {"type": "Point", "coordinates": [120.245115249924, -2.94085966138628]}}, {"type": "Feature", "properties": {}, "geometry": {"type": "Point", "coordinates": [120.278802073078, -4.27710364651407]}}, {"type": "Feature", "properties": {}, "geometry": {"type": "Point", "coordinates": [119.533200387259, -3.80997969877192]}}, {"type": "Feature", "properties": {}, "geometry": {"type": "Point", "coordinates": [120.150792145091, -4.18053475347122]}}, {"type": "Feature", "properties": {}, "geometry": {"type": "Point", "coordinates": [119.524217234418, -5.00249323844059]}}, {"type": "Feature", "properties": {}, "geometry": {"type": "Point", "coordinates": [119.533200387259, -4.93287380392132]}}, {"type": "Feature", "properties": {}, "geometry": {"type": "Point", "coordinates": [119.627523492092, -5.25851309441465]}}, {"type": "Feature", "properties": {}, "geometry": {"type": "Point", "coordinates": [119.53769196368, -4.88571225150505]}}, {"type": "Feature", "properties": {}, "geometry": {"type": "Point", "coordinates": [119.84087337207, -5.65152603121694]}}, {"type": "Feature", "properties": {}, "geometry": {"type": "Point", "coordinates": [120.418040942117, -3.69319871183638]}}, {"type": "Feature", "properties": {}, "geometry": {"type": "Point", "coordinates": [119.512988293366, -3.76506393456594]}}, {"type": "Feature", "properties": {}, "geometry": {"type": "Point", "coordinates": [120.3708793897, -3.83019179266461]}}, {"type": "Feature", "properties": {}, "geometry": {"type": "Point", "coordinates": [119.533200387259, -4.95084010960371]}}, {"type": "Feature", "properties": {}, "geometry": {"type": "Point", "coordinates": [120.337192566546, -4.12888162463435]}}, {"type": "Feature", "properties": {}, "geometry": {"type": "Point", "coordinates": [120.406812001065, -3.76506393456594]}}, {"type": "Feature", "properties": {}, "geometry": {"type": "Point", "coordinates": [120.395583060014, -4.73524444141503]}}, {"type": "Feature", "properties": {}, "geometry": {"type": "Point", "coordinates": [119.557904057572, -4.69931183005025]}}, {"type": "Feature", "properties": {}, "geometry": {"type": "Point", "coordinates": [120.373125177911, -3.79875075772043]}}, {"type": "Feature", "properties": {}, "geometry": {"type": "Point", "coordinates": [120.393337271803, -4.72850707678413]}}, {"type": "Feature", "properties": {}, "geometry": {"type": "Point", "coordinates": [119.510742505156, -3.61235033626563]}}, {"type": "Feature", "properties": {}, "geometry": {"type": "Point", "coordinates": [119.445614647057, -5.11029107253493]}}, {"type": "Feature", "properties": {}, "geometry": {"type": "Point", "coordinates": [119.506250928735, -3.63929979478921]}}, {"type": "Feature", "properties": {}, "geometry": {"type": "Point", "coordinates": [120.14180899225, -4.16706002420943]}}, {"type": "Feature", "properties": {}, "geometry": {"type": "Point", "coordinates": [120.427024094958, -4.67011658331636]}}, {"type": "Feature", "properties": {}, "geometry": {"type": "Point", "coordinates": [119.483793046632, -5.05863794369806]}}, {"type": "Feature", "properties": {}, "geometry": {"type": "Point", "coordinates": [119.483793046632, -5.06312952011865]}}, {"type": "Feature", "properties": {}, "geometry": {"type": "Point", "coordinates": [119.501759352315, -4.77566862920041]}}, {"type": "Feature", "properties": {}, "geometry": {"type": "Point", "coordinates": [119.53769196368, -3.80773391056162]}}, {"type": "Feature", "properties": {}, "geometry": {"type": "Point", "coordinates": [119.528708810838, -4.76219389993861]}}, {"type": "Feature", "properties": {}, "geometry": {"type": "Point", "coordinates": [120.321472049074, -4.13561898926525]}}, {"type": "Feature", "properties": {}, "geometry": {"type": "Point", "coordinates": [120.348421507597, -3.8548954629779]}}, {"type": "Feature", "properties": {}, "geometry": {"type": "Point", "coordinates": [120.427024094958, -2.81958709803015]}}, {"type": "Feature", "properties": {}, "geometry": {"type": "Point", "coordinates": [120.202445273928, -4.27036628188318]}}, {"type": "Feature", "properties": {}, "geometry": {"type": "Point", "coordinates": [119.504005140525, -4.76893126456951]}}, {"type": "Feature", "properties": {}, "geometry": {"type": "Point", "coordinates": [119.995832758581, -4.09968637790047]}}, {"type": "Feature", "properties": {}, "geometry": {"type": "Point", "coordinates": [119.553412481152, -4.9710522034964]}}, {"type": "Feature", "properties": {}, "geometry": {"type": "Point", "coordinates": [119.605065609989, -4.42981724481439]}}, {"type": "Feature", "properties": {}, "geometry": {"type": "Point", "coordinates": [119.602819821778, -4.90367855718744]}}, {"type": "Feature", "properties": {}, "geometry": {"type": "Point", "coordinates": [120.409057789276, -4.62070924268979]}}, {"type": "Feature", "properties": {}, "geometry": {"type": "Point", "coordinates": [119.479301470212, -5.01147639128178]}}, {"type": "Feature", "properties": {}, "geometry": {"type": "Point", "coordinates": [119.535446175469, -4.67909973615756]}}, {"type": "Feature", "properties": {}, "geometry": {"type": "Point", "coordinates": [120.287785225919, -4.30629889324796]}}, {"type": "Feature", "properties": {}, "geometry": {"type": "Point", "coordinates": [119.504005140525, -5.02270533233327]}}, {"type": "Feature", "properties": {}, "geometry": {"type": "Point", "coordinates": [120.375370966121, -3.479848831858]}}, {"type": "Feature", "properties": {}, "geometry": {"type": "Point", "coordinates": [119.521971446207, -3.83468336908521]}}, {"type": "Feature", "properties": {}, "geometry": {"type": "Point", "coordinates": [119.528708810838, -3.86837019223969]}}, {"type": "Feature", "properties": {}, "geometry": {"type": "Point", "coordinates": [119.497267775894, -4.99800166201999]}}, {"type": "Feature", "properties": {}, "geometry": {"type": "Point", "coordinates": [120.146300568671, -4.18053475347122]}}, {"type": "Feature", "properties": {}, "geometry": {"type": "Point", "coordinates": [119.596082457147, -4.4163425155526]}}, {"type": "Feature", "properties": {}, "geometry": {"type": "Point", "coordinates": [119.54442932831, -4.68134552436786]}}, {"type": "Feature", "properties": {}, "geometry": {"type": "Point", "coordinates": [120.323717837284, -3.97841381454433]}}, {"type": "Feature", "properties": {}, "geometry": {"type": "Point", "coordinates": [120.337192566546, -4.36468938671573]}}, {"type": "Feature", "properties": {}, "geometry": {"type": "Point", "coordinates": [120.328209413705, -4.35570623387453]}}, {"type": "Feature", "properties": {}, "geometry": {"type": "Point", "coordinates": [120.350667295808, -4.35570623387453]}}, {"type": "Feature", "properties": {}, "geometry": {"type": "Point", "coordinates": [120.352913084018, -3.87061598044999]}}, {"type": "Feature", "properties": {}, "geometry": {"type": "Point", "coordinates": [120.343929931177, -3.88184492150148]}}, {"type": "Feature", "properties": {}, "geometry": {"type": "Point", "coordinates": [119.584853516096, -4.85876279298146]}}, {"type": "Feature", "properties": {}, "geometry": {"type": "Point", "coordinates": [119.515234081577, -4.75321074709742]}}, {"type": "Feature", "properties": {}, "geometry": {"type": "Point", "coordinates": [119.84311916028, -3.97616802633403]}}, {"type": "Feature", "properties": {}, "geometry": {"type": "Point", "coordinates": [119.573624575044, -4.88122067508445]}}, {"type": "Feature", "properties": {}, "geometry": {"type": "Point", "coordinates": [120.348421507597, -4.35346044566423]}}, {"type": "Feature", "properties": {}, "geometry": {"type": "Point", "coordinates": [119.495021987684, -3.62582506552742]}}, {"type": "Feature", "properties": {}, "geometry": {"type": "Point", "coordinates": [120.321472049074, -4.11765268358286]}}, {"type": "Feature", "properties": {}, "geometry": {"type": "Point", "coordinates": [120.328209413705, -3.94472699138985]}}, {"type": "Feature", "properties": {}, "geometry": {"type": "Point", "coordinates": [119.510742505156, -5.01147639128178]}}, {"type": "Feature", "properties": {}, "geometry": {"type": "Point", "coordinates": [119.61854033925, -5.24952994157345]}}, {"type": "Feature", "properties": {}, "geometry": {"type": "Point", "coordinates": [120.195707909297, -2.95882596706867]}}, {"type": "Feature", "properties": {}, "geometry": {"type": "Point", "coordinates": [120.36414202507, -4.17604317705063]}}, {"type": "Feature", "properties": {}, "geometry": {"type": "Point", "coordinates": [119.935196476902, -4.15133950673734]}}, {"type": "Feature", "properties": {}, "geometry": {"type": "Point", "coordinates": [120.312488896233, -4.34672308103333]}}, {"type": "Feature", "properties": {}, "geometry": {"type": "Point", "coordinates": [120.334946778336, -4.83630491087847]}}, {"type": "Feature", "properties": {}, "geometry": {"type": "Point", "coordinates": [120.249606826344, -4.24117103514929]}}, {"type": "Feature", "properties": {}, "geometry": {"type": "Point", "coordinates": [120.361896236859, -4.36019781029513]}}, {"type": "Feature", "properties": {}, "geometry": {"type": "Point", "coordinates": [119.528708810838, -4.71727813573264]}}, {"type": "Feature", "properties": {}, "geometry": {"type": "Point", "coordinates": [119.519725657997, -4.81384702877549]}}, {"type": "Feature", "properties": {}, "geometry": {"type": "Point", "coordinates": [119.54442932831, -3.89082807434268]}}, {"type": "Feature", "properties": {}, "geometry": {"type": "Point", "coordinates": [119.481547258422, -5.00473902665088]}}, {"type": "Feature", "properties": {}, "geometry": {"type": "Point", "coordinates": [120.566262963996, -2.68933138183282]}}, {"type": "Feature", "properties": {}, "geometry": {"type": "Point", "coordinates": [119.596082457147, -4.57803926669411]}}, {"type": "Feature", "properties": {}, "geometry": {"type": "Point", "coordinates": [119.607311398199, -5.24503836515286]}}, {"type": "Feature", "properties": {}, "geometry": {"type": "Point", "coordinates": [119.533200387259, -4.73749022962533]}}, {"type": "Feature", "properties": {}, "geometry": {"type": "Point", "coordinates": [120.350667295808, -3.23730370514573]}}, {"type": "Feature", "properties": {}, "geometry": {"type": "Point", "coordinates": [119.5421835401, -4.71278655931204]}}, {"type": "Feature", "properties": {}, "geometry": {"type": "Point", "coordinates": [119.847610736701, -3.97167644991343]}}, {"type": "Feature", "properties": {}, "geometry": {"type": "Point", "coordinates": [119.546675116521, -4.86100858119176]}}, {"type": "Feature", "properties": {}, "geometry": {"type": "Point", "coordinates": [120.332700990125, -4.83855069908877]}}, {"type": "Feature", "properties": {}, "geometry": {"type": "Point", "coordinates": [119.488284623053, -3.73811447604236]}}, {"type": "Feature", "properties": {}, "geometry": {"type": "Point", "coordinates": [120.296768378761, -5.01147639128178]}}, {"type": "Feature", "properties": {}, "geometry": {"type": "Point", "coordinates": [119.508496716946, -5.00698481486118]}}, {"type": "Feature", "properties": {}, "geometry": {"type": "Point", "coordinates": [119.53993775189, -5.03618006159507]}}, {"type": "Feature", "properties": {}, "geometry": {"type": "Point", "coordinates": [119.46807252916, -5.08558740222164]}}, {"type": "Feature", "properties": {}, "geometry": {"type": "Point", "coordinates": [119.555658269362, -4.69482025362965]}}, {"type": "Feature", "properties": {}, "geometry": {"type": "Point", "coordinates": [120.332700990125, -3.95820172065164]}}, {"type": "Feature", "properties": {}, "geometry": {"type": "Point", "coordinates": [119.497267775894, -4.75096495888712]}}, {"type": "Feature", "properties": {}, "geometry": {"type": "Point", "coordinates": [120.222657367821, -4.27710364651407]}}, {"type": "Feature", "properties": {}, "geometry": {"type": "Point", "coordinates": [119.535446175469, -4.84977964014027]}}, {"type": "Feature", "properties": {}, "geometry": {"type": "Point", "coordinates": [120.272064708447, -4.30629889324796]}}, {"type": "Feature", "properties": {}, "geometry": {"type": "Point", "coordinates": [119.528708810838, -4.92613643929043]}}, {"type": "Feature", "properties": {}, "geometry": {"type": "Point", "coordinates": [119.930704900482, -4.18502632989182]}}, {"type": "Feature", "properties": {}, "geometry": {"type": "Point", "coordinates": [119.495021987684, -5.02495112054357]}}, {"type": "Feature", "properties": {}, "geometry": {"type": "Point", "coordinates": [119.488284623053, -4.74647338246652]}}, {"type": "Feature", "properties": {}, "geometry": {"type": "Point", "coordinates": [119.512988293366, -3.81222548698222]}}, {"type": "Feature", "properties": {}, "geometry": {"type": "Point", "coordinates": [119.562395633993, -4.66337921868547]}}, {"type": "Feature", "properties": {}, "geometry": {"type": "Point", "coordinates": [119.596082457147, -4.91041592181833]}}, {"type": "Feature", "properties": {}, "geometry": {"type": "Point", "coordinates": [120.209182638559, -4.2232047294669]}}, {"type": "Feature", "properties": {}, "geometry": {"type": "Point", "coordinates": [120.384354118962, -3.78527602845863]}}, {"type": "Feature", "properties": {}, "geometry": {"type": "Point", "coordinates": [120.332700990125, -4.16930581241973]}}, {"type": "Feature", "properties": {}, "geometry": {"type": "Point", "coordinates": [119.524217234418, -4.92389065108013]}}, {"type": "Feature", "properties": {}, "geometry": {"type": "Point", "coordinates": [120.299014166971, -4.88795803971535]}}, {"type": "Feature", "properties": {}, "geometry": {"type": "Point", "coordinates": [119.510742505156, -4.82283018161668]}}, {"type": "Feature", "properties": {}, "geometry": {"type": "Point", "coordinates": [120.3708793897, -3.83692915729551]}}, {"type": "Feature", "properties": {}, "geometry": {"type": "Point", "coordinates": [119.948671206164, -4.16706002420943]}}, {"type": "Feature", "properties": {}, "geometry": {"type": "Point", "coordinates": [119.46582674095, -3.73137711141146]}}, {"type": "Feature", "properties": {}, "geometry": {"type": "Point", "coordinates": [119.524217234418, -4.91041592181833]}}, {"type": "Feature", "properties": {}, "geometry": {"type": "Point", "coordinates": [120.375370966121, -4.34447729282304]}}, {"type": "Feature", "properties": {}, "geometry": {"type": "Point", "coordinates": [120.301259955181, -4.29731574040676]}}, {"type": "Feature", "properties": {}, "geometry": {"type": "Point", "coordinates": [119.571378786834, -4.89469540434624]}}, {"type": "Feature", "properties": {}, "geometry": {"type": "Point", "coordinates": [120.409057789276, -3.76955551098654]}}, {"type": "Feature", "properties": {}, "geometry": {"type": "Point", "coordinates": [119.499513564105, -3.62582506552742]}}, {"type": "Feature", "properties": {}, "geometry": {"type": "Point", "coordinates": [119.555658269362, -4.98452693275819]}}, {"type": "Feature", "properties": {}, "geometry": {"type": "Point", "coordinates": [120.276556284868, -5.06312952011865]}}, {"type": "Feature", "properties": {}, "geometry": {"type": "Point", "coordinates": [119.912738594799, -4.17379738884033]}}, {"type": "Feature", "properties": {}, "geometry": {"type": "Point", "coordinates": [120.186724756456, -4.21197578841541]}}, {"type": "Feature", "properties": {}, "geometry": {"type": "Point", "coordinates": [119.515234081577, -3.82120863982342]}}, {"type": "Feature", "properties": {}, "geometry": {"type": "Point", "coordinates": [120.343929931177, -3.87510755687059]}}, {"type": "Feature", "properties": {}, "geometry": {"type": "Point", "coordinates": [120.375370966121, -4.33773992819214]}}, {"type": "Feature", "properties": {}, "geometry": {"type": "Point", "coordinates": [119.54442932831, -3.87061598044999]}}, {"type": "Feature", "properties": {}, "geometry": {"type": "Point", "coordinates": [119.53993775189, -3.82570021624401]}}, {"type": "Feature", "properties": {}, "geometry": {"type": "Point", "coordinates": [120.193462121087, -4.20748421199481]}}, {"type": "Feature", "properties": {}, "geometry": {"type": "Point", "coordinates": [119.553412481152, -4.69257446541935]}}, {"type": "Feature", "properties": {}, "geometry": {"type": "Point", "coordinates": [119.569132998624, -4.89469540434624]}}, {"type": "Feature", "properties": {}, "geometry": {"type": "Point", "coordinates": [120.391091483593, -4.71278655931204]}}, {"type": "Feature", "properties": {}, "geometry": {"type": "Point", "coordinates": [120.002570123211, -4.10642374253136]}}, {"type": "Feature", "properties": {}, "geometry": {"type": "Point", "coordinates": [119.953162782585, -4.16706002420943]}}, {"type": "Feature", "properties": {}, "geometry": {"type": "Point", "coordinates": [119.506250928735, -4.80486387593429]}}, {"type": "Feature", "properties": {}, "geometry": {"type": "Point", "coordinates": [120.36638781328, -4.34672308103333]}}, {"type": "Feature", "properties": {}, "geometry": {"type": "Point", "coordinates": [119.510742505156, -3.77180129919684]}}, {"type": "Feature", "properties": {}, "geometry": {"type": "Point", "coordinates": [119.957654359005, -4.17604317705063]}}, {"type": "Feature", "properties": {}, "geometry": {"type": "Point", "coordinates": [120.388845695383, -3.36082205671216]}}, {"type": "Feature", "properties": {}, "geometry": {"type": "Point", "coordinates": [119.512988293366, -3.75158920530415]}}, {"type": "Feature", "properties": {}, "geometry": {"type": "Point", "coordinates": [119.53769196368, -4.90592434539774]}}, {"type": "Feature", "properties": {}, "geometry": {"type": "Point", "coordinates": [119.966637511847, -4.17155160063003]}}, {"type": "Feature", "properties": {}, "geometry": {"type": "Point", "coordinates": [119.481547258422, -3.65052873584071]}}, {"type": "Feature", "properties": {}, "geometry": {"type": "Point", "coordinates": [120.379862542542, -3.4663741025962]}}, {"type": "Feature", "properties": {}, "geometry": {"type": "Point", "coordinates": [119.530954599049, -4.72176971215324]}}, {"type": "Feature", "properties": {}, "geometry": {"type": "Point", "coordinates": [119.982358029319, -4.16706002420943]}}, {"type": "Feature", "properties": {}, "geometry": {"type": "Point", "coordinates": [120.36863360149, -3.82120863982342]}}, {"type": "Feature", "properties": {}, "geometry": {"type": "Point", "coordinates": [119.517479869787, -4.74647338246652]}}, {"type": "Feature", "properties": {}, "geometry": {"type": "Point", "coordinates": [119.910492806589, -4.18951790631242]}}, {"type": "Feature", "properties": {}, "geometry": {"type": "Point", "coordinates": [120.341684142967, -4.14011056568584]}}, {"type": "Feature", "properties": {}, "geometry": {"type": "Point", "coordinates": [120.204691062138, -4.26362891725228]}}, {"type": "Feature", "properties": {}, "geometry": {"type": "Point", "coordinates": [119.504005140525, -5.00923060307148]}}, {"type": "Feature", "properties": {}, "geometry": {"type": "Point", "coordinates": [119.53769196368, -4.91490749823893]}}, {"type": "Feature", "properties": {}, "geometry": {"type": "Point", "coordinates": [119.596082457147, -4.89694119255654]}}, {"type": "Feature", "properties": {}, "geometry": {"type": "Point", "coordinates": [119.515234081577, -5.55271134996379]}}, {"type": "Feature", "properties": {}, "geometry": {"type": "Point", "coordinates": [119.948671206164, -4.11316110716226]}}, {"type": "Feature", "properties": {}, "geometry": {"type": "Point", "coordinates": [120.325963625494, -3.94697277960015]}}, {"type": "Feature", "properties": {}, "geometry": {"type": "Point", "coordinates": [119.524217234418, -4.90592434539774]}}, {"type": "Feature", "properties": {}, "geometry": {"type": "Point", "coordinates": [120.260835767396, -4.30405310503766]}}, {"type": "Feature", "properties": {}, "geometry": {"type": "Point", "coordinates": [119.521971446207, -3.78752181666893]}}, {"type": "Feature", "properties": {}, "geometry": {"type": "Point", "coordinates": [120.348421507597, -2.85776549760523]}}, {"type": "Feature", "properties": {}, "geometry": {"type": "Point", "coordinates": [119.46807252916, -3.68196977078489]}}, {"type": "Feature", "properties": {}, "geometry": {"type": "Point", "coordinates": [120.346175719387, -3.8459123101367]}}, {"type": "Feature", "properties": {}, "geometry": {"type": "Point", "coordinates": [120.343929931177, -3.97167644991343]}}, {"type": "Feature", "properties": {}, "geometry": {"type": "Point", "coordinates": [120.339438354756, -4.38040990418782]}}, {"type": "Feature", "properties": {}, "geometry": {"type": "Point", "coordinates": [120.384354118962, -3.77404708740714]}}, {"type": "Feature", "properties": {}, "geometry": {"type": "Point", "coordinates": [119.481547258422, -5.03393427338477]}}, {"type": "Feature", "properties": {}, "geometry": {"type": "Point", "coordinates": [119.548920904731, -5.04067163801566]}}, {"type": "Feature", "properties": {}, "geometry": {"type": "Point", "coordinates": [119.510742505156, -3.62357927731712]}}, {"type": "Feature", "properties": {}, "geometry": {"type": "Point", "coordinates": [119.53993775189, -3.78976760487923]}}, {"type": "Feature", "properties": {}, "geometry": {"type": "Point", "coordinates": [120.332700990125, -4.14235635389614]}}, {"type": "Feature", "properties": {}, "geometry": {"type": "Point", "coordinates": [119.578116151465, -4.63418397195158]}}, {"type": "Feature", "properties": {}, "geometry": {"type": "Point", "coordinates": [120.341684142967, -3.86612440402939]}}, {"type": "Feature", "properties": {}, "geometry": {"type": "Point", "coordinates": [119.584853516096, -4.5915139959559]}}, {"type": "Feature", "properties": {}, "geometry": {"type": "Point", "coordinates": [120.373125177911, -4.80710966414459]}}, {"type": "Feature", "properties": {}, "geometry": {"type": "Point", "coordinates": [119.515234081577, -4.86100858119176]}}, {"type": "Feature", "properties": {}, "geometry": {"type": "Point", "coordinates": [120.375370966121, -3.21260003483244]}}, {"type": "Feature", "properties": {}, "geometry": {"type": "Point", "coordinates": [119.98909539395, -4.14235635389614]}}, {"type": "Feature", "properties": {}, "geometry": {"type": "Point", "coordinates": [119.535446175469, -4.99351008559939]}}, {"type": "Feature", "properties": {}, "geometry": {"type": "Point", "coordinates": [119.973374876478, -4.11316110716226]}}, {"type": "Feature", "properties": {}, "geometry": {"type": "Point", "coordinates": [119.953162782585, -4.09519480147987]}}, {"type": "Feature", "properties": {}, "geometry": {"type": "Point", "coordinates": [119.546675116521, -4.75545653530772]}}, {"type": "Feature", "properties": {}, "geometry": {"type": "Point", "coordinates": [119.519725657997, -3.62133348910682]}}, {"type": "Feature", "properties": {}, "geometry": {"type": "Point", "coordinates": [120.272064708447, -4.27261207009347]}}, {"type": "Feature", "properties": {}, "geometry": {"type": "Point", "coordinates": [120.557279811155, -2.68933138183282]}}, {"type": "Feature", "properties": {}, "geometry": {"type": "Point", "coordinates": [120.296768378761, -4.89020382792565]}}, {"type": "Feature", "properties": {}, "geometry": {"type": "Point", "coordinates": [119.932950688692, -4.14909371852704]}}, {"type": "Feature", "properties": {}, "geometry": {"type": "Point", "coordinates": [120.379862542542, -3.33387259818857]}}, {"type": "Feature", "properties": {}, "geometry": {"type": "Point", "coordinates": [120.413549365696, -4.62969239553098]}}, {"type": "Feature", "properties": {}, "geometry": {"type": "Point", "coordinates": [120.227148944241, -4.28833258756557]}}, {"type": "Feature", "properties": {}, "geometry": {"type": "Point", "coordinates": [120.36414202507, -4.31528204608915]}}, {"type": "Feature", "properties": {}, "geometry": {"type": "Point", "coordinates": [120.36863360149, -4.32201941072005]}}, {"type": "Feature", "properties": {}, "geometry": {"type": "Point", "coordinates": [120.384354118962, -3.80997969877192]}}, {"type": "Feature", "properties": {}, "geometry": {"type": "Point", "coordinates": [119.984603817529, -4.16256844778883]}}, {"type": "Feature", "properties": {}, "geometry": {"type": "Point", "coordinates": [119.629769280302, -4.28159522293467]}}, {"type": "Feature", "properties": {}, "geometry": {"type": "Point", "coordinates": [119.984603817529, -4.15583108315794]}}, {"type": "Feature", "properties": {}, "geometry": {"type": "Point", "coordinates": [120.29452259055, -4.27485785830377]}}, {"type": "Feature", "properties": {}, "geometry": {"type": "Point", "coordinates": [120.323717837284, -3.19014215272945]}}, {"type": "Feature", "properties": {}, "geometry": {"type": "Point", "coordinates": [120.249606826344, -2.93187650854509]}}, {"type": "Feature", "properties": {}, "geometry": {"type": "Point", "coordinates": [120.339438354756, -2.86899443865672]}}, {"type": "Feature", "properties": {}, "geometry": {"type": "Point", "coordinates": [120.420286730327, -3.69544450004668]}}, {"type": "Feature", "properties": {}, "geometry": {"type": "Point", "coordinates": [119.497267775894, -5.02719690875387]}}, {"type": "Feature", "properties": {}, "geometry": {"type": "Point", "coordinates": [120.384354118962, -3.32264365713708]}}, {"type": "Feature", "properties": {}, "geometry": {"type": "Point", "coordinates": [120.06994376952, -4.15583108315794]}}, {"type": "Feature", "properties": {}, "geometry": {"type": "Point", "coordinates": [119.504005140525, -5.01372217949208]}}, {"type": "Feature", "properties": {}, "geometry": {"type": "Point", "coordinates": [120.406812001065, -4.61621766626919]}}, {"type": "Feature", "properties": {}, "geometry": {"type": "Point", "coordinates": [119.548920904731, -5.03393427338477]}}, {"type": "Feature", "properties": {}, "geometry": {"type": "Point", "coordinates": [120.173250027194, -4.18053475347122]}}, {"type": "Feature", "properties": {}, "geometry": {"type": "Point", "coordinates": [120.328209413705, -4.12214426000345]}}, {"type": "Feature", "properties": {}, "geometry": {"type": "Point", "coordinates": [120.159775297932, -4.216467364836]}}, {"type": "Feature", "properties": {}, "geometry": {"type": "Point", "coordinates": [120.391091483593, -3.76057235814535]}}, {"type": "Feature", "properties": {}, "geometry": {"type": "Point", "coordinates": [119.980112241108, -4.13786477747555]}}, {"type": "Feature", "properties": {}, "geometry": {"type": "Point", "coordinates": [119.474809893791, -5.01821375591268]}}, {"type": "Feature", "properties": {}, "geometry": {"type": "Point", "coordinates": [119.535446175469, -4.95757747423461]}}, {"type": "Feature", "properties": {}, "geometry": {"type": "Point", "coordinates": [120.355158872228, -4.83405912266818]}}, {"type": "Feature", "properties": {}, "geometry": {"type": "Point", "coordinates": [120.361896236859, -3.83692915729551]}}, {"type": "Feature", "properties": {}, "geometry": {"type": "Point", "coordinates": [119.530954599049, -4.89918698076684]}}, {"type": "Feature", "properties": {}, "geometry": {"type": "Point", "coordinates": [119.566887210413, -5.60436447880067]}}, {"type": "Feature", "properties": {}, "geometry": {"type": "Point", "coordinates": [119.528708810838, -4.68134552436786]}}, {"type": "Feature", "properties": {}, "geometry": {"type": "Point", "coordinates": [120.303505743391, -5.50554979754752]}}, {"type": "Feature", "properties": {}, "geometry": {"type": "Point", "coordinates": [119.638752433143, -4.34896886924363]}}, {"type": "Feature", "properties": {}, "geometry": {"type": "Point", "coordinates": [119.53993775189, -4.75770232351802]}}, {"type": "Feature", "properties": {}, "geometry": {"type": "Point", "coordinates": [120.330455201915, -4.38490148060841]}}, {"type": "Feature", "properties": {}, "geometry": {"type": "Point", "coordinates": [120.325963625494, -4.00760906127822]}}, {"type": "Feature", "properties": {}, "geometry": {"type": "Point", "coordinates": [120.263081555606, -4.31303625787885]}}, {"type": "Feature", "properties": {}, "geometry": {"type": "Point", "coordinates": [119.533200387259, -4.71503234752234]}}, {"type": "Feature", "properties": {}, "geometry": {"type": "Point", "coordinates": [119.580361939675, -4.62520081911039]}}, {"type": "Feature", "properties": {}, "geometry": {"type": "Point", "coordinates": [119.975620664688, -4.18951790631242]}}, {"type": "Feature", "properties": {}, "geometry": {"type": "Point", "coordinates": [119.61629455104, -5.24952994157345]}}, {"type": "Feature", "properties": {}, "geometry": {"type": "Point", "coordinates": [119.53993775189, -4.95757747423461]}}, {"type": "Feature", "properties": {}, "geometry": {"type": "Point", "coordinates": [119.501759352315, -4.73299865320473]}}, {"type": "Feature", "properties": {}, "geometry": {"type": "Point", "coordinates": [119.546675116521, -4.73524444141503]}}, {"type": "Feature", "properties": {}, "geometry": {"type": "Point", "coordinates": [120.337192566546, -4.15358529494764]}}, {"type": "Feature", "properties": {}, "geometry": {"type": "Point", "coordinates": [120.323717837284, -4.15358529494764]}}, {"type": "Feature", "properties": {}, "geometry": {"type": "Point", "coordinates": [119.517479869787, -4.85202542835057]}}, {"type": "Feature", "properties": {}, "geometry": {"type": "Point", "coordinates": [119.533200387259, -3.60785875984503]}}, {"type": "Feature", "properties": {}, "geometry": {"type": "Point", "coordinates": [119.935196476902, -4.15358529494764]}}, {"type": "Feature", "properties": {}, "geometry": {"type": "Point", "coordinates": [119.566887210413, -4.89020382792565]}}, {"type": "Feature", "properties": {}, "geometry": {"type": "Point", "coordinates": [120.186724756456, -4.27036628188318]}}, {"type": "Feature", "properties": {}, "geometry": {"type": "Point", "coordinates": [119.589345092516, -4.89469540434624]}}, {"type": "Feature", "properties": {}, "geometry": {"type": "Point", "coordinates": [119.535446175469, -4.91041592181833]}}, {"type": "Feature", "properties": {}, "geometry": {"type": "Point", "coordinates": [119.506250928735, -3.77629287561744]}}, {"type": "Feature", "properties": {}, "geometry": {"type": "Point", "coordinates": [119.46358095274, -3.70891922930847]}}, {"type": "Feature", "properties": {}, "geometry": {"type": "Point", "coordinates": [120.21367421498, -2.94984281422748]}}, {"type": "Feature", "properties": {}, "geometry": {"type": "Point", "coordinates": [119.587099304306, -4.62070924268979]}}, {"type": "Feature", "properties": {}, "geometry": {"type": "Point", "coordinates": [120.384354118962, -3.80548812235132]}}, {"type": "Feature", "properties": {}, "geometry": {"type": "Point", "coordinates": [119.53769196368, -5.02495112054357]}}, {"type": "Feature", "properties": {}, "geometry": {"type": "Point", "coordinates": [119.495021987684, -3.6572661004716]}}, {"type": "Feature", "properties": {}, "geometry": {"type": "Point", "coordinates": [119.528708810838, -4.92164486286983]}}, {"type": "Feature", "properties": {}, "geometry": {"type": "Point", "coordinates": [119.627523492092, -4.38040990418782]}}, {"type": "Feature", "properties": {}, "geometry": {"type": "Point", "coordinates": [120.303505743391, -5.51004137396812]}}, {"type": "Feature", "properties": {}, "geometry": {"type": "Point", "coordinates": [119.519725657997, -4.94634853318312]}}, {"type": "Feature", "properties": {}, "geometry": {"type": "Point", "coordinates": [120.29452259055, -5.01596796770238]}}, {"type": "Feature", "properties": {}, "geometry": {"type": "Point", "coordinates": [120.377616754331, -4.31303625787885]}}, {"type": "Feature", "properties": {}, "geometry": {"type": "Point", "coordinates": [120.433761459589, -3.72913132320116]}}, {"type": "Feature", "properties": {}, "geometry": {"type": "Point", "coordinates": [120.21367421498, -4.25239997620078]}}, {"type": "Feature", "properties": {}, "geometry": {"type": "Point", "coordinates": [119.526463022628, -4.75545653530772]}}, {"type": "Feature", "properties": {}, "geometry": {"type": "Point", "coordinates": [119.53993775189, -4.92838222750072]}}, {"type": "Feature", "properties": {}, "geometry": {"type": "Point", "coordinates": [120.29227680234, -4.88571225150505]}}, {"type": "Feature", "properties": {}, "geometry": {"type": "Point", "coordinates": [119.582607727886, -3.99413433201642]}}, {"type": "Feature", "properties": {}, "geometry": {"type": "Point", "coordinates": [119.975620664688, -5.5302534678608]}}, {"type": "Feature", "properties": {}, "geometry": {"type": "Point", "coordinates": [119.499513564105, -3.64154558299951]}}, {"type": "Feature", "properties": {}, "geometry": {"type": "Point", "coordinates": [120.388845695383, -3.32039786892678]}}, {"type": "Feature", "properties": {}, "geometry": {"type": "Point", "coordinates": [119.526463022628, -3.86837019223969]}}, {"type": "Feature", "properties": {}, "geometry": {"type": "Point", "coordinates": [120.357404660439, -4.31079046966855]}}, {"type": "Feature", "properties": {}, "geometry": {"type": "Point", "coordinates": [119.54442932831, -4.71503234752234]}}, {"type": "Feature", "properties": {}, "geometry": {"type": "Point", "coordinates": [120.332700990125, -3.98515117917523]}}, {"type": "Feature", "properties": {}, "geometry": {"type": "Point", "coordinates": [120.559525599366, -2.70056032288431]}}, {"type": "Feature", "properties": {}, "geometry": {"type": "Point", "coordinates": [120.341684142967, -3.8571412511882]}}, {"type": "Feature", "properties": {}, "geometry": {"type": "Point", "coordinates": [120.287785225919, -4.26587470546258]}}, {"type": "Feature", "properties": {}, "geometry": {"type": "Point", "coordinates": [120.299014166971, -3.18340478809855]}}, {"type": "Feature", "properties": {}, "geometry": {"type": "Point", "coordinates": [120.379862542542, -4.83630491087847]}}, {"type": "Feature", "properties": {}, "geometry": {"type": "Point", "coordinates": [119.504005140525, -5.06537530832895]}}, {"type": "Feature", "properties": {}, "geometry": {"type": "Point", "coordinates": [120.361896236859, -3.82570021624401]}}, {"type": "Feature", "properties": {}, "geometry": {"type": "Point", "coordinates": [119.488284623053, -3.64828294763041]}}, {"type": "Feature", "properties": {}, "geometry": {"type": "Point", "coordinates": [119.562395633993, -4.92613643929043]}}, {"type": "Feature", "properties": {}, "geometry": {"type": "Point", "coordinates": [120.323717837284, -4.08396586042837]}}, {"type": "Feature", "properties": {}, "geometry": {"type": "Point", "coordinates": [119.506250928735, -4.95757747423461]}}, {"type": "Feature", "properties": {}, "geometry": {"type": "Point", "coordinates": [119.533200387259, -5.00249323844059]}}, {"type": "Feature", "properties": {}, "geometry": {"type": "Point", "coordinates": [120.287785225919, -3.18565057630885]}}, {"type": "Feature", "properties": {}, "geometry": {"type": "Point", "coordinates": [120.339438354756, -3.20361688199124]}}, {"type": "Feature", "properties": {}, "geometry": {"type": "Point", "coordinates": [120.382108330752, -4.58253084311471]}}, {"type": "Feature", "properties": {}, "geometry": {"type": "Point", "coordinates": [119.506250928735, -3.61235033626563]}}, {"type": "Feature", "properties": {}, "geometry": {"type": "Point", "coordinates": [120.301259955181, -5.49432085649602]}}, {"type": "Feature", "properties": {}, "geometry": {"type": "Point", "coordinates": [119.611802974619, -4.38939305702901]}}, {"type": "Feature", "properties": {}, "geometry": {"type": "Point", "coordinates": [119.551166692941, -4.68359131257816]}}, {"type": "Feature", "properties": {}, "geometry": {"type": "Point", "coordinates": [119.582607727886, -4.86550015761236]}}, {"type": "Feature", "properties": {}, "geometry": {"type": "Point", "coordinates": [119.530954599049, -4.93062801571102]}}, {"type": "Feature", "properties": {}, "geometry": {"type": "Point", "coordinates": [119.5421835401, -4.95982326244491]}}, {"type": "Feature", "properties": {}, "geometry": {"type": "Point", "coordinates": [120.373125177911, -3.79201339308953]}}, {"type": "Feature", "properties": {}, "geometry": {"type": "Point", "coordinates": [119.553412481152, -4.86999173403296]}}, {"type": "Feature", "properties": {}, "geometry": {"type": "Point", "coordinates": [119.510742505156, -4.76668547635921]}}, {"type": "Feature", "properties": {}, "geometry": {"type": "Point", "coordinates": [120.427024094958, -3.74934341709385]}}, {"type": "Feature", "properties": {}, "geometry": {"type": "Point", "coordinates": [119.479301470212, -5.00473902665088]}}, {"type": "Feature", "properties": {}, "geometry": {"type": "Point", "coordinates": [120.323717837284, -4.14235635389614]}}, {"type": "Feature", "properties": {}, "geometry": {"type": "Point", "coordinates": [120.209182638559, -2.94310544959658]}}, {"type": "Feature", "properties": {}, "geometry": {"type": "Point", "coordinates": [120.393337271803, -3.34734732745037]}}, {"type": "Feature", "properties": {}, "geometry": {"type": "Point", "coordinates": [119.571378786834, -5.60436447880067]}}, {"type": "Feature", "properties": {}, "geometry": {"type": "Point", "coordinates": [119.530954599049, -4.68359131257816]}}, {"type": "Feature", "properties": {}, "geometry": {"type": "Point", "coordinates": [119.501759352315, -5.02719690875387]}}, {"type": "Feature", "properties": {}, "geometry": {"type": "Point", "coordinates": [119.584853516096, -4.58926820774561]}}, {"type": "Feature", "properties": {}, "geometry": {"type": "Point", "coordinates": [119.517479869787, -4.70604919468114]}}, {"type": "Feature", "properties": {}, "geometry": {"type": "Point", "coordinates": [120.355158872228, -4.44104618586588]}}, {"type": "Feature", "properties": {}, "geometry": {"type": "Point", "coordinates": [120.36863360149, -4.17828896526092]}}, {"type": "Feature", "properties": {}, "geometry": {"type": "Point", "coordinates": [119.966637511847, -4.15583108315794]}}, {"type": "Feature", "properties": {}, "geometry": {"type": "Point", "coordinates": [120.36638781328, -4.2276963058875]}}, {"type": "Feature", "properties": {}, "geometry": {"type": "Point", "coordinates": [120.36414202507, -4.33773992819214]}}, {"type": "Feature", "properties": {}, "geometry": {"type": "Point", "coordinates": [119.950916994375, -4.14460214210644]}}, {"type": "Feature", "properties": {}, "geometry": {"type": "Point", "coordinates": [120.422532518537, -4.68134552436786]}}, {"type": "Feature", "properties": {}, "geometry": {"type": "Point", "coordinates": [119.921721747641, -5.55495713817409]}}, {"type": "Feature", "properties": {}, "geometry": {"type": "Point", "coordinates": [119.845364948491, -3.97841381454433]}}, {"type": "Feature", "properties": {}, "geometry": {"type": "Point", "coordinates": [119.950916994375, -4.16256844778883]}}, {"type": "Feature", "properties": {}, "geometry": {"type": "Point", "coordinates": [120.388845695383, -4.72176971215324]}}, {"type": "Feature", "properties": {}, "geometry": {"type": "Point", "coordinates": [119.555658269362, -4.72626128857383]}}, {"type": "Feature", "properties": {}, "geometry": {"type": "Point", "coordinates": [119.510742505156, -5.02045954412298]}}, {"type": "Feature", "properties": {}, "geometry": {"type": "Point", "coordinates": [120.330455201915, -4.83855069908877]}}, {"type": "Feature", "properties": {}, "geometry": {"type": "Point", "coordinates": [119.528708810838, -3.86612440402939]}}, {"type": "Feature", "properties": {}, "geometry": {"type": "Point", "coordinates": [120.388845695383, -3.77180129919684]}}, {"type": "Feature", "properties": {}, "geometry": {"type": "Point", "coordinates": [119.535446175469, -5.01372217949208]}}, {"type": "Feature", "properties": {}, "geometry": {"type": "Point", "coordinates": [120.245115249924, -5.52576189144021]}}, {"type": "Feature", "properties": {}, "geometry": {"type": "Point", "coordinates": [120.384354118962, -4.33100256356124]}}, {"type": "Feature", "properties": {}, "geometry": {"type": "Point", "coordinates": [119.524217234418, -3.61235033626563]}}, {"type": "Feature", "properties": {}, "geometry": {"type": "Point", "coordinates": [120.429269883168, -4.66562500689577]}}, {"type": "Feature", "properties": {}, "geometry": {"type": "Point", "coordinates": [120.359650448649, -4.33549413998184]}}, {"type": "Feature", "properties": {}, "geometry": {"type": "Point", "coordinates": [120.3708793897, -4.83405912266818]}}, {"type": "Feature", "properties": {}, "geometry": {"type": "Point", "coordinates": [120.337192566546, -3.20137109378094]}}, {"type": "Feature", "properties": {}, "geometry": {"type": "Point", "coordinates": [119.593836668937, -4.91041592181833]}}, {"type": "Feature", "properties": {}, "geometry": {"type": "Point", "coordinates": [119.977866452898, -4.11765268358286]}}, {"type": "Feature", "properties": {}, "geometry": {"type": "Point", "coordinates": [119.557904057572, -4.91490749823893]}}, {"type": "Feature", "properties": {}, "geometry": {"type": "Point", "coordinates": [119.948671206164, -4.17155160063003]}}, {"type": "Feature", "properties": {}, "geometry": {"type": "Point", "coordinates": [119.53993775189, -4.87672909866385]}}, {"type": "Feature", "properties": {}, "geometry": {"type": "Point", "coordinates": [119.964391723636, -4.15583108315794]}}, {"type": "Feature", "properties": {}, "geometry": {"type": "Point", "coordinates": [120.334946778336, -4.00760906127822]}}, {"type": "Feature", "properties": {}, "geometry": {"type": "Point", "coordinates": [119.600574033568, -4.89694119255654]}}, {"type": "Feature", "properties": {}, "geometry": {"type": "Point", "coordinates": [119.519725657997, -4.82283018161668]}}, {"type": "Feature", "properties": {}, "geometry": {"type": "Point", "coordinates": [119.504005140525, -4.75994811172832]}}, {"type": "Feature", "properties": {}, "geometry": {"type": "Point", "coordinates": [119.555658269362, -4.87448331045355]}}, {"type": "Feature", "properties": {}, "geometry": {"type": "Point", "coordinates": [119.506250928735, -3.77180129919684]}}, {"type": "Feature", "properties": {}, "geometry": {"type": "Point", "coordinates": [119.557904057572, -4.63193818374128]}}, {"type": "Feature", "properties": {}, "geometry": {"type": "Point", "coordinates": [120.146300568671, -4.21422157662571]}}, {"type": "Feature", "properties": {}, "geometry": {"type": "Point", "coordinates": [119.923967535851, -4.17604317705063]}}, {"type": "Feature", "properties": {}, "geometry": {"type": "Point", "coordinates": [120.382108330752, -3.78527602845863]}}, {"type": "Feature", "properties": {}, "geometry": {"type": "Point", "coordinates": [120.229394732452, -4.26138312904198]}}, {"type": "Feature", "properties": {}, "geometry": {"type": "Point", "coordinates": [119.589345092516, -4.62070924268979]}}, {"type": "Feature", "properties": {}, "geometry": {"type": "Point", "coordinates": [120.422532518537, -3.69095292362608]}}, {"type": "Feature", "properties": {}, "geometry": {"type": "Point", "coordinates": [119.501759352315, -4.76893126456951]}}, {"type": "Feature", "properties": {}, "geometry": {"type": "Point", "coordinates": [120.323717837284, -3.23505791693543]}}, {"type": "Feature", "properties": {}, "geometry": {"type": "Point", "coordinates": [119.526463022628, -4.9777895681273]}}, {"type": "Feature", "properties": {}, "geometry": {"type": "Point", "coordinates": [119.962145935426, -4.20299263557421]}}, {"type": "Feature", "properties": {}, "geometry": {"type": "Point", "coordinates": [119.461335164529, -3.67298661794369]}}, {"type": "Feature", "properties": {}, "geometry": {"type": "Point", "coordinates": [119.501759352315, -3.6595118886819]}}, {"type": "Feature", "properties": {}, "geometry": {"type": "Point", "coordinates": [119.490530411263, -5.06088373190835]}}, {"type": "Feature", "properties": {}, "geometry": {"type": "Point", "coordinates": [121.004191665005, -2.67361086436073]}}, {"type": "Feature", "properties": {}, "geometry": {"type": "Point", "coordinates": [120.281047861288, -5.02944269696417]}}, {"type": "Feature", "properties": {}, "geometry": {"type": "Point", "coordinates": [120.29452259055, -4.30405310503766]}}, {"type": "Feature", "properties": {}, "geometry": {"type": "Point", "coordinates": [120.541559293683, -2.7252639931976]}}, {"type": "Feature", "properties": {}, "geometry": {"type": "Point", "coordinates": [119.607311398199, -4.44329197407618]}}, {"type": "Feature", "properties": {}, "geometry": {"type": "Point", "coordinates": [120.186724756456, -4.26812049367288]}}, {"type": "Feature", "properties": {}, "geometry": {"type": "Point", "coordinates": [120.330455201915, -3.96044750886194]}}, {"type": "Feature", "properties": {}, "geometry": {"type": "Point", "coordinates": [120.346175719387, -3.87286176866029]}}, {"type": "Feature", "properties": {}, "geometry": {"type": "Point", "coordinates": [119.535446175469, -4.87448331045355]}}, {"type": "Feature", "properties": {}, "geometry": {"type": "Point", "coordinates": [120.391091483593, -3.53150196069487]}}, {"type": "Feature", "properties": {}, "geometry": {"type": "Point", "coordinates": [119.501759352315, -5.01372217949208]}}, {"type": "Feature", "properties": {}, "geometry": {"type": "Point", "coordinates": [119.562395633993, -4.69706604183995]}}, {"type": "Feature", "properties": {}, "geometry": {"type": "Point", "coordinates": [119.492776199474, -5.05863794369806]}}, {"type": "Feature", "properties": {}, "geometry": {"type": "Point", "coordinates": [119.557904057572, -4.76219389993861]}}, {"type": "Feature", "properties": {}, "geometry": {"type": "Point", "coordinates": [120.236132097083, -4.28159522293467]}}, {"type": "Feature", "properties": {}, "geometry": {"type": "Point", "coordinates": [119.533200387259, -4.85876279298146]}}, {"type": "Feature", "properties": {}, "geometry": {"type": "Point", "coordinates": [119.553412481152, -4.69482025362965]}}, {"type": "Feature", "properties": {}, "geometry": {"type": "Point", "coordinates": [120.415795153906, -2.82407867445075]}}, {"type": "Feature", "properties": {}, "geometry": {"type": "Point", "coordinates": [120.397828848224, -3.41472097375933]}}, {"type": "Feature", "properties": {}, "geometry": {"type": "Point", "coordinates": [119.454597799899, -3.70891922930847]}}, {"type": "Feature", "properties": {}, "geometry": {"type": "Point", "coordinates": [120.186724756456, -4.23892524693899]}}, {"type": "Feature", "properties": {}, "geometry": {"type": "Point", "coordinates": [119.555658269362, -4.67011658331636]}}, {"type": "Feature", "properties": {}, "geometry": {"type": "Point", "coordinates": [120.334946778336, -4.00311748485762]}}, {"type": "Feature", "properties": {}, "geometry": {"type": "Point", "coordinates": [119.481547258422, -3.63929979478921]}}, {"type": "Feature", "properties": {}, "geometry": {"type": "Point", "coordinates": [119.512988293366, -3.78752181666893]}}, {"type": "Feature", "properties": {}, "geometry": {"type": "Point", "coordinates": [119.573624575044, -4.90817013360804]}}, {"type": "Feature", "properties": {}, "geometry": {"type": "Point", "coordinates": [119.553412481152, -4.65664185405457]}}, {"type": "Feature", "properties": {}, "geometry": {"type": "Point", "coordinates": [119.530954599049, -4.84753385192997]}}, {"type": "Feature", "properties": {}, "geometry": {"type": "Point", "coordinates": [119.524217234418, -4.84079648729907]}}, {"type": "Feature", "properties": {}, "geometry": {"type": "Point", "coordinates": [120.397828848224, -4.71054077110174]}}, {"type": "Feature", "properties": {}, "geometry": {"type": "Point", "coordinates": [119.593836668937, -4.62070924268979]}}, {"type": "Feature", "properties": {}, "geometry": {"type": "Point", "coordinates": [120.325963625494, -4.15583108315794]}}, {"type": "Feature", "properties": {}, "geometry": {"type": "Point", "coordinates": [119.953162782585, -4.13786477747555]}}, {"type": "Feature", "properties": {}, "geometry": {"type": "Point", "coordinates": [119.995832758581, -4.12888162463435]}}, {"type": "Feature", "properties": {}, "geometry": {"type": "Point", "coordinates": [119.973374876478, -4.16706002420943]}}, {"type": "Feature", "properties": {}, "geometry": {"type": "Point", "coordinates": [119.535446175469, -3.87510755687059]}}, {"type": "Feature", "properties": {}, "geometry": {"type": "Point", "coordinates": [120.409057789276, -3.26649895187961]}}, {"type": "Feature", "properties": {}, "geometry": {"type": "Point", "coordinates": [119.5421835401, -3.88409070971178]}}, {"type": "Feature", "properties": {}, "geometry": {"type": "Point", "coordinates": [120.162021086143, -4.20074684736391]}}, {"type": "Feature", "properties": {}, "geometry": {"type": "Point", "coordinates": [120.359650448649, -4.83855069908877]}}, {"type": "Feature", "properties": {}, "geometry": {"type": "Point", "coordinates": [119.573624575044, -4.63193818374128]}}, {"type": "Feature", "properties": {}, "geometry": {"type": "Point", "coordinates": [120.379862542542, -3.44616200870351]}}, {"type": "Feature", "properties": {}, "geometry": {"type": "Point", "coordinates": [120.541559293683, -2.68259401720192]}}, {"type": "Feature", "properties": {}, "geometry": {"type": "Point", "coordinates": [120.382108330752, -4.77117705277981]}}, {"type": "Feature", "properties": {}, "geometry": {"type": "Point", "coordinates": [119.528708810838, -4.91266171002863]}}, {"type": "Feature", "properties": {}, "geometry": {"type": "Point", "coordinates": [119.555658269362, -4.88795803971535]}}, {"type": "Feature", "properties": {}, "geometry": {"type": "Point", "coordinates": [120.29003101413, -4.89020382792565]}}, {"type": "Feature", "properties": {}, "geometry": {"type": "Point", "coordinates": [120.323717837284, -4.08845743684897]}}, {"type": "Feature", "properties": {}, "geometry": {"type": "Point", "coordinates": [120.404566212855, -4.69931183005025]}}, {"type": "Feature", "properties": {}, "geometry": {"type": "Point", "coordinates": [119.526463022628, -3.80548812235132]}}, {"type": "Feature", "properties": {}, "geometry": {"type": "Point", "coordinates": [120.276556284868, -5.02944269696417]}}, {"type": "Feature", "properties": {}, "geometry": {"type": "Point", "coordinates": [120.29003101413, -4.30405310503766]}}, {"type": "Feature", "properties": {}, "geometry": {"type": "Point", "coordinates": [120.197953697507, -2.95208860243778]}}, {"type": "Feature", "properties": {}, "geometry": {"type": "Point", "coordinates": [120.429269883168, -3.72463974678057]}}, {"type": "Feature", "properties": {}, "geometry": {"type": "Point", "coordinates": [119.533200387259, -4.94410274497282]}}, {"type": "Feature", "properties": {}, "geometry": {"type": "Point", "coordinates": [119.562395633993, -4.93062801571102]}}, {"type": "Feature", "properties": {}, "geometry": {"type": "Point", "coordinates": [120.391091483593, -3.37654257418425]}}, {"type": "Feature", "properties": {}, "geometry": {"type": "Point", "coordinates": [120.330455201915, -3.97167644991343]}}, {"type": "Feature", "properties": {}, "geometry": {"type": "Point", "coordinates": [120.274310496658, -3.18789636451915]}}, {"type": "Feature", "properties": {}, "geometry": {"type": "Point", "coordinates": [120.316980472653, -4.84977964014027]}}, {"type": "Feature", "properties": {}, "geometry": {"type": "Point", "coordinates": [120.348421507597, -4.31079046966855]}}, {"type": "Feature", "properties": {}, "geometry": {"type": "Point", "coordinates": [119.584853516096, -4.61397187805889]}}, {"type": "Feature", "properties": {}, "geometry": {"type": "Point", "coordinates": [119.517479869787, -3.79201339308953]}}, {"type": "Feature", "properties": {}, "geometry": {"type": "Point", "coordinates": [120.382108330752, -4.7913891466725]}}, {"type": "Feature", "properties": {}, "geometry": {"type": "Point", "coordinates": [119.492776199474, -5.00698481486118]}}, {"type": "Feature", "properties": {}, "geometry": {"type": "Point", "coordinates": [119.53993775189, -4.9710522034964]}}, {"type": "Feature", "properties": {}, "geometry": {"type": "Point", "coordinates": [119.515234081577, -5.01596796770238]}}, {"type": "Feature", "properties": {}, "geometry": {"type": "Point", "coordinates": [120.375370966121, -3.27548210472081]}}, {"type": "Feature", "properties": {}, "geometry": {"type": "Point", "coordinates": [119.481547258422, -4.99800166201999]}}, {"type": "Feature", "properties": {}, "geometry": {"type": "Point", "coordinates": [119.61629455104, -4.27934943472437]}}, {"type": "Feature", "properties": {}, "geometry": {"type": "Point", "coordinates": [120.409057789276, -4.62295503090009]}}, {"type": "Feature", "properties": {}, "geometry": {"type": "Point", "coordinates": [120.085664286992, -4.16706002420943]}}, {"type": "Feature", "properties": {}, "geometry": {"type": "Point", "coordinates": [120.420286730327, -3.74260605246296]}}, {"type": "Feature", "properties": {}, "geometry": {"type": "Point", "coordinates": [120.352913084018, -4.34223150461274]}}, {"type": "Feature", "properties": {}, "geometry": {"type": "Point", "coordinates": [120.382108330752, -4.780160205621]}}, {"type": "Feature", "properties": {}, "geometry": {"type": "Point", "coordinates": [119.995832758581, -4.11091531895196]}}, {"type": "Feature", "properties": {}, "geometry": {"type": "Point", "coordinates": [119.964391723636, -4.11540689537256]}}, {"type": "Feature", "properties": {}, "geometry": {"type": "Point", "coordinates": [119.971129088267, -4.15583108315794]}}, {"type": "Feature", "properties": {}, "geometry": {"type": "Point", "coordinates": [119.553412481152, -4.98452693275819]}}, {"type": "Feature", "properties": {}, "geometry": {"type": "Point", "coordinates": [119.953162782585, -4.19850105915361]}}, {"type": "Feature", "properties": {}, "geometry": {"type": "Point", "coordinates": [119.546675116521, -4.96431483886551]}}, {"type": "Feature", "properties": {}, "geometry": {"type": "Point", "coordinates": [119.589345092516, -4.52189456143664]}}, {"type": "Feature", "properties": {}, "geometry": {"type": "Point", "coordinates": [120.334946778336, -3.93349805033835]}}, {"type": "Feature", "properties": {}, "geometry": {"type": "Point", "coordinates": [119.526463022628, -4.73524444141503]}}, {"type": "Feature", "properties": {}, "geometry": {"type": "Point", "coordinates": [119.998078546791, -4.15358529494764]}}, {"type": "Feature", "properties": {}, "geometry": {"type": "Point", "coordinates": [119.953162782585, -4.216467364836]}}, {"type": "Feature", "properties": {}, "geometry": {"type": "Point", "coordinates": [119.407436247482, -5.46287982155184]}}, {"type": "Feature", "properties": {}, "geometry": {"type": "Point", "coordinates": [120.29003101413, -4.27261207009347]}}, {"type": "Feature", "properties": {}, "geometry": {"type": "Point", "coordinates": [120.388845695383, -4.74871917067682]}}, {"type": "Feature", "properties": {}, "geometry": {"type": "Point", "coordinates": [119.946425417954, -4.11765268358286]}}, {"type": "Feature", "properties": {}, "geometry": {"type": "Point", "coordinates": [120.339438354756, -4.35346044566423]}}, {"type": "Feature", "properties": {}, "geometry": {"type": "Point", "coordinates": [120.260835767396, -4.30180731682736]}}, {"type": "Feature", "properties": {}, "geometry": {"type": "Point", "coordinates": [120.285539437709, -5.03842584980537]}}, {"type": "Feature", "properties": {}, "geometry": {"type": "Point", "coordinates": [120.379862542542, -4.48820773828216]}}, {"type": "Feature", "properties": {}, "geometry": {"type": "Point", "coordinates": [119.519725657997, -3.78976760487923]}}, {"type": "Feature", "properties": {}, "geometry": {"type": "Point", "coordinates": [119.499513564105, -4.7958807230931]}}, {"type": "Feature", "properties": {}, "geometry": {"type": "Point", "coordinates": [119.593836668937, -4.62969239553098]}}, {"type": "Feature", "properties": {}, "geometry": {"type": "Point", "coordinates": [120.296768378761, -4.31528204608915]}}, {"type": "Feature", "properties": {}, "geometry": {"type": "Point", "coordinates": [119.512988293366, -3.62133348910682]}}, {"type": "Feature", "properties": {}, "geometry": {"type": "Point", "coordinates": [119.566887210413, -4.62969239553098]}}, {"type": "Feature", "properties": {}, "geometry": {"type": "Point", "coordinates": [120.328209413705, -5.50330400933722]}}, {"type": "Feature", "properties": {}, "geometry": {"type": "Point", "coordinates": [120.350667295808, -4.31079046966855]}}, {"type": "Feature", "properties": {}, "geometry": {"type": "Point", "coordinates": [119.46807252916, -3.67972398257459]}}, {"type": "Feature", "properties": {}, "geometry": {"type": "Point", "coordinates": [119.461335164529, -5.09232476685254]}}, {"type": "Feature", "properties": {}, "geometry": {"type": "Point", "coordinates": [119.966637511847, -4.13112741284465]}}, {"type": "Feature", "properties": {}, "geometry": {"type": "Point", "coordinates": [120.328209413705, -3.95371014423104]}}, {"type": "Feature", "properties": {}, "geometry": {"type": "Point", "coordinates": [119.944179629744, -4.20748421199481]}}, {"type": "Feature", "properties": {}, "geometry": {"type": "Point", "coordinates": [120.191216332877, -4.2321878823081]}}, {"type": "Feature", "properties": {}, "geometry": {"type": "Point", "coordinates": [119.553412481152, -4.94410274497282]}}, {"type": "Feature", "properties": {}, "geometry": {"type": "Point", "coordinates": [119.953162782585, -4.18053475347122]}}, {"type": "Feature", "properties": {}, "geometry": {"type": "Point", "coordinates": [120.267573132027, -4.27036628188318]}}, {"type": "Feature", "properties": {}, "geometry": {"type": "Point", "coordinates": [120.409057789276, -3.26200737545901]}}, {"type": "Feature", "properties": {}, "geometry": {"type": "Point", "coordinates": [120.287785225919, -4.31528204608915]}}, {"type": "Feature", "properties": {}, "geometry": {"type": "Point", "coordinates": [119.546675116521, -4.73973601783563]}}, {"type": "Feature", "properties": {}, "geometry": {"type": "Point", "coordinates": [119.533200387259, -4.95757747423461]}}, {"type": "Feature", "properties": {}, "geometry": {"type": "Point", "coordinates": [119.54442932831, -4.74647338246652]}}, {"type": "Feature", "properties": {}, "geometry": {"type": "Point", "coordinates": [119.99358697037, -4.11765268358286]}}, {"type": "Feature", "properties": {}, "geometry": {"type": "Point", "coordinates": [120.29227680234, -4.27934943472437]}}, {"type": "Feature", "properties": {}, "geometry": {"type": "Point", "coordinates": [120.386599907173, -4.71503234752234]}}, {"type": "Feature", "properties": {}, "geometry": {"type": "Point", "coordinates": [119.512988293366, -4.74647338246652]}}, {"type": "Feature", "properties": {}, "geometry": {"type": "Point", "coordinates": [120.177741603615, -4.16032265957853]}}, {"type": "Feature", "properties": {}, "geometry": {"type": "Point", "coordinates": [119.921721747641, -4.18727211810212]}}, {"type": "Feature", "properties": {}, "geometry": {"type": "Point", "coordinates": [120.375370966121, -3.21484582304274]}}, {"type": "Feature", "properties": {}, "geometry": {"type": "Point", "coordinates": [119.602819821778, -4.44329197407618]}}, {"type": "Feature", "properties": {}, "geometry": {"type": "Point", "coordinates": [120.350667295808, -4.38939305702901]}}, {"type": "Feature", "properties": {}, "geometry": {"type": "Point", "coordinates": [120.3708793897, -3.79650496951013]}}, {"type": "Feature", "properties": {}, "geometry": {"type": "Point", "coordinates": [120.355158872228, -3.8593870393985]}}, {"type": "Feature", "properties": {}, "geometry": {"type": "Point", "coordinates": [119.524217234418, -3.58764666595234]}}, {"type": "Feature", "properties": {}, "geometry": {"type": "Point", "coordinates": [120.413549365696, -3.59887560700383]}}, {"type": "Feature", "properties": {}, "geometry": {"type": "Point", "coordinates": [119.5421835401, -4.71054077110174]}}, {"type": "Feature", "properties": {}, "geometry": {"type": "Point", "coordinates": [120.132825839409, -4.17828896526092]}}, {"type": "Feature", "properties": {}, "geometry": {"type": "Point", "coordinates": [119.959900147216, -4.18951790631242]}}, {"type": "Feature", "properties": {}, "geometry": {"type": "Point", "coordinates": [119.515234081577, -4.73299865320473]}}, {"type": "Feature", "properties": {}, "geometry": {"type": "Point", "coordinates": [119.53993775189, -4.69257446541935]}}, {"type": "Feature", "properties": {}, "geometry": {"type": "Point", "coordinates": [119.959900147216, -4.12888162463435]}}, {"type": "Feature", "properties": {}, "geometry": {"type": "Point", "coordinates": [120.153037933301, -4.16256844778883]}}, {"type": "Feature", "properties": {}, "geometry": {"type": "Point", "coordinates": [119.964391723636, -4.19850105915361]}}, {"type": "Feature", "properties": {}, "geometry": {"type": "Point", "coordinates": [119.587099304306, -4.62295503090009]}}, {"type": "Feature", "properties": {}, "geometry": {"type": "Point", "coordinates": [119.557904057572, -4.72401550036353]}}, {"type": "Feature", "properties": {}, "geometry": {"type": "Point", "coordinates": [120.384354118962, -3.77853866382774]}}, {"type": "Feature", "properties": {}, "geometry": {"type": "Point", "coordinates": [120.348421507597, -4.29731574040676]}}, {"type": "Feature", "properties": {}, "geometry": {"type": "Point", "coordinates": [119.497267775894, -4.73299865320473]}}, {"type": "Feature", "properties": {}, "geometry": {"type": "Point", "coordinates": [119.46582674095, -3.70891922930847]}}, {"type": "Feature", "properties": {}, "geometry": {"type": "Point", "coordinates": [119.937442265113, -4.10866953074166]}}, {"type": "Feature", "properties": {}, "geometry": {"type": "Point", "coordinates": [119.519725657997, -3.81896285161312]}}, {"type": "Feature", "properties": {}, "geometry": {"type": "Point", "coordinates": [119.46807252916, -5.02719690875387]}}, {"type": "Feature", "properties": {}, "geometry": {"type": "Point", "coordinates": [119.584853516096, -4.90367855718744]}}, {"type": "Feature", "properties": {}, "geometry": {"type": "Point", "coordinates": [119.54442932831, -4.92164486286983]}}, {"type": "Feature", "properties": {}, "geometry": {"type": "Point", "coordinates": [120.388845695383, -3.40124624449754]}}, {"type": "Feature", "properties": {}, "geometry": {"type": "Point", "coordinates": [119.584853516096, -4.62070924268979]}}, {"type": "Feature", "properties": {}, "geometry": {"type": "Point", "coordinates": [119.578116151465, -4.61172608984859]}}, {"type": "Feature", "properties": {}, "geometry": {"type": "Point", "coordinates": [120.332700990125, -4.14909371852704]}}, {"type": "Feature", "properties": {}, "geometry": {"type": "Point", "coordinates": [119.557904057572, -4.70155761826055]}}, {"type": "Feature", "properties": {}, "geometry": {"type": "Point", "coordinates": [119.623031915671, -4.28384101114497]}}, {"type": "Feature", "properties": {}, "geometry": {"type": "Point", "coordinates": [119.546675116521, -4.67236237152666]}}, {"type": "Feature", "properties": {}, "geometry": {"type": "Point", "coordinates": [120.352913084018, -4.43655460944529]}}, {"type": "Feature", "properties": {}, "geometry": {"type": "Point", "coordinates": [120.384354118962, -3.4753572554374]}}, {"type": "Feature", "properties": {}, "geometry": {"type": "Point", "coordinates": [119.847610736701, -3.96943066170314]}}, {"type": "Feature", "properties": {}, "geometry": {"type": "Point", "coordinates": [120.352913084018, -3.86612440402939]}}, {"type": "Feature", "properties": {}, "geometry": {"type": "Point", "coordinates": [119.546675116521, -4.89918698076684]}}, {"type": "Feature", "properties": {}, "geometry": {"type": "Point", "coordinates": [119.530954599049, -4.86550015761236]}}, {"type": "Feature", "properties": {}, "geometry": {"type": "Point", "coordinates": [120.312488896233, -4.10642374253136]}}, {"type": "Feature", "properties": {}, "geometry": {"type": "Point", "coordinates": [120.415795153906, -4.68808288899875]}}, {"type": "Feature", "properties": {}, "geometry": {"type": "Point", "coordinates": [119.975620664688, -4.13112741284465]}}, {"type": "Feature", "properties": {}, "geometry": {"type": "Point", "coordinates": [119.91723017122, -4.16481423599913]}}, {"type": "Feature", "properties": {}, "geometry": {"type": "Point", "coordinates": [120.155283721512, -4.16706002420943]}}, {"type": "Feature", "properties": {}, "geometry": {"type": "Point", "coordinates": [119.528708810838, -4.72401550036353]}}, {"type": "Feature", "properties": {}, "geometry": {"type": "Point", "coordinates": [120.179987391825, -4.16706002420943]}}, {"type": "Feature", "properties": {}, "geometry": {"type": "Point", "coordinates": [120.348421507597, -4.38714726881871]}}, {"type": "Feature", "properties": {}, "geometry": {"type": "Point", "coordinates": [119.499513564105, -3.74260605246296]}}, {"type": "Feature", "properties": {}, "geometry": {"type": "Point", "coordinates": [119.490530411263, -4.99351008559939]}}, {"type": "Feature", "properties": {}, "geometry": {"type": "Point", "coordinates": [120.382108330752, -3.81222548698222]}}, {"type": "Feature", "properties": {}, "geometry": {"type": "Point", "coordinates": [120.573000328627, -2.67136507615043]}}, {"type": "Feature", "properties": {}, "geometry": {"type": "Point", "coordinates": [119.589345092516, -4.01210063769881]}}, {"type": "Feature", "properties": {}, "geometry": {"type": "Point", "coordinates": [120.373125177911, -4.81609281698579]}}, {"type": "Feature", "properties": {}, "geometry": {"type": "Point", "coordinates": [120.287785225919, -4.29956152861706]}}, {"type": "Feature", "properties": {}, "geometry": {"type": "Point", "coordinates": [119.91947595943, -4.11316110716226]}}, {"type": "Feature", "properties": {}, "geometry": {"type": "Point", "coordinates": [120.285539437709, -4.30854468145826]}}, {"type": "Feature", "properties": {}, "geometry": {"type": "Point", "coordinates": [120.285539437709, -5.02270533233327]}}, {"type": "Feature", "properties": {}, "geometry": {"type": "Point", "coordinates": [119.966637511847, -4.15133950673734]}}, {"type": "Feature", "properties": {}, "geometry": {"type": "Point", "coordinates": [119.61629455104, -5.25177572978375]}}, {"type": "Feature", "properties": {}, "geometry": {"type": "Point", "coordinates": [119.515234081577, -4.82732175803728]}}, {"type": "Feature", "properties": {}, "geometry": {"type": "Point", "coordinates": [119.584853516096, -4.85651700477116]}}, {"type": "Feature", "properties": {}, "geometry": {"type": "Point", "coordinates": [119.629769280302, -4.27934943472437]}}, {"type": "Feature", "properties": {}, "geometry": {"type": "Point", "coordinates": [120.337192566546, -3.99413433201642]}}, {"type": "Feature", "properties": {}, "geometry": {"type": "Point", "coordinates": [119.512988293366, -4.82283018161668]}}, {"type": "Feature", "properties": {}, "geometry": {"type": "Point", "coordinates": [120.386599907173, -3.38327993881515]}}, {"type": "Feature", "properties": {}, "geometry": {"type": "Point", "coordinates": [119.546675116521, -4.65888764226487]}}, {"type": "Feature", "properties": {}, "geometry": {"type": "Point", "coordinates": [119.575870363255, -4.88122067508445]}}, {"type": "Feature", "properties": {}, "geometry": {"type": "Point", "coordinates": [119.562395633993, -4.91490749823893]}}, {"type": "Feature", "properties": {}, "geometry": {"type": "Point", "coordinates": [120.375370966121, -3.81896285161312]}}, {"type": "Feature", "properties": {}, "geometry": {"type": "Point", "coordinates": [119.53769196368, -3.78976760487923]}}, {"type": "Feature", "properties": {}, "geometry": {"type": "Point", "coordinates": [119.508496716946, -4.79812651130339]}}, {"type": "Feature", "properties": {}, "geometry": {"type": "Point", "coordinates": [119.982358029319, -4.18278054168152]}}, {"type": "Feature", "properties": {}, "geometry": {"type": "Point", "coordinates": [119.980112241108, -4.11989847179316]}}, {"type": "Feature", "properties": {}, "geometry": {"type": "Point", "coordinates": [120.285539437709, -5.09232476685254]}}, {"type": "Feature", "properties": {}, "geometry": {"type": "Point", "coordinates": [119.515234081577, -4.9732979917067]}}, {"type": "Feature", "properties": {}, "geometry": {"type": "Point", "coordinates": [120.375370966121, -4.35346044566423]}}, {"type": "Feature", "properties": {}, "geometry": {"type": "Point", "coordinates": [120.357404660439, -4.36019781029513]}}, {"type": "Feature", "properties": {}, "geometry": {"type": "Point", "coordinates": [119.533200387259, -4.94859432139341]}}, {"type": "Feature", "properties": {}, "geometry": {"type": "Point", "coordinates": [120.287785225919, -4.27036628188318]}}, {"type": "Feature", "properties": {}, "geometry": {"type": "Point", "coordinates": [120.386599907173, -3.39675466807694]}}, {"type": "Feature", "properties": {}, "geometry": {"type": "Point", "coordinates": [119.858839677752, -3.98065960275463]}}, {"type": "Feature", "properties": {}, "geometry": {"type": "Point", "coordinates": [119.515234081577, -3.60336718342443]}}, {"type": "Feature", "properties": {}, "geometry": {"type": "Point", "coordinates": [119.849856524911, -3.96943066170314]}}, {"type": "Feature", "properties": {}, "geometry": {"type": "Point", "coordinates": [120.339438354756, -4.35570623387453]}}, {"type": "Feature", "properties": {}, "geometry": {"type": "Point", "coordinates": [120.314734684443, -4.31528204608915]}}, {"type": "Feature", "properties": {}, "geometry": {"type": "Point", "coordinates": [120.200199485718, -2.94759702601718]}}, {"type": "Feature", "properties": {}, "geometry": {"type": "Point", "coordinates": [119.560149845783, -4.73749022962533]}}, {"type": "Feature", "properties": {}, "geometry": {"type": "Point", "coordinates": [119.508496716946, -4.82732175803728]}}, {"type": "Feature", "properties": {}, "geometry": {"type": "Point", "coordinates": [119.517479869787, -4.72401550036353]}}, {"type": "Feature", "properties": {}, "geometry": {"type": "Point", "coordinates": [120.375370966121, -3.21709161125304]}}, {"type": "Feature", "properties": {}, "geometry": {"type": "Point", "coordinates": [120.409057789276, -4.61846345447949]}}, {"type": "Feature", "properties": {}, "geometry": {"type": "Point", "coordinates": [120.224903156031, -3.04192013084973]}}, {"type": "Feature", "properties": {}, "geometry": {"type": "Point", "coordinates": [119.575870363255, -4.87672909866385]}}, {"type": "Feature", "properties": {}, "geometry": {"type": "Point", "coordinates": [119.627523492092, -5.25626730620435]}}, {"type": "Feature", "properties": {}, "geometry": {"type": "Point", "coordinates": [119.553412481152, -4.89469540434624]}}, {"type": "Feature", "properties": {}, "geometry": {"type": "Point", "coordinates": [119.517479869787, -3.82120863982342]}}, {"type": "Feature", "properties": {}, "geometry": {"type": "Point", "coordinates": [119.515234081577, -4.98901850917879]}}, {"type": "Feature", "properties": {}, "geometry": {"type": "Point", "coordinates": [119.495021987684, -3.62807085373772]}}, {"type": "Feature", "properties": {}, "geometry": {"type": "Point", "coordinates": [120.3708793897, -4.45901249154828]}}, {"type": "Feature", "properties": {}, "geometry": {"type": "Point", "coordinates": [119.517479869787, -4.87672909866385]}}, {"type": "Feature", "properties": {}, "geometry": {"type": "Point", "coordinates": [119.571378786834, -4.93511959213162]}}, {"type": "Feature", "properties": {}, "geometry": {"type": "Point", "coordinates": [120.153037933301, -4.15358529494764]}}, {"type": "Feature", "properties": {}, "geometry": {"type": "Point", "coordinates": [120.391091483593, -3.43942464407262]}}, {"type": "Feature", "properties": {}, "geometry": {"type": "Point", "coordinates": [120.400074636434, -3.78527602845863]}}, {"type": "Feature", "properties": {}, "geometry": {"type": "Point", "coordinates": [119.515234081577, -4.9800353563376]}}, {"type": "Feature", "properties": {}, "geometry": {"type": "Point", "coordinates": [120.348421507597, -4.29506995219646]}}, {"type": "Feature", "properties": {}, "geometry": {"type": "Point", "coordinates": [119.982358029319, -4.10193216611076]}}, {"type": "Feature", "properties": {}, "geometry": {"type": "Point", "coordinates": [119.980112241108, -4.15807687136824]}}, {"type": "Feature", "properties": {}, "geometry": {"type": "Point", "coordinates": [119.944179629744, -4.19850105915361]}}, {"type": "Feature", "properties": {}, "geometry": {"type": "Point", "coordinates": [120.332700990125, -4.15583108315794]}}, {"type": "Feature", "properties": {}, "geometry": {"type": "Point", "coordinates": [119.530954599049, -3.8436665219264]}}, {"type": "Feature", "properties": {}, "geometry": {"type": "Point", "coordinates": [119.510742505156, -5.01821375591268]}}, {"type": "Feature", "properties": {}, "geometry": {"type": "Point", "coordinates": [119.53769196368, -4.69706604183995]}}, {"type": "Feature", "properties": {}, "geometry": {"type": "Point", "coordinates": [119.973374876478, -4.11540689537256]}}, {"type": "Feature", "properties": {}, "geometry": {"type": "Point", "coordinates": [119.937442265113, -4.17379738884033]}}, {"type": "Feature", "properties": {}, "geometry": {"type": "Point", "coordinates": [119.510742505156, -4.81609281698579]}}, {"type": "Feature", "properties": {}, "geometry": {"type": "Point", "coordinates": [119.450106223478, -5.09457055506284]}}, {"type": "Feature", "properties": {}, "geometry": {"type": "Point", "coordinates": [120.361896236859, -4.14909371852704]}}, {"type": "Feature", "properties": {}, "geometry": {"type": "Point", "coordinates": [119.571378786834, -4.87223752224326]}}, {"type": "Feature", "properties": {}, "geometry": {"type": "Point", "coordinates": [119.533200387259, -4.90817013360804]}}, {"type": "Feature", "properties": {}, "geometry": {"type": "Point", "coordinates": [119.519725657997, -3.81671706340282]}}, {"type": "Feature", "properties": {}, "geometry": {"type": "Point", "coordinates": [119.61629455104, -4.39163884523931]}}, {"type": "Feature", "properties": {}, "geometry": {"type": "Point", "coordinates": [119.533200387259, -3.79425918129983]}}, {"type": "Feature", "properties": {}, "geometry": {"type": "Point", "coordinates": [120.325963625494, -3.94023541496925]}}, {"type": "Feature", "properties": {}, "geometry": {"type": "Point", "coordinates": [119.499513564105, -4.7846517820416]}}, {"type": "Feature", "properties": {}, "geometry": {"type": "Point", "coordinates": [120.283293649499, -4.32651098714065]}}, {"type": "Feature", "properties": {}, "geometry": {"type": "Point", "coordinates": [120.328209413705, -3.22382897588393]}}, {"type": "Feature", "properties": {}, "geometry": {"type": "Point", "coordinates": [119.53993775189, -4.66787079510606]}}, {"type": "Feature", "properties": {}, "geometry": {"type": "Point", "coordinates": [119.508496716946, -3.63480821836861]}}, {"type": "Feature", "properties": {}, "geometry": {"type": "Point", "coordinates": [119.495021987684, -4.75994811172832]}}, {"type": "Feature", "properties": {}, "geometry": {"type": "Point", "coordinates": [119.512988293366, -3.80773391056162]}}, {"type": "Feature", "properties": {}, "geometry": {"type": "Point", "coordinates": [119.510742505156, -4.98452693275819]}}, {"type": "Feature", "properties": {}, "geometry": {"type": "Point", "coordinates": [119.984603817529, -4.10193216611076]}}, {"type": "Feature", "properties": {}, "geometry": {"type": "Point", "coordinates": [120.321472049074, -3.97841381454433]}}, {"type": "Feature", "properties": {}, "geometry": {"type": "Point", "coordinates": [120.258589979186, -4.29731574040676]}}, {"type": "Feature", "properties": {}, "geometry": {"type": "Point", "coordinates": [119.548920904731, -5.02270533233327]}}, {"type": "Feature", "properties": {}, "geometry": {"type": "Point", "coordinates": [120.224903156031, -4.24566261156989]}}, {"type": "Feature", "properties": {}, "geometry": {"type": "Point", "coordinates": [120.325963625494, -3.96044750886194]}}, {"type": "Feature", "properties": {}, "geometry": {"type": "Point", "coordinates": [120.310243108022, -4.33100256356124]}}, {"type": "Feature", "properties": {}, "geometry": {"type": "Point", "coordinates": [119.407436247482, -5.47410876260334]}}, {"type": "Feature", "properties": {}, "geometry": {"type": "Point", "coordinates": [120.375370966121, -3.20810845841184]}}, {"type": "Feature", "properties": {}, "geometry": {"type": "Point", "coordinates": [119.566887210413, -4.89244961613594]}}, {"type": "Feature", "properties": {}, "geometry": {"type": "Point", "coordinates": [119.492776199474, -4.9800353563376]}}, {"type": "Feature", "properties": {}, "geometry": {"type": "Point", "coordinates": [120.303505743391, -5.48982928007543]}}, {"type": "Feature", "properties": {}, "geometry": {"type": "Point", "coordinates": [119.456843588109, -5.12825737821732]}}, {"type": "Feature", "properties": {}, "geometry": {"type": "Point", "coordinates": [119.964391723636, -4.10866953074166]}}, {"type": "Feature", "properties": {}, "geometry": {"type": "Point", "coordinates": [119.548920904731, -4.71727813573264]}}, {"type": "Feature", "properties": {}, "geometry": {"type": "Point", "coordinates": [119.530954599049, -3.58315508953174]}}, {"type": "Feature", "properties": {}, "geometry": {"type": "Point", "coordinates": [119.483793046632, -3.72688553499087]}}, {"type": "Feature", "properties": {}, "geometry": {"type": "Point", "coordinates": [120.373125177911, -3.52701038427427]}}, {"type": "Feature", "properties": {}, "geometry": {"type": "Point", "coordinates": [119.521971446207, -4.82283018161668]}}, {"type": "Feature", "properties": {}, "geometry": {"type": "Point", "coordinates": [119.580361939675, -4.86550015761236]}}, {"type": "Feature", "properties": {}, "geometry": {"type": "Point", "coordinates": [120.393337271803, -4.71054077110174]}}, {"type": "Feature", "properties": {}, "geometry": {"type": "Point", "coordinates": [119.948671206164, -4.19625527094331]}}, {"type": "Feature", "properties": {}, "geometry": {"type": "Point", "coordinates": [119.906001230169, -4.18727211810212]}}, {"type": "Feature", "properties": {}, "geometry": {"type": "Point", "coordinates": [120.373125177911, -3.21709161125304]}}, {"type": "Feature", "properties": {}, "geometry": {"type": "Point", "coordinates": [119.562395633993, -4.89469540434624]}}, {"type": "Feature", "properties": {}, "geometry": {"type": "Point", "coordinates": [119.521971446207, -4.71727813573264]}}, {"type": "Feature", "properties": {}, "geometry": {"type": "Point", "coordinates": [120.319226260864, -4.09519480147987]}}, {"type": "Feature", "properties": {}, "geometry": {"type": "Point", "coordinates": [120.352913084018, -3.8414207337161]}}, {"type": "Feature", "properties": {}, "geometry": {"type": "Point", "coordinates": [119.526463022628, -4.87448331045355]}}, {"type": "Feature", "properties": {}, "geometry": {"type": "Point", "coordinates": [120.391091483593, -4.71727813573264]}}, {"type": "Feature", "properties": {}, "geometry": {"type": "Point", "coordinates": [120.391091483593, -3.30018577503409]}}, {"type": "Feature", "properties": {}, "geometry": {"type": "Point", "coordinates": [119.512988293366, -4.81833860519608]}}, {"type": "Feature", "properties": {}, "geometry": {"type": "Point", "coordinates": [119.528708810838, -4.72626128857383]}}, {"type": "Feature", "properties": {}, "geometry": {"type": "Point", "coordinates": [120.316980472653, -4.12888162463435]}}, {"type": "Feature", "properties": {}, "geometry": {"type": "Point", "coordinates": [120.420286730327, -4.62070924268979]}}, {"type": "Feature", "properties": {}, "geometry": {"type": "Point", "coordinates": [119.504005140525, -4.9800353563376]}}, {"type": "Feature", "properties": {}, "geometry": {"type": "Point", "coordinates": [119.528708810838, -4.85651700477116]}}, {"type": "Feature", "properties": {}, "geometry": {"type": "Point", "coordinates": [121.588096599682, -2.79263763950656]}}, {"type": "Feature", "properties": {}, "geometry": {"type": "Point", "coordinates": [120.319226260864, -4.12214426000345]}}, {"type": "Feature", "properties": {}, "geometry": {"type": "Point", "coordinates": [119.551166692941, -4.71727813573264]}}, {"type": "Feature", "properties": {}, "geometry": {"type": "Point", "coordinates": [119.551166692941, -4.94185695676252]}}, {"type": "Feature", "properties": {}, "geometry": {"type": "Point", "coordinates": [119.957654359005, -4.18278054168152]}}, {"type": "Feature", "properties": {}, "geometry": {"type": "Point", "coordinates": [119.557904057572, -4.67460815973696]}}, {"type": "Feature", "properties": {}, "geometry": {"type": "Point", "coordinates": [119.46582674095, -5.10579949611433]}}, {"type": "Feature", "properties": {}, "geometry": {"type": "Point", "coordinates": [119.546675116521, -4.88571225150505]}}, {"type": "Feature", "properties": {}, "geometry": {"type": "Point", "coordinates": [119.953162782585, -4.10642374253136]}}, {"type": "Feature", "properties": {}, "geometry": {"type": "Point", "coordinates": [119.528708810838, -3.58090930132144]}}, {"type": "Feature", "properties": {}, "geometry": {"type": "Point", "coordinates": [119.5421835401, -4.69931183005025]}}, {"type": "Feature", "properties": {}, "geometry": {"type": "Point", "coordinates": [120.281047861288, -5.03618006159507]}}, {"type": "Feature", "properties": {}, "geometry": {"type": "Point", "coordinates": [119.580361939675, -4.92838222750072]}}, {"type": "Feature", "properties": {}, "geometry": {"type": "Point", "coordinates": [120.260835767396, -3.17891321167796]}}, {"type": "Feature", "properties": {}, "geometry": {"type": "Point", "coordinates": [120.204691062138, -4.24341682335959]}}, {"type": "Feature", "properties": {}, "geometry": {"type": "Point", "coordinates": [120.568508752207, -2.67585665257102]}}, {"type": "Feature", "properties": {}, "geometry": {"type": "Point", "coordinates": [120.373125177911, -4.33324835177154]}}, {"type": "Feature", "properties": {}, "geometry": {"type": "Point", "coordinates": [119.61404876283, -4.216467364836]}}, {"type": "Feature", "properties": {}, "geometry": {"type": "Point", "coordinates": [120.377616754331, -4.81833860519608]}}, {"type": "Feature", "properties": {}, "geometry": {"type": "Point", "coordinates": [120.191216332877, -4.21422157662571]}}, {"type": "Feature", "properties": {}, "geometry": {"type": "Point", "coordinates": [119.959900147216, -4.09968637790047]}}, {"type": "Feature", "properties": {}, "geometry": {"type": "Point", "coordinates": [120.413549365696, -3.76506393456594]}}, {"type": "Feature", "properties": {}, "geometry": {"type": "Point", "coordinates": [119.557904057572, -4.91266171002863]}}, {"type": "Feature", "properties": {}, "geometry": {"type": "Point", "coordinates": [120.377616754331, -3.24179528156632]}}, {"type": "Feature", "properties": {}, "geometry": {"type": "Point", "coordinates": [119.980112241108, -4.12439004821375]}}, {"type": "Feature", "properties": {}, "geometry": {"type": "Point", "coordinates": [120.337192566546, -4.07273691937688]}}, {"type": "Feature", "properties": {}, "geometry": {"type": "Point", "coordinates": [119.546675116521, -4.87897488687415]}}, {"type": "Feature", "properties": {}, "geometry": {"type": "Point", "coordinates": [120.316980472653, -4.11989847179316]}}, {"type": "Feature", "properties": {}, "geometry": {"type": "Point", "coordinates": [120.375370966121, -4.34896886924363]}}, {"type": "Feature", "properties": {}, "geometry": {"type": "Point", "coordinates": [120.21592000319, -4.2209589412566]}}, {"type": "Feature", "properties": {}, "geometry": {"type": "Point", "coordinates": [120.346175719387, -3.8414207337161]}}, {"type": "Feature", "properties": {}, "geometry": {"type": "Point", "coordinates": [119.519725657997, -3.60785875984503]}}, {"type": "Feature", "properties": {}, "geometry": {"type": "Point", "coordinates": [119.519725657997, -3.82345442803371]}}, {"type": "Feature", "properties": {}, "geometry": {"type": "Point", "coordinates": [120.391091483593, -4.75096495888712]}}, {"type": "Feature", "properties": {}, "geometry": {"type": "Point", "coordinates": [120.352913084018, -3.83243758087491]}}, {"type": "Feature", "properties": {}, "geometry": {"type": "Point", "coordinates": [119.530954599049, -4.76443968814891]}}, {"type": "Feature", "properties": {}, "geometry": {"type": "Point", "coordinates": [120.341684142967, -4.08172007221808]}}, {"type": "Feature", "properties": {}, "geometry": {"type": "Point", "coordinates": [119.578116151465, -4.64092133658248]}}, {"type": "Feature", "properties": {}, "geometry": {"type": "Point", "coordinates": [120.36414202507, -4.19176369452272]}}, {"type": "Feature", "properties": {}, "geometry": {"type": "Point", "coordinates": [120.334946778336, -4.07498270758718]}}, {"type": "Feature", "properties": {}, "geometry": {"type": "Point", "coordinates": [119.921721747641, -4.11765268358286]}}, {"type": "Feature", "properties": {}, "geometry": {"type": "Point", "coordinates": [120.552788234735, -2.70056032288431]}}, {"type": "Feature", "properties": {}, "geometry": {"type": "Point", "coordinates": [120.411303577486, -3.58989245416264]}}, {"type": "Feature", "properties": {}, "geometry": {"type": "Point", "coordinates": [119.980112241108, -4.10866953074166]}}, {"type": "Feature", "properties": {}, "geometry": {"type": "Point", "coordinates": [119.506250928735, -3.78527602845863]}}, {"type": "Feature", "properties": {}, "geometry": {"type": "Point", "coordinates": [119.486038834843, -5.05863794369806]}}, {"type": "Feature", "properties": {}, "geometry": {"type": "Point", "coordinates": [120.350667295808, -4.06150797832539]}}, {"type": "Feature", "properties": {}, "geometry": {"type": "Point", "coordinates": [120.355158872228, -3.8504038865573]}}, {"type": "Feature", "properties": {}, "geometry": {"type": "Point", "coordinates": [120.168758450774, -4.16481423599913]}}, {"type": "Feature", "properties": {}, "geometry": {"type": "Point", "coordinates": [119.998078546791, -4.18278054168152]}}, {"type": "Feature", "properties": {}, "geometry": {"type": "Point", "coordinates": [120.379862542542, -3.44391622049322]}}, {"type": "Feature", "properties": {}, "geometry": {"type": "Point", "coordinates": [119.517479869787, -3.76730972277624]}}, {"type": "Feature", "properties": {}, "geometry": {"type": "Point", "coordinates": [120.278802073078, -5.08558740222164]}}, {"type": "Feature", "properties": {}, "geometry": {"type": "Point", "coordinates": [120.274310496658, -5.10355370790403]}}, {"type": "Feature", "properties": {}, "geometry": {"type": "Point", "coordinates": [119.906001230169, -4.10642374253136]}}, {"type": "Feature", "properties": {}, "geometry": {"type": "Point", "coordinates": [119.959900147216, -4.11091531895196]}}, {"type": "Feature", "properties": {}, "geometry": {"type": "Point", "coordinates": [119.533200387259, -4.87897488687415]}}, {"type": "Feature", "properties": {}, "geometry": {"type": "Point", "coordinates": [120.2181657914, -4.2254505176772]}}, {"type": "Feature", "properties": {}, "geometry": {"type": "Point", "coordinates": [119.98909539395, -4.13786477747555]}}, {"type": "Feature", "properties": {}, "geometry": {"type": "Point", "coordinates": [120.334946778336, -4.37591832776722]}}, {"type": "Feature", "properties": {}, "geometry": {"type": "Point", "coordinates": [119.508496716946, -4.73749022962533]}}, {"type": "Feature", "properties": {}, "geometry": {"type": "Point", "coordinates": [119.598328245358, -4.4185883037629]}}, {"type": "Feature", "properties": {}, "geometry": {"type": "Point", "coordinates": [119.519725657997, -3.60112139521413]}}, {"type": "Feature", "properties": {}, "geometry": {"type": "Point", "coordinates": [120.415795153906, -4.62969239553098]}}, {"type": "Feature", "properties": {}, "geometry": {"type": "Point", "coordinates": [120.359650448649, -4.83405912266818]}}, {"type": "Feature", "properties": {}, "geometry": {"type": "Point", "coordinates": [120.422532518537, -3.76057235814535]}}, {"type": "Feature", "properties": {}, "geometry": {"type": "Point", "coordinates": [119.481547258422, -5.00698481486118]}}, {"type": "Feature", "properties": {}, "geometry": {"type": "Point", "coordinates": [119.510742505156, -4.82058439340638]}}, {"type": "Feature", "properties": {}, "geometry": {"type": "Point", "coordinates": [119.501759352315, -3.79650496951013]}}, {"type": "Feature", "properties": {}, "geometry": {"type": "Point", "coordinates": [120.200199485718, -2.95208860243778]}}, {"type": "Feature", "properties": {}, "geometry": {"type": "Point", "coordinates": [119.499513564105, -4.82956754624758]}}, {"type": "Feature", "properties": {}, "geometry": {"type": "Point", "coordinates": [119.528708810838, -3.58315508953174]}}, {"type": "Feature", "properties": {}, "geometry": {"type": "Point", "coordinates": [120.2181657914, -2.94310544959658]}}, {"type": "Feature", "properties": {}, "geometry": {"type": "Point", "coordinates": [120.386599907173, -3.44616200870351]}}, {"type": "Feature", "properties": {}, "geometry": {"type": "Point", "coordinates": [120.299014166971, -5.50779558575782]}}, {"type": "Feature", "properties": {}, "geometry": {"type": "Point", "coordinates": [119.966637511847, -4.16706002420943]}}, {"type": "Feature", "properties": {}, "geometry": {"type": "Point", "coordinates": [119.5421835401, -4.95533168602431]}}, {"type": "Feature", "properties": {}, "geometry": {"type": "Point", "coordinates": [120.29227680234, -4.32426519893035]}}, {"type": "Feature", "properties": {}, "geometry": {"type": "Point", "coordinates": [119.971129088267, -4.15133950673734]}}, {"type": "Feature", "properties": {}, "geometry": {"type": "Point", "coordinates": [120.200199485718, -4.24341682335959]}}, {"type": "Feature", "properties": {}, "geometry": {"type": "Point", "coordinates": [120.386599907173, -3.36082205671216]}}, {"type": "Feature", "properties": {}, "geometry": {"type": "Point", "coordinates": [120.312488896233, -4.85427121656086]}}, {"type": "Feature", "properties": {}, "geometry": {"type": "Point", "coordinates": [120.341684142967, -4.13112741284465]}}, {"type": "Feature", "properties": {}, "geometry": {"type": "Point", "coordinates": [119.548920904731, -4.69257446541935]}}, {"type": "Feature", "properties": {}, "geometry": {"type": "Point", "coordinates": [120.330455201915, -4.83405912266818]}}, {"type": "Feature", "properties": {}, "geometry": {"type": "Point", "coordinates": [119.501759352315, -3.62582506552742]}}, {"type": "Feature", "properties": {}, "geometry": {"type": "Point", "coordinates": [120.29003101413, -4.89244961613594]}}, {"type": "Feature", "properties": {}, "geometry": {"type": "Point", "coordinates": [119.519725657997, -5.01596796770238]}}, {"type": "Feature", "properties": {}, "geometry": {"type": "Point", "coordinates": [120.36863360149, -3.21709161125304]}}, {"type": "Feature", "properties": {}, "geometry": {"type": "Point", "coordinates": [120.242869461713, -5.52800767965051]}}, {"type": "Feature", "properties": {}, "geometry": {"type": "Point", "coordinates": [119.423156764954, -5.49881243291662]}}, {"type": "Feature", "properties": {}, "geometry": {"type": "Point", "coordinates": [120.3708793897, -3.80324233414102]}}, {"type": "Feature", "properties": {}, "geometry": {"type": "Point", "coordinates": [120.352913084018, -4.28833258756557]}}, {"type": "Feature", "properties": {}, "geometry": {"type": "Point", "coordinates": [119.535446175469, -4.76219389993861]}}, {"type": "Feature", "properties": {}, "geometry": {"type": "Point", "coordinates": [120.325963625494, -3.98290539096493]}}, {"type": "Feature", "properties": {}, "geometry": {"type": "Point", "coordinates": [120.013799064263, -4.09968637790047]}}, {"type": "Feature", "properties": {}, "geometry": {"type": "Point", "coordinates": [119.623031915671, -5.24952994157345]}}, {"type": "Feature", "properties": {}, "geometry": {"type": "Point", "coordinates": [119.497267775894, -5.02045954412298]}}, {"type": "Feature", "properties": {}, "geometry": {"type": "Point", "coordinates": [120.242869461713, -5.52576189144021]}}, {"type": "Feature", "properties": {}, "geometry": {"type": "Point", "coordinates": [119.506250928735, -5.00249323844059]}}, {"type": "Feature", "properties": {}, "geometry": {"type": "Point", "coordinates": [120.29452259055, -4.29956152861706]}}, {"type": "Feature", "properties": {}, "geometry": {"type": "Point", "coordinates": [120.341684142967, -3.96943066170314]}}, {"type": "Feature", "properties": {}, "geometry": {"type": "Point", "coordinates": [119.625277703881, -4.28384101114497]}}, {"type": "Feature", "properties": {}, "geometry": {"type": "Point", "coordinates": [120.348421507597, -4.39613042165991]}}, {"type": "Feature", "properties": {}, "geometry": {"type": "Point", "coordinates": [119.54442932831, -4.76219389993861]}}, {"type": "Feature", "properties": {}, "geometry": {"type": "Point", "coordinates": [119.461335164529, -5.08783319043194]}}, {"type": "Feature", "properties": {}, "geometry": {"type": "Point", "coordinates": [119.5421835401, -4.95757747423461]}}, {"type": "Feature", "properties": {}, "geometry": {"type": "Point", "coordinates": [120.357404660439, -4.35570623387453]}}, {"type": "Feature", "properties": {}, "geometry": {"type": "Point", "coordinates": [120.386599907173, -3.40349203270784]}}, {"type": "Feature", "properties": {}, "geometry": {"type": "Point", "coordinates": [120.409057789276, -3.60561297163473]}}, {"type": "Feature", "properties": {}, "geometry": {"type": "Point", "coordinates": [119.573624575044, -5.59987290238007]}}, {"type": "Feature", "properties": {}, "geometry": {"type": "Point", "coordinates": [120.406812001065, -4.62295503090009]}}, {"type": "Feature", "properties": {}, "geometry": {"type": "Point", "coordinates": [120.357404660439, -4.36244359850543]}}, {"type": "Feature", "properties": {}, "geometry": {"type": "Point", "coordinates": [120.379862542542, -4.49045352649246]}}, {"type": "Feature", "properties": {}, "geometry": {"type": "Point", "coordinates": [119.519725657997, -4.85876279298146]}}, {"type": "Feature", "properties": {}, "geometry": {"type": "Point", "coordinates": [120.382108330752, -3.284465257562]}}, {"type": "Feature", "properties": {}, "geometry": {"type": "Point", "coordinates": [120.406812001065, -4.67236237152666]}}, {"type": "Feature", "properties": {}, "geometry": {"type": "Point", "coordinates": [119.492776199474, -4.77791441741071]}}, {"type": "Feature", "properties": {}, "geometry": {"type": "Point", "coordinates": [120.382108330752, -3.27323631651051]}}, {"type": "Feature", "properties": {}, "geometry": {"type": "Point", "coordinates": [119.492776199474, -4.76219389993861]}}, {"type": "Feature", "properties": {}, "geometry": {"type": "Point", "coordinates": [119.535446175469, -5.00249323844059]}}, {"type": "Feature", "properties": {}, "geometry": {"type": "Point", "coordinates": [119.53769196368, -4.75545653530772]}}, {"type": "Feature", "properties": {}, "geometry": {"type": "Point", "coordinates": [119.499513564105, -3.6595118886819]}}, {"type": "Feature", "properties": {}, "geometry": {"type": "Point", "coordinates": [120.242869461713, -4.25689155262138]}}, {"type": "Feature", "properties": {}, "geometry": {"type": "Point", "coordinates": [119.524217234418, -4.88795803971535]}}, {"type": "Feature", "properties": {}, "geometry": {"type": "Point", "coordinates": [120.222657367821, -5.49881243291662]}}, {"type": "Feature", "properties": {}, "geometry": {"type": "Point", "coordinates": [120.332700990125, -4.01434642590911]}}, {"type": "Feature", "properties": {}, "geometry": {"type": "Point", "coordinates": [119.582607727886, -4.86325436940206]}}, {"type": "Feature", "properties": {}, "geometry": {"type": "Point", "coordinates": [119.596082457147, -4.91490749823893]}}, {"type": "Feature", "properties": {}, "geometry": {"type": "Point", "coordinates": [119.854348101332, -3.97167644991343]}}, {"type": "Feature", "properties": {}, "geometry": {"type": "Point", "coordinates": [120.393337271803, -3.78078445203804]}}, {"type": "Feature", "properties": {}, "geometry": {"type": "Point", "coordinates": [121.41966248391, -2.59051670057967]}}, {"type": "Feature", "properties": {}, "geometry": {"type": "Point", "coordinates": [119.506250928735, -5.00024745023029]}}, {"type": "Feature", "properties": {}, "geometry": {"type": "Point", "coordinates": [120.373125177911, -3.53150196069487]}}, {"type": "Feature", "properties": {}, "geometry": {"type": "Point", "coordinates": [120.296768378761, -4.30405310503766]}}, {"type": "Feature", "properties": {}, "geometry": {"type": "Point", "coordinates": [119.629769280302, -4.34447729282304]}}, {"type": "Feature", "properties": {}, "geometry": {"type": "Point", "coordinates": [120.373125177911, -4.80261808772399]}}, {"type": "Feature", "properties": {}, "geometry": {"type": "Point", "coordinates": [119.966637511847, -4.20523842378451]}}, {"type": "Feature", "properties": {}, "geometry": {"type": "Point", "coordinates": [119.447860435268, -5.5324992560711]}}, {"type": "Feature", "properties": {}, "geometry": {"type": "Point", "coordinates": [119.512988293366, -4.84977964014027]}}, {"type": "Feature", "properties": {}, "geometry": {"type": "Point", "coordinates": [120.316980472653, -4.31528204608915]}}, {"type": "Feature", "properties": {}, "geometry": {"type": "Point", "coordinates": [120.312488896233, -3.19687951736035]}}, {"type": "Feature", "properties": {}, "geometry": {"type": "Point", "coordinates": [120.352913084018, -4.14909371852704]}}, {"type": "Feature", "properties": {}, "geometry": {"type": "Point", "coordinates": [119.492776199474, -5.11927422537612]}}, {"type": "Feature", "properties": {}, "geometry": {"type": "Point", "coordinates": [120.379862542542, -3.80773391056162]}}, {"type": "Feature", "properties": {}, "geometry": {"type": "Point", "coordinates": [119.553412481152, -4.73524444141503]}}, {"type": "Feature", "properties": {}, "geometry": {"type": "Point", "coordinates": [120.281047861288, -5.08783319043194]}}, {"type": "Feature", "properties": {}, "geometry": {"type": "Point", "coordinates": [119.528708810838, -3.59438403058324]}}, {"type": "Feature", "properties": {}, "geometry": {"type": "Point", "coordinates": [119.416419400323, -5.47635455081363]}}, {"type": "Feature", "properties": {}, "geometry": {"type": "Point", "coordinates": [120.274310496658, -4.27934943472437]}}, {"type": "Feature", "properties": {}, "geometry": {"type": "Point", "coordinates": [119.555658269362, -4.68359131257816]}}, {"type": "Feature", "properties": {}, "geometry": {"type": "Point", "coordinates": [120.400074636434, -3.78752181666893]}}, {"type": "Feature", "properties": {}, "geometry": {"type": "Point", "coordinates": [119.975620664688, -4.16930581241973]}}, {"type": "Feature", "properties": {}, "geometry": {"type": "Point", "coordinates": [119.530954599049, -3.57866351311114]}}, {"type": "Feature", "properties": {}, "geometry": {"type": "Point", "coordinates": [119.569132998624, -4.6094803016383]}}, {"type": "Feature", "properties": {}, "geometry": {"type": "Point", "coordinates": [119.524217234418, -4.96431483886551]}}, {"type": "Feature", "properties": {}, "geometry": {"type": "Point", "coordinates": [119.517479869787, -4.81384702877549]}}, {"type": "Feature", "properties": {}, "geometry": {"type": "Point", "coordinates": [119.548920904731, -3.88184492150148]}}, {"type": "Feature", "properties": {}, "geometry": {"type": "Point", "coordinates": [119.506250928735, -4.80261808772399]}}, {"type": "Feature", "properties": {}, "geometry": {"type": "Point", "coordinates": [119.526463022628, -3.59662981879353]}}, {"type": "Feature", "properties": {}, "geometry": {"type": "Point", "coordinates": [119.495021987684, -4.76893126456951]}}, {"type": "Feature", "properties": {}, "geometry": {"type": "Point", "coordinates": [120.357404660439, -4.43655460944529]}}, {"type": "Feature", "properties": {}, "geometry": {"type": "Point", "coordinates": [119.506250928735, -4.77117705277981]}}, {"type": "Feature", "properties": {}, "geometry": {"type": "Point", "coordinates": [120.224903156031, -4.26138312904198]}}, {"type": "Feature", "properties": {}, "geometry": {"type": "Point", "coordinates": [120.29003101413, -4.27934943472437]}}, {"type": "Feature", "properties": {}, "geometry": {"type": "Point", "coordinates": [119.620786127461, -5.25402151799405]}}, {"type": "Feature", "properties": {}, "geometry": {"type": "Point", "coordinates": [119.858839677752, -3.96044750886194]}}, {"type": "Feature", "properties": {}, "geometry": {"type": "Point", "coordinates": [119.600574033568, -5.26075888262495]}}, {"type": "Feature", "properties": {}, "geometry": {"type": "Point", "coordinates": [119.524217234418, -3.59887560700383]}}, {"type": "Feature", "properties": {}, "geometry": {"type": "Point", "coordinates": [120.197953697507, -4.25464576441108]}}, {"type": "Feature", "properties": {}, "geometry": {"type": "Point", "coordinates": [119.474809893791, -3.73811447604236]}}, {"type": "Feature", "properties": {}, "geometry": {"type": "Point", "coordinates": [120.29003101413, -5.50105822112692]}}, {"type": "Feature", "properties": {}, "geometry": {"type": "Point", "coordinates": [120.200199485718, -4.25689155262138]}}, {"type": "Feature", "properties": {}, "geometry": {"type": "Point", "coordinates": [120.319226260864, -4.14460214210644]}}, {"type": "Feature", "properties": {}, "geometry": {"type": "Point", "coordinates": [119.504005140525, -4.74422759425622]}}, {"type": "Feature", "properties": {}, "geometry": {"type": "Point", "coordinates": [119.53993775189, -3.87735334508089]}}, {"type": "Feature", "properties": {}, "geometry": {"type": "Point", "coordinates": [119.515234081577, -3.75158920530415]}}, {"type": "Feature", "properties": {}, "geometry": {"type": "Point", "coordinates": [119.46807252916, -5.02944269696417]}}, {"type": "Feature", "properties": {}, "geometry": {"type": "Point", "coordinates": [119.501759352315, -4.7936349348828]}}, {"type": "Feature", "properties": {}, "geometry": {"type": "Point", "coordinates": [119.53769196368, -4.66787079510606]}}, {"type": "Feature", "properties": {}, "geometry": {"type": "Point", "coordinates": [120.346175719387, -4.32651098714065]}}, {"type": "Feature", "properties": {}, "geometry": {"type": "Point", "coordinates": [119.519725657997, -4.74198180604592]}}, {"type": "Feature", "properties": {}, "geometry": {"type": "Point", "coordinates": [119.930704900482, -4.16032265957853]}}, {"type": "Feature", "properties": {}, "geometry": {"type": "Point", "coordinates": [119.479301470212, -5.11702843716582]}}, {"type": "Feature", "properties": {}, "geometry": {"type": "Point", "coordinates": [120.36863360149, -4.36918096313632]}}, {"type": "Feature", "properties": {}, "geometry": {"type": "Point", "coordinates": [119.959900147216, -4.11989847179316]}}, {"type": "Feature", "properties": {}, "geometry": {"type": "Point", "coordinates": [119.910492806589, -4.17604317705063]}}, {"type": "Feature", "properties": {}, "geometry": {"type": "Point", "coordinates": [119.555658269362, -4.94410274497282]}}, {"type": "Feature", "properties": {}, "geometry": {"type": "Point", "coordinates": [119.591590880727, -4.93736538034192]}}, {"type": "Feature", "properties": {}, "geometry": {"type": "Point", "coordinates": [119.46807252916, -5.06986688474955]}}, {"type": "Feature", "properties": {}, "geometry": {"type": "Point", "coordinates": [119.450106223478, -5.51453295038871]}}, {"type": "Feature", "properties": {}, "geometry": {"type": "Point", "coordinates": [119.501759352315, -4.7913891466725]}}, {"type": "Feature", "properties": {}, "geometry": {"type": "Point", "coordinates": [119.497267775894, -3.6550203122613]}}, {"type": "Feature", "properties": {}, "geometry": {"type": "Point", "coordinates": [119.564641422203, -4.71054077110174]}}, {"type": "Feature", "properties": {}, "geometry": {"type": "Point", "coordinates": [120.325963625494, -4.16930581241973]}}, {"type": "Feature", "properties": {}, "geometry": {"type": "Point", "coordinates": [119.535446175469, -4.74871917067682]}}, {"type": "Feature", "properties": {}, "geometry": {"type": "Point", "coordinates": [120.422532518537, -4.67460815973696]}}, {"type": "Feature", "properties": {}, "geometry": {"type": "Point", "coordinates": [120.386599907173, -3.44167043228292]}}, {"type": "Feature", "properties": {}, "geometry": {"type": "Point", "coordinates": [119.591590880727, -4.64092133658248]}}, {"type": "Feature", "properties": {}, "geometry": {"type": "Point", "coordinates": [120.36638781328, -3.83917494550581]}}, {"type": "Feature", "properties": {}, "geometry": {"type": "Point", "coordinates": [119.524217234418, -4.76443968814891]}}, {"type": "Feature", "properties": {}, "geometry": {"type": "Point", "coordinates": [120.231640520662, -4.26587470546258]}}, {"type": "Feature", "properties": {}, "geometry": {"type": "Point", "coordinates": [120.377616754331, -3.23281212872513]}}, {"type": "Feature", "properties": {}, "geometry": {"type": "Point", "coordinates": [119.46582674095, -5.08334161401134]}}, {"type": "Feature", "properties": {}, "geometry": {"type": "Point", "coordinates": [119.636506644933, -4.34672308103333]}}, {"type": "Feature", "properties": {}, "geometry": {"type": "Point", "coordinates": [119.54442932831, -3.78976760487923]}}, {"type": "Feature", "properties": {}, "geometry": {"type": "Point", "coordinates": [120.418040942117, -3.75158920530415]}}, {"type": "Feature", "properties": {}, "geometry": {"type": "Point", "coordinates": [120.339438354756, -4.37816411597752]}}, {"type": "Feature", "properties": {}, "geometry": {"type": "Point", "coordinates": [120.321472049074, -4.14684793031674]}}, {"type": "Feature", "properties": {}, "geometry": {"type": "Point", "coordinates": [119.54442932831, -4.9688064152861]}}, {"type": "Feature", "properties": {}, "geometry": {"type": "Point", "coordinates": [119.53993775189, -4.95533168602431]}}, {"type": "Feature", "properties": {}, "geometry": {"type": "Point", "coordinates": [119.535446175469, -4.73749022962533]}}, {"type": "Feature", "properties": {}, "geometry": {"type": "Point", "coordinates": [120.242869461713, -4.27934943472437]}}, {"type": "Feature", "properties": {}, "geometry": {"type": "Point", "coordinates": [119.526463022628, -4.69706604183995]}}, {"type": "Feature", "properties": {}, "geometry": {"type": "Point", "coordinates": [120.272064708447, -2.92738493212449]}}, {"type": "Feature", "properties": {}, "geometry": {"type": "Point", "coordinates": [120.323717837284, -5.50554979754752]}}, {"type": "Feature", "properties": {}, "geometry": {"type": "Point", "coordinates": [119.530954599049, -4.88571225150505]}}, {"type": "Feature", "properties": {}, "geometry": {"type": "Point", "coordinates": [120.339438354756, -3.848158098347]}}, {"type": "Feature", "properties": {}, "geometry": {"type": "Point", "coordinates": [119.569132998624, -4.91939907465953]}}, {"type": "Feature", "properties": {}, "geometry": {"type": "Point", "coordinates": [120.242869461713, -4.28608679935527]}}, {"type": "Feature", "properties": {}, "geometry": {"type": "Point", "coordinates": [120.000324335001, -4.16930581241973]}}, {"type": "Feature", "properties": {}, "geometry": {"type": "Point", "coordinates": [120.242869461713, -4.25913734083168]}}, {"type": "Feature", "properties": {}, "geometry": {"type": "Point", "coordinates": [119.492776199474, -5.01821375591268]}}, {"type": "Feature", "properties": {}, "geometry": {"type": "Point", "coordinates": [120.281047861288, -4.30180731682736]}}, {"type": "Feature", "properties": {}, "geometry": {"type": "Point", "coordinates": [119.409682035693, -5.48758349186513]}}, {"type": "Feature", "properties": {}, "geometry": {"type": "Point", "coordinates": [119.99358697037, -4.18053475347122]}}, {"type": "Feature", "properties": {}, "geometry": {"type": "Point", "coordinates": [119.553412481152, -5.03842584980537]}}, {"type": "Feature", "properties": {}, "geometry": {"type": "Point", "coordinates": [120.328209413705, -4.09294901326957]}}, {"type": "Feature", "properties": {}, "geometry": {"type": "Point", "coordinates": [119.521971446207, -3.80324233414102]}}, {"type": "Feature", "properties": {}, "geometry": {"type": "Point", "coordinates": [119.486038834843, -4.99126429738909]}}, {"type": "Feature", "properties": {}, "geometry": {"type": "Point", "coordinates": [120.330455201915, -3.94472699138985]}}, {"type": "Feature", "properties": {}, "geometry": {"type": "Point", "coordinates": [119.517479869787, -3.80773391056162]}}, {"type": "Feature", "properties": {}, "geometry": {"type": "Point", "coordinates": [119.504005140525, -3.62807085373772]}}, {"type": "Feature", "properties": {}, "geometry": {"type": "Point", "coordinates": [119.957654359005, -4.11765268358286]}}, {"type": "Feature", "properties": {}, "geometry": {"type": "Point", "coordinates": [119.535446175469, -4.85202542835057]}}, {"type": "Feature", "properties": {}, "geometry": {"type": "Point", "coordinates": [120.361896236859, -3.45289937333441]}}, {"type": "Feature", "properties": {}, "geometry": {"type": "Point", "coordinates": [119.535446175469, -4.92613643929043]}}, {"type": "Feature", "properties": {}, "geometry": {"type": "Point", "coordinates": [120.278802073078, -5.06312952011865]}}, {"type": "Feature", "properties": {}, "geometry": {"type": "Point", "coordinates": [120.377616754331, -3.75832656993505]}}, {"type": "Feature", "properties": {}, "geometry": {"type": "Point", "coordinates": [119.521971446207, -3.60785875984503]}}, {"type": "Feature", "properties": {}, "geometry": {"type": "Point", "coordinates": [120.386599907173, -3.79201339308953]}}, {"type": "Feature", "properties": {}, "geometry": {"type": "Point", "coordinates": [119.477055682002, -5.01596796770238]}}, {"type": "Feature", "properties": {}, "geometry": {"type": "Point", "coordinates": [119.519725657997, -4.74871917067682]}}, {"type": "Feature", "properties": {}, "geometry": {"type": "Point", "coordinates": [120.186724756456, -4.26362891725228]}}, {"type": "Feature", "properties": {}, "geometry": {"type": "Point", "coordinates": [119.492776199474, -4.99126429738909]}}, {"type": "Feature", "properties": {}, "geometry": {"type": "Point", "coordinates": [120.153037933301, -4.21422157662571]}}, {"type": "Feature", "properties": {}, "geometry": {"type": "Point", "coordinates": [119.510742505156, -4.73075286499443]}}, {"type": "Feature", "properties": {}, "geometry": {"type": "Point", "coordinates": [119.928459112272, -4.12214426000345]}}, {"type": "Feature", "properties": {}, "geometry": {"type": "Point", "coordinates": [119.519725657997, -4.98452693275819]}}, {"type": "Feature", "properties": {}, "geometry": {"type": "Point", "coordinates": [119.555658269362, -4.91266171002863]}}, {"type": "Feature", "properties": {}, "geometry": {"type": "Point", "coordinates": [120.397828848224, -3.78303024024834]}}, {"type": "Feature", "properties": {}, "geometry": {"type": "Point", "coordinates": [119.548920904731, -5.02944269696417]}}, {"type": "Feature", "properties": {}, "geometry": {"type": "Point", "coordinates": [120.478677223795, -2.76119660456238]}}, {"type": "Feature", "properties": {}, "geometry": {"type": "Point", "coordinates": [120.339438354756, -4.15807687136824]}}, {"type": "Feature", "properties": {}, "geometry": {"type": "Point", "coordinates": [119.483793046632, -5.04067163801566]}}, {"type": "Feature", "properties": {}, "geometry": {"type": "Point", "coordinates": [119.984603817529, -4.10642374253136]}}, {"type": "Feature", "properties": {}, "geometry": {"type": "Point", "coordinates": [119.598328245358, -4.24341682335959]}}, {"type": "Feature", "properties": {}, "geometry": {"type": "Point", "coordinates": [119.521971446207, -4.70155761826055]}}, {"type": "Feature", "properties": {}, "geometry": {"type": "Point", "coordinates": [120.236132097083, -2.94085966138628]}}, {"type": "Feature", "properties": {}, "geometry": {"type": "Point", "coordinates": [119.548920904731, -4.75770232351802]}}, {"type": "Feature", "properties": {}, "geometry": {"type": "Point", "coordinates": [119.578116151465, -4.91490749823893]}}, {"type": "Feature", "properties": {}, "geometry": {"type": "Point", "coordinates": [119.634260856722, -4.35346044566423]}}, {"type": "Feature", "properties": {}, "geometry": {"type": "Point", "coordinates": [120.272064708447, -4.30405310503766]}}, {"type": "Feature", "properties": {}, "geometry": {"type": "Point", "coordinates": [120.332700990125, -4.13337320105495]}}, {"type": "Feature", "properties": {}, "geometry": {"type": "Point", "coordinates": [120.328209413705, -3.94023541496925]}}, {"type": "Feature", "properties": {}, "geometry": {"type": "Point", "coordinates": [120.411303577486, -3.59438403058324]}}, {"type": "Feature", "properties": {}, "geometry": {"type": "Point", "coordinates": [119.591590880727, -4.89244961613594]}}, {"type": "Feature", "properties": {}, "geometry": {"type": "Point", "coordinates": [119.459089376319, -3.72239395857027]}}, {"type": "Feature", "properties": {}, "geometry": {"type": "Point", "coordinates": [120.546050870104, -2.7162808403564]}}, {"type": "Feature", "properties": {}, "geometry": {"type": "Point", "coordinates": [120.323717837284, -3.19687951736035]}}, {"type": "Feature", "properties": {}, "geometry": {"type": "Point", "coordinates": [119.551166692941, -4.87448331045355]}}, {"type": "Feature", "properties": {}, "geometry": {"type": "Point", "coordinates": [120.247361038134, -4.24790839978019]}}, {"type": "Feature", "properties": {}, "geometry": {"type": "Point", "coordinates": [119.535446175469, -4.92389065108013]}}, {"type": "Feature", "properties": {}, "geometry": {"type": "Point", "coordinates": [120.3708793897, -3.83243758087491]}}, {"type": "Feature", "properties": {}, "geometry": {"type": "Point", "coordinates": [120.393337271803, -3.37205099776365]}}, {"type": "Feature", "properties": {}, "geometry": {"type": "Point", "coordinates": [119.982358029319, -4.10866953074166]}}, {"type": "Feature", "properties": {}, "geometry": {"type": "Point", "coordinates": [119.456843588109, -5.11927422537612]}}, {"type": "Feature", "properties": {}, "geometry": {"type": "Point", "coordinates": [120.339438354756, -3.19912530557065]}}, {"type": "Feature", "properties": {}, "geometry": {"type": "Point", "coordinates": [119.535446175469, -4.69032867720905]}}, {"type": "Feature", "properties": {}, "geometry": {"type": "Point", "coordinates": [120.375370966121, -3.83019179266461]}}, {"type": "Feature", "properties": {}, "geometry": {"type": "Point", "coordinates": [119.591590880727, -4.61172608984859]}}, {"type": "Feature", "properties": {}, "geometry": {"type": "Point", "coordinates": [119.497267775894, -3.60336718342443]}}, {"type": "Feature", "properties": {}, "geometry": {"type": "Point", "coordinates": [119.99134118216, -4.16032265957853]}}, {"type": "Feature", "properties": {}, "geometry": {"type": "Point", "coordinates": [119.598328245358, -5.26300467083525]}}, {"type": "Feature", "properties": {}, "geometry": {"type": "Point", "coordinates": [120.357404660439, -3.20361688199124]}}, {"type": "Feature", "properties": {}, "geometry": {"type": "Point", "coordinates": [120.247361038134, -5.52800767965051]}}, {"type": "Feature", "properties": {}, "geometry": {"type": "Point", "coordinates": [119.553412481152, -4.87223752224326]}}, {"type": "Feature", "properties": {}, "geometry": {"type": "Point", "coordinates": [119.953162782585, -4.20299263557421]}}, {"type": "Feature", "properties": {}, "geometry": {"type": "Point", "coordinates": [119.515234081577, -4.9688064152861]}}, {"type": "Feature", "properties": {}, "geometry": {"type": "Point", "coordinates": [119.506250928735, -3.61908770089652]}}, {"type": "Feature", "properties": {}, "geometry": {"type": "Point", "coordinates": [119.452352011688, -5.50330400933722]}}, {"type": "Feature", "properties": {}, "geometry": {"type": "Point", "coordinates": [119.923967535851, -4.16706002420943]}}, {"type": "Feature", "properties": {}, "geometry": {"type": "Point", "coordinates": [119.856593889542, -3.97167644991343]}}, {"type": "Feature", "properties": {}, "geometry": {"type": "Point", "coordinates": [119.524217234418, -4.91715328644923]}}, {"type": "Feature", "properties": {}, "geometry": {"type": "Point", "coordinates": [119.526463022628, -4.95308589781401]}}, {"type": "Feature", "properties": {}, "geometry": {"type": "Point", "coordinates": [120.382108330752, -3.33387259818857]}}, {"type": "Feature", "properties": {}, "geometry": {"type": "Point", "coordinates": [119.409682035693, -5.48309191544453]}}, {"type": "Feature", "properties": {}, "geometry": {"type": "Point", "coordinates": [119.524217234418, -4.70829498289144]}}, {"type": "Feature", "properties": {}, "geometry": {"type": "Point", "coordinates": [120.334946778336, -4.4051135745011]}}, {"type": "Feature", "properties": {}, "geometry": {"type": "Point", "coordinates": [120.388845695383, -3.38777151523575]}}, {"type": "Feature", "properties": {}, "geometry": {"type": "Point", "coordinates": [120.375370966121, -3.23056634051483]}}, {"type": "Feature", "properties": {}, "geometry": {"type": "Point", "coordinates": [120.357404660439, -3.8526496747676]}}, {"type": "Feature", "properties": {}, "geometry": {"type": "Point", "coordinates": [119.99134118216, -4.14909371852704]}}, {"type": "Feature", "properties": {}, "geometry": {"type": "Point", "coordinates": [120.36414202507, -4.16930581241973]}}, {"type": "Feature", "properties": {}, "geometry": {"type": "Point", "coordinates": [119.600574033568, -4.4208340919732]}}, {"type": "Feature", "properties": {}, "geometry": {"type": "Point", "coordinates": [120.332700990125, -4.02557536696061]}}, {"type": "Feature", "properties": {}, "geometry": {"type": "Point", "coordinates": [119.526463022628, -4.88122067508445]}}, {"type": "Feature", "properties": {}, "geometry": {"type": "Point", "coordinates": [120.3708793897, -3.21035424662214]}}, {"type": "Feature", "properties": {}, "geometry": {"type": "Point", "coordinates": [119.53769196368, -3.79875075772043]}}, {"type": "Feature", "properties": {}, "geometry": {"type": "Point", "coordinates": [119.519725657997, -4.89694119255654]}}, {"type": "Feature", "properties": {}, "geometry": {"type": "Point", "coordinates": [120.000324335001, -4.10642374253136]}}, {"type": "Feature", "properties": {}, "geometry": {"type": "Point", "coordinates": [120.355158872228, -4.14235635389614]}}, {"type": "Feature", "properties": {}, "geometry": {"type": "Point", "coordinates": [120.377616754331, -3.78752181666893]}}, {"type": "Feature", "properties": {}, "geometry": {"type": "Point", "coordinates": [119.501759352315, -3.77404708740714]}}, {"type": "Feature", "properties": {}, "geometry": {"type": "Point", "coordinates": [120.431515671379, -4.62969239553098]}}, {"type": "Feature", "properties": {}, "geometry": {"type": "Point", "coordinates": [120.373125177911, -4.36244359850543]}}, {"type": "Feature", "properties": {}, "geometry": {"type": "Point", "coordinates": [119.483793046632, -3.652774524051]}}, {"type": "Feature", "properties": {}, "geometry": {"type": "Point", "coordinates": [119.982358029319, -4.18053475347122]}}, {"type": "Feature", "properties": {}, "geometry": {"type": "Point", "coordinates": [119.948671206164, -4.16032265957853]}}, {"type": "Feature", "properties": {}, "geometry": {"type": "Point", "coordinates": [119.584853516096, -4.86100858119176]}}, {"type": "Feature", "properties": {}, "geometry": {"type": "Point", "coordinates": [120.272064708447, -4.30854468145826]}}, {"type": "Feature", "properties": {}, "geometry": {"type": "Point", "coordinates": [120.388845695383, -3.35408469208126]}}, {"type": "Feature", "properties": {}, "geometry": {"type": "Point", "coordinates": [120.332700990125, -4.37367253955692]}}, {"type": "Feature", "properties": {}, "geometry": {"type": "Point", "coordinates": [119.521971446207, -4.72626128857383]}}, {"type": "Feature", "properties": {}, "geometry": {"type": "Point", "coordinates": [120.541559293683, -2.7297555696182]}}, {"type": "Feature", "properties": {}, "geometry": {"type": "Point", "coordinates": [119.964391723636, -4.11765268358286]}}, {"type": "Feature", "properties": {}, "geometry": {"type": "Point", "coordinates": [119.971129088267, -4.11765268358286]}}, {"type": "Feature", "properties": {}, "geometry": {"type": "Point", "coordinates": [119.575870363255, -4.86999173403296]}}, {"type": "Feature", "properties": {}, "geometry": {"type": "Point", "coordinates": [120.382108330752, -3.44391622049322]}}, {"type": "Feature", "properties": {}, "geometry": {"type": "Point", "coordinates": [120.534821929052, -2.7140350521461]}}, {"type": "Feature", "properties": {}, "geometry": {"type": "Point", "coordinates": [119.950916994375, -4.15583108315794]}}, {"type": "Feature", "properties": {}, "geometry": {"type": "Point", "coordinates": [119.521971446207, -4.95757747423461]}}, {"type": "Feature", "properties": {}, "geometry": {"type": "Point", "coordinates": [119.600574033568, -4.4185883037629]}}, {"type": "Feature", "properties": {}, "geometry": {"type": "Point", "coordinates": [119.953162782585, -4.17604317705063]}}, {"type": "Feature", "properties": {}, "geometry": {"type": "Point", "coordinates": [119.99358697037, -4.16706002420943]}}, {"type": "Feature", "properties": {}, "geometry": {"type": "Point", "coordinates": [120.054223252048, -4.15807687136824]}}, {"type": "Feature", "properties": {}, "geometry": {"type": "Point", "coordinates": [120.427024094958, -2.83306182729194]}}, {"type": "Feature", "properties": {}, "geometry": {"type": "Point", "coordinates": [120.334946778336, -3.97167644991343]}}, {"type": "Feature", "properties": {}, "geometry": {"type": "Point", "coordinates": [119.944179629744, -4.15807687136824]}}, {"type": "Feature", "properties": {}, "geometry": {"type": "Point", "coordinates": [119.501759352315, -4.72626128857383]}}, {"type": "Feature", "properties": {}, "geometry": {"type": "Point", "coordinates": [119.562395633993, -4.88346646329475]}}, {"type": "Feature", "properties": {}, "geometry": {"type": "Point", "coordinates": [119.977866452898, -4.11091531895196]}}, {"type": "Feature", "properties": {}, "geometry": {"type": "Point", "coordinates": [120.211428426769, -4.28833258756557]}}, {"type": "Feature", "properties": {}, "geometry": {"type": "Point", "coordinates": [120.319226260864, -3.94023541496925]}}, {"type": "Feature", "properties": {}, "geometry": {"type": "Point", "coordinates": [120.263081555606, -4.27485785830377]}}, {"type": "Feature", "properties": {}, "geometry": {"type": "Point", "coordinates": [119.573624575044, -4.63867554837218]}}, {"type": "Feature", "properties": {}, "geometry": {"type": "Point", "coordinates": [119.932950688692, -4.11091531895196]}}, {"type": "Feature", "properties": {}, "geometry": {"type": "Point", "coordinates": [120.281047861288, -4.31528204608915]}}, {"type": "Feature", "properties": {}, "geometry": {"type": "Point", "coordinates": [120.36863360149, -4.31752783429945]}}, {"type": "Feature", "properties": {}, "geometry": {"type": "Point", "coordinates": [119.499513564105, -5.01821375591268]}}, {"type": "Feature", "properties": {}, "geometry": {"type": "Point", "coordinates": [120.323717837284, -5.50105822112692]}}, {"type": "Feature", "properties": {}, "geometry": {"type": "Point", "coordinates": [119.546675116521, -4.68808288899875]}}, {"type": "Feature", "properties": {}, "geometry": {"type": "Point", "coordinates": [120.395583060014, -3.33611838639887]}}, {"type": "Feature", "properties": {}, "geometry": {"type": "Point", "coordinates": [119.528708810838, -3.58989245416264]}}, {"type": "Feature", "properties": {}, "geometry": {"type": "Point", "coordinates": [119.557904057572, -4.88571225150505]}}, {"type": "Feature", "properties": {}, "geometry": {"type": "Point", "coordinates": [120.188970544666, -4.26362891725228]}}, {"type": "Feature", "properties": {}, "geometry": {"type": "Point", "coordinates": [119.61404876283, -5.25851309441465]}}, {"type": "Feature", "properties": {}, "geometry": {"type": "Point", "coordinates": [119.966637511847, -4.17828896526092]}}, {"type": "Feature", "properties": {}, "geometry": {"type": "Point", "coordinates": [120.36638781328, -3.83019179266461]}}, {"type": "Feature", "properties": {}, "geometry": {"type": "Point", "coordinates": [120.379862542542, -3.78752181666893]}}, {"type": "Feature", "properties": {}, "geometry": {"type": "Point", "coordinates": [119.946425417954, -4.17604317705063]}}, {"type": "Feature", "properties": {}, "geometry": {"type": "Point", "coordinates": [119.986849605739, -4.18278054168152]}}, {"type": "Feature", "properties": {}, "geometry": {"type": "Point", "coordinates": [119.490530411263, -5.02944269696417]}}, {"type": "Feature", "properties": {}, "geometry": {"type": "Point", "coordinates": [120.224903156031, -4.24790839978019]}}, {"type": "Feature", "properties": {}, "geometry": {"type": "Point", "coordinates": [121.518477165163, -2.65789034688863]}}, {"type": "Feature", "properties": {}, "geometry": {"type": "Point", "coordinates": [120.36863360149, -4.51066562038515]}}, {"type": "Feature", "properties": {}, "geometry": {"type": "Point", "coordinates": [119.492776199474, -3.62582506552742]}}, {"type": "Feature", "properties": {}, "geometry": {"type": "Point", "coordinates": [119.517479869787, -4.99351008559939]}}, {"type": "Feature", "properties": {}, "geometry": {"type": "Point", "coordinates": [120.3708793897, -3.23505791693543]}}, {"type": "Feature", "properties": {}, "geometry": {"type": "Point", "coordinates": [120.341684142967, -3.86837019223969]}}, {"type": "Feature", "properties": {}, "geometry": {"type": "Point", "coordinates": [119.593836668937, -4.62295503090009]}}, {"type": "Feature", "properties": {}, "geometry": {"type": "Point", "coordinates": [120.287785225919, -5.01372217949208]}}, {"type": "Feature", "properties": {}, "geometry": {"type": "Point", "coordinates": [119.528708810838, -4.98452693275819]}}, {"type": "Feature", "properties": {}, "geometry": {"type": "Point", "coordinates": [120.343929931177, -3.87735334508089]}}, {"type": "Feature", "properties": {}, "geometry": {"type": "Point", "coordinates": [120.424778306748, -3.74934341709385]}}, {"type": "Feature", "properties": {}, "geometry": {"type": "Point", "coordinates": [120.393337271803, -3.33162680997828]}}, {"type": "Feature", "properties": {}, "geometry": {"type": "Point", "coordinates": [120.382108330752, -3.32938102176798]}}, {"type": "Feature", "properties": {}, "geometry": {"type": "Point", "coordinates": [120.355158872228, -3.848158098347]}}, {"type": "Feature", "properties": {}, "geometry": {"type": "Point", "coordinates": [119.530954599049, -4.95084010960371]}}, {"type": "Feature", "properties": {}, "geometry": {"type": "Point", "coordinates": [120.276556284868, -4.31977362250975]}}, {"type": "Feature", "properties": {}, "geometry": {"type": "Point", "coordinates": [119.533200387259, -4.67011658331636]}}, {"type": "Feature", "properties": {}, "geometry": {"type": "Point", "coordinates": [119.926213324061, -4.18502632989182]}}, {"type": "Feature", "properties": {}, "geometry": {"type": "Point", "coordinates": [120.328209413705, -3.8504038865573]}}, {"type": "Feature", "properties": {}, "geometry": {"type": "Point", "coordinates": [120.2181657914, -4.28608679935527]}}, {"type": "Feature", "properties": {}, "geometry": {"type": "Point", "coordinates": [119.623031915671, -4.36693517492602]}}, {"type": "Feature", "properties": {}, "geometry": {"type": "Point", "coordinates": [119.416419400323, -5.47186297439304]}}, {"type": "Feature", "properties": {}, "geometry": {"type": "Point", "coordinates": [119.971129088267, -4.18053475347122]}}, {"type": "Feature", "properties": {}, "geometry": {"type": "Point", "coordinates": [120.21367421498, -3.00598751948495]}}, {"type": "Feature", "properties": {}, "geometry": {"type": "Point", "coordinates": [120.337192566546, -4.16032265957853]}}, {"type": "Feature", "properties": {}, "geometry": {"type": "Point", "coordinates": [120.568508752207, -2.68708559362252]}}, {"type": "Feature", "properties": {}, "geometry": {"type": "Point", "coordinates": [119.512988293366, -3.75832656993505]}}, {"type": "Feature", "properties": {}, "geometry": {"type": "Point", "coordinates": [119.501759352315, -3.72239395857027]}}, {"type": "Feature", "properties": {}, "geometry": {"type": "Point", "coordinates": [120.436007247799, -2.82857025087134]}}, {"type": "Feature", "properties": {}, "geometry": {"type": "Point", "coordinates": [119.582607727886, -4.62744660732069]}}, {"type": "Feature", "properties": {}, "geometry": {"type": "Point", "coordinates": [119.553412481152, -4.9732979917067]}}, {"type": "Feature", "properties": {}, "geometry": {"type": "Point", "coordinates": [120.420286730327, -3.76281814635565]}}, {"type": "Feature", "properties": {}, "geometry": {"type": "Point", "coordinates": [120.328209413705, -4.14460214210644]}}, {"type": "Feature", "properties": {}, "geometry": {"type": "Point", "coordinates": [120.195707909297, -4.20299263557421]}}, {"type": "Feature", "properties": {}, "geometry": {"type": "Point", "coordinates": [119.560149845783, -4.70829498289144]}}, {"type": "Feature", "properties": {}, "geometry": {"type": "Point", "coordinates": [120.373125177911, -3.23505791693543]}}, {"type": "Feature", "properties": {}, "geometry": {"type": "Point", "coordinates": [120.348421507597, -4.15133950673734]}}, {"type": "Feature", "properties": {}, "geometry": {"type": "Point", "coordinates": [119.459089376319, -3.72688553499087]}}, {"type": "Feature", "properties": {}, "geometry": {"type": "Point", "coordinates": [119.495021987684, -3.62357927731712]}}, {"type": "Feature", "properties": {}, "geometry": {"type": "Point", "coordinates": [120.285539437709, -5.05639215548776]}}, {"type": "Feature", "properties": {}, "geometry": {"type": "Point", "coordinates": [120.341684142967, -4.15583108315794]}}, {"type": "Feature", "properties": {}, "geometry": {"type": "Point", "coordinates": [119.560149845783, -4.95982326244491]}}, {"type": "Feature", "properties": {}, "geometry": {"type": "Point", "coordinates": [119.602819821778, -4.44553776228648]}}, {"type": "Feature", "properties": {}, "geometry": {"type": "Point", "coordinates": [119.61404876283, -5.24728415336316]}}, {"type": "Feature", "properties": {}, "geometry": {"type": "Point", "coordinates": [120.325963625494, -5.49656664470632]}}, {"type": "Feature", "properties": {}, "geometry": {"type": "Point", "coordinates": [120.173250027194, -4.17379738884033]}}, {"type": "Feature", "properties": {}, "geometry": {"type": "Point", "coordinates": [119.504005140525, -4.77791441741071]}}, {"type": "Feature", "properties": {}, "geometry": {"type": "Point", "coordinates": [120.382108330752, -3.32488944534738]}}, {"type": "Feature", "properties": {}, "geometry": {"type": "Point", "coordinates": [120.341684142967, -4.4051135745011]}}, {"type": "Feature", "properties": {}, "geometry": {"type": "Point", "coordinates": [119.551166692941, -4.71054077110174]}}, {"type": "Feature", "properties": {}, "geometry": {"type": "Point", "coordinates": [119.517479869787, -4.9732979917067]}}, {"type": "Feature", "properties": {}, "geometry": {"type": "Point", "coordinates": [119.632015068512, -4.34223150461274]}}, {"type": "Feature", "properties": {}, "geometry": {"type": "Point", "coordinates": [119.546675116521, -4.89694119255654]}}, {"type": "Feature", "properties": {}, "geometry": {"type": "Point", "coordinates": [119.962145935426, -4.17155160063003]}}, {"type": "Feature", "properties": {}, "geometry": {"type": "Point", "coordinates": [119.490530411263, -4.98901850917879]}}, {"type": "Feature", "properties": {}, "geometry": {"type": "Point", "coordinates": [120.341684142967, -3.90205701539417]}}, {"type": "Feature", "properties": {}, "geometry": {"type": "Point", "coordinates": [119.528708810838, -4.85427121656086]}}, {"type": "Feature", "properties": {}, "geometry": {"type": "Point", "coordinates": [119.515234081577, -4.86550015761236]}}, {"type": "Feature", "properties": {}, "geometry": {"type": "Point", "coordinates": [119.953162782585, -4.13112741284465]}}, {"type": "Feature", "properties": {}, "geometry": {"type": "Point", "coordinates": [119.98909539395, -4.16930581241973]}}, {"type": "Feature", "properties": {}, "geometry": {"type": "Point", "coordinates": [119.84087337207, -5.66275497226843]}}, {"type": "Feature", "properties": {}, "geometry": {"type": "Point", "coordinates": [119.560149845783, -4.62969239553098]}}, {"type": "Feature", "properties": {}, "geometry": {"type": "Point", "coordinates": [119.533200387259, -4.68359131257816]}}, {"type": "Feature", "properties": {}, "geometry": {"type": "Point", "coordinates": [119.589345092516, -4.62744660732069]}}, {"type": "Feature", "properties": {}, "geometry": {"type": "Point", "coordinates": [120.346175719387, -4.02332957875031]}}, {"type": "Feature", "properties": {}, "geometry": {"type": "Point", "coordinates": [119.461335164529, -3.72239395857027]}}, {"type": "Feature", "properties": {}, "geometry": {"type": "Point", "coordinates": [119.975620664688, -4.13337320105495]}}, {"type": "Feature", "properties": {}, "geometry": {"type": "Point", "coordinates": [119.504005140525, -4.95982326244491]}}, {"type": "Feature", "properties": {}, "geometry": {"type": "Point", "coordinates": [120.251852614555, -4.30405310503766]}}, {"type": "Feature", "properties": {}, "geometry": {"type": "Point", "coordinates": [119.571378786834, -4.62520081911039]}}, {"type": "Feature", "properties": {}, "geometry": {"type": "Point", "coordinates": [119.510742505156, -5.01372217949208]}}, {"type": "Feature", "properties": {}, "geometry": {"type": "Point", "coordinates": [119.953162782585, -4.13337320105495]}}, {"type": "Feature", "properties": {}, "geometry": {"type": "Point", "coordinates": [120.397828848224, -4.72850707678413]}}, {"type": "Feature", "properties": {}, "geometry": {"type": "Point", "coordinates": [120.305751531602, -5.50779558575782]}}, {"type": "Feature", "properties": {}, "geometry": {"type": "Point", "coordinates": [119.499513564105, -4.96431483886551]}}, {"type": "Feature", "properties": {}, "geometry": {"type": "Point", "coordinates": [119.548920904731, -4.91939907465953]}}, {"type": "Feature", "properties": {}, "geometry": {"type": "Point", "coordinates": [119.495021987684, -5.00249323844059]}}, {"type": "Feature", "properties": {}, "geometry": {"type": "Point", "coordinates": [119.580361939675, -4.62744660732069]}}, {"type": "Feature", "properties": {}, "geometry": {"type": "Point", "coordinates": [120.395583060014, -3.78976760487923]}}, {"type": "Feature", "properties": {}, "geometry": {"type": "Point", "coordinates": [119.517479869787, -4.80486387593429]}}, {"type": "Feature", "properties": {}, "geometry": {"type": "Point", "coordinates": [119.593836668937, -5.26525045904555]}}, {"type": "Feature", "properties": {}, "geometry": {"type": "Point", "coordinates": [119.512988293366, -3.82794600445431]}}, {"type": "Feature", "properties": {}, "geometry": {"type": "Point", "coordinates": [119.533200387259, -4.84753385192997]}}, {"type": "Feature", "properties": {}, "geometry": {"type": "Point", "coordinates": [119.975620664688, -4.16481423599913]}}, {"type": "Feature", "properties": {}, "geometry": {"type": "Point", "coordinates": [119.957654359005, -4.14684793031674]}}, {"type": "Feature", "properties": {}, "geometry": {"type": "Point", "coordinates": [119.921721747641, -4.15807687136824]}}, {"type": "Feature", "properties": {}, "geometry": {"type": "Point", "coordinates": [120.334946778336, -3.92451489749716]}}, {"type": "Feature", "properties": {}, "geometry": {"type": "Point", "coordinates": [119.488284623053, -4.98901850917879]}}, {"type": "Feature", "properties": {}, "geometry": {"type": "Point", "coordinates": [119.497267775894, -5.00923060307148]}}, {"type": "Feature", "properties": {}, "geometry": {"type": "Point", "coordinates": [119.948671206164, -4.10866953074166]}}, {"type": "Feature", "properties": {}, "geometry": {"type": "Point", "coordinates": [119.533200387259, -4.96431483886551]}}, {"type": "Feature", "properties": {}, "geometry": {"type": "Point", "coordinates": [119.510742505156, -5.01596796770238]}}, {"type": "Feature", "properties": {}, "geometry": {"type": "Point", "coordinates": [119.912738594799, -4.10642374253136]}}, {"type": "Feature", "properties": {}, "geometry": {"type": "Point", "coordinates": [119.501759352315, -4.99351008559939]}}, {"type": "Feature", "properties": {}, "geometry": {"type": "Point", "coordinates": [119.555658269362, -4.67909973615756]}}, {"type": "Feature", "properties": {}, "geometry": {"type": "Point", "coordinates": [120.557279811155, -2.67810244078132]}}, {"type": "Feature", "properties": {}, "geometry": {"type": "Point", "coordinates": [120.330455201915, -4.02332957875031]}}, {"type": "Feature", "properties": {}, "geometry": {"type": "Point", "coordinates": [119.560149845783, -4.71727813573264]}}, {"type": "Feature", "properties": {}, "geometry": {"type": "Point", "coordinates": [119.921721747641, -4.19850105915361]}}, {"type": "Feature", "properties": {}, "geometry": {"type": "Point", "coordinates": [119.429894129585, -5.51677873859901]}}, {"type": "Feature", "properties": {}, "geometry": {"type": "Point", "coordinates": [119.526463022628, -4.89694119255654]}}, {"type": "Feature", "properties": {}, "geometry": {"type": "Point", "coordinates": [119.906001230169, -4.18053475347122]}}, {"type": "Feature", "properties": {}, "geometry": {"type": "Point", "coordinates": [120.427024094958, -4.62969239553098]}}, {"type": "Feature", "properties": {}, "geometry": {"type": "Point", "coordinates": [119.948671206164, -4.16930581241973]}}, {"type": "Feature", "properties": {}, "geometry": {"type": "Point", "coordinates": [119.506250928735, -4.83181333445788]}}, {"type": "Feature", "properties": {}, "geometry": {"type": "Point", "coordinates": [120.341684142967, -4.0412958844327]}}, {"type": "Feature", "properties": {}, "geometry": {"type": "Point", "coordinates": [119.524217234418, -3.60112139521413]}}, {"type": "Feature", "properties": {}, "geometry": {"type": "Point", "coordinates": [119.665701891667, -5.64928024300664]}}, {"type": "Feature", "properties": {}, "geometry": {"type": "Point", "coordinates": [120.386599907173, -3.34734732745037]}}, {"type": "Feature", "properties": {}, "geometry": {"type": "Point", "coordinates": [119.519725657997, -3.83243758087491]}}, {"type": "Feature", "properties": {}, "geometry": {"type": "Point", "coordinates": [119.587099304306, -4.61621766626919]}}, {"type": "Feature", "properties": {}, "geometry": {"type": "Point", "coordinates": [119.566887210413, -4.91939907465953]}}, {"type": "Feature", "properties": {}, "geometry": {"type": "Point", "coordinates": [119.546675116521, -4.85427121656086]}}, {"type": "Feature", "properties": {}, "geometry": {"type": "Point", "coordinates": [120.36638781328, -4.16256844778883]}}, {"type": "Feature", "properties": {}, "geometry": {"type": "Point", "coordinates": [119.470318317371, -5.11702843716582]}}, {"type": "Feature", "properties": {}, "geometry": {"type": "Point", "coordinates": [120.339438354756, -3.19687951736035]}}, {"type": "Feature", "properties": {}, "geometry": {"type": "Point", "coordinates": [119.946425417954, -4.15583108315794]}}, {"type": "Feature", "properties": {}, "geometry": {"type": "Point", "coordinates": [120.321472049074, -4.11316110716226]}}, {"type": "Feature", "properties": {}, "geometry": {"type": "Point", "coordinates": [119.973374876478, -4.16032265957853]}}, {"type": "Feature", "properties": {}, "geometry": {"type": "Point", "coordinates": [119.982358029319, -4.16930581241973]}}, {"type": "Feature", "properties": {}, "geometry": {"type": "Point", "coordinates": [119.623031915671, -4.34672308103333]}}, {"type": "Feature", "properties": {}, "geometry": {"type": "Point", "coordinates": [119.53769196368, -4.69482025362965]}}, {"type": "Feature", "properties": {}, "geometry": {"type": "Point", "coordinates": [119.499513564105, -4.80037229951369]}}, {"type": "Feature", "properties": {}, "geometry": {"type": "Point", "coordinates": [120.361896236859, -3.21260003483244]}}, {"type": "Feature", "properties": {}, "geometry": {"type": "Point", "coordinates": [120.391091483593, -3.43717885586232]}}, {"type": "Feature", "properties": {}, "geometry": {"type": "Point", "coordinates": [120.375370966121, -3.27099052830021]}}, {"type": "Feature", "properties": {}, "geometry": {"type": "Point", "coordinates": [119.564641422203, -5.60661026701096]}}, {"type": "Feature", "properties": {}, "geometry": {"type": "Point", "coordinates": [120.263081555606, -4.31079046966855]}}, {"type": "Feature", "properties": {}, "geometry": {"type": "Point", "coordinates": [120.301259955181, -3.20137109378094]}}, {"type": "Feature", "properties": {}, "geometry": {"type": "Point", "coordinates": [120.384354118962, -3.34510153924007]}}, {"type": "Feature", "properties": {}, "geometry": {"type": "Point", "coordinates": [119.499513564105, -4.9710522034964]}}, {"type": "Feature", "properties": {}, "geometry": {"type": "Point", "coordinates": [119.486038834843, -5.02495112054357]}}, {"type": "Feature", "properties": {}, "geometry": {"type": "Point", "coordinates": [120.379862542542, -3.4753572554374]}}, {"type": "Feature", "properties": {}, "geometry": {"type": "Point", "coordinates": [119.519725657997, -3.78303024024834]}}, {"type": "Feature", "properties": {}, "geometry": {"type": "Point", "coordinates": [119.530954599049, -4.73524444141503]}}, {"type": "Feature", "properties": {}, "geometry": {"type": "Point", "coordinates": [119.535446175469, -4.84753385192997]}}, {"type": "Feature", "properties": {}, "geometry": {"type": "Point", "coordinates": [119.571378786834, -4.63193818374128]}}, {"type": "Feature", "properties": {}, "geometry": {"type": "Point", "coordinates": [120.281047861288, -4.32201941072005]}}, {"type": "Feature", "properties": {}, "geometry": {"type": "Point", "coordinates": [119.858839677752, -4.00311748485762]}}, {"type": "Feature", "properties": {}, "geometry": {"type": "Point", "coordinates": [120.314734684443, -3.95820172065164]}}, {"type": "Feature", "properties": {}, "geometry": {"type": "Point", "coordinates": [120.319226260864, -4.13561898926525]}}, {"type": "Feature", "properties": {}, "geometry": {"type": "Point", "coordinates": [120.247361038134, -4.26587470546258]}}, {"type": "Feature", "properties": {}, "geometry": {"type": "Point", "coordinates": [120.373125177911, -3.50455250217128]}}, {"type": "Feature", "properties": {}, "geometry": {"type": "Point", "coordinates": [119.968883300057, -4.11989847179316]}}, {"type": "Feature", "properties": {}, "geometry": {"type": "Point", "coordinates": [120.413549365696, -4.68808288899875]}}, {"type": "Feature", "properties": {}, "geometry": {"type": "Point", "coordinates": [120.341684142967, -4.07722849579748]}}, {"type": "Feature", "properties": {}, "geometry": {"type": "Point", "coordinates": [120.195707909297, -4.25015418799049]}}, {"type": "Feature", "properties": {}, "geometry": {"type": "Point", "coordinates": [119.5421835401, -4.86550015761236]}}, {"type": "Feature", "properties": {}, "geometry": {"type": "Point", "coordinates": [119.39171573001, -5.43817615123855]}}, {"type": "Feature", "properties": {}, "geometry": {"type": "Point", "coordinates": [119.99134118216, -4.17155160063003]}}, {"type": "Feature", "properties": {}, "geometry": {"type": "Point", "coordinates": [120.339438354756, -4.14909371852704]}}, {"type": "Feature", "properties": {}, "geometry": {"type": "Point", "coordinates": [119.562395633993, -4.92389065108013]}}, {"type": "Feature", "properties": {}, "geometry": {"type": "Point", "coordinates": [119.971129088267, -4.17155160063003]}}, {"type": "Feature", "properties": {}, "geometry": {"type": "Point", "coordinates": [119.598328245358, -4.90592434539774]}}, {"type": "Feature", "properties": {}, "geometry": {"type": "Point", "coordinates": [119.966637511847, -4.11540689537256]}}, {"type": "Feature", "properties": {}, "geometry": {"type": "Point", "coordinates": [119.526463022628, -4.71503234752234]}}, {"type": "Feature", "properties": {}, "geometry": {"type": "Point", "coordinates": [119.459089376319, -3.69769028825698]}}, {"type": "Feature", "properties": {}, "geometry": {"type": "Point", "coordinates": [119.521971446207, -5.00024745023029]}}, {"type": "Feature", "properties": {}, "geometry": {"type": "Point", "coordinates": [119.53769196368, -4.87223752224326]}}, {"type": "Feature", "properties": {}, "geometry": {"type": "Point", "coordinates": [119.946425417954, -4.16481423599913]}}, {"type": "Feature", "properties": {}, "geometry": {"type": "Point", "coordinates": [119.416419400323, -5.56618607922559]}}, {"type": "Feature", "properties": {}, "geometry": {"type": "Point", "coordinates": [120.384354118962, -4.32875677535094]}}, {"type": "Feature", "properties": {}, "geometry": {"type": "Point", "coordinates": [120.316980472653, -4.14460214210644]}}, {"type": "Feature", "properties": {}, "geometry": {"type": "Point", "coordinates": [120.285539437709, -5.01372217949208]}}, {"type": "Feature", "properties": {}, "geometry": {"type": "Point", "coordinates": [119.517479869787, -3.62357927731712]}}, {"type": "Feature", "properties": {}, "geometry": {"type": "Point", "coordinates": [119.553412481152, -4.65888764226487]}}, {"type": "Feature", "properties": {}, "geometry": {"type": "Point", "coordinates": [119.99134118216, -4.11765268358286]}}, {"type": "Feature", "properties": {}, "geometry": {"type": "Point", "coordinates": [119.593836668937, -4.89469540434624]}}, {"type": "Feature", "properties": {}, "geometry": {"type": "Point", "coordinates": [120.3708793897, -3.22832055230453]}}, {"type": "Feature", "properties": {}, "geometry": {"type": "Point", "coordinates": [120.231640520662, -4.27485785830377]}}, {"type": "Feature", "properties": {}, "geometry": {"type": "Point", "coordinates": [120.285539437709, -5.04740900264656]}}, {"type": "Feature", "properties": {}, "geometry": {"type": "Point", "coordinates": [120.411303577486, -3.60112139521413]}}, {"type": "Feature", "properties": {}, "geometry": {"type": "Point", "coordinates": [119.492776199474, -5.06762109653925]}}, {"type": "Feature", "properties": {}, "geometry": {"type": "Point", "coordinates": [120.211428426769, -3.00149594306435]}}, {"type": "Feature", "properties": {}, "geometry": {"type": "Point", "coordinates": [120.346175719387, -4.4230798801835]}}, {"type": "Feature", "properties": {}, "geometry": {"type": "Point", "coordinates": [120.348421507597, -4.4208340919732]}}, {"type": "Feature", "properties": {}, "geometry": {"type": "Point", "coordinates": [120.373125177911, -3.80997969877192]}}, {"type": "Feature", "properties": {}, "geometry": {"type": "Point", "coordinates": [120.36863360149, -4.80710966414459]}}, {"type": "Feature", "properties": {}, "geometry": {"type": "Point", "coordinates": [120.382108330752, -3.81671706340282]}}, {"type": "Feature", "properties": {}, "geometry": {"type": "Point", "coordinates": [119.973374876478, -4.19400948273302]}}, {"type": "Feature", "properties": {}, "geometry": {"type": "Point", "coordinates": [120.404566212855, -2.81509552160955]}}, {"type": "Feature", "properties": {}, "geometry": {"type": "Point", "coordinates": [119.486038834843, -5.00698481486118]}}, {"type": "Feature", "properties": {}, "geometry": {"type": "Point", "coordinates": [119.596082457147, -4.52189456143664]}}, {"type": "Feature", "properties": {}, "geometry": {"type": "Point", "coordinates": [120.211428426769, -2.94759702601718]}}, {"type": "Feature", "properties": {}, "geometry": {"type": "Point", "coordinates": [119.982358029319, -4.17828896526092]}}, {"type": "Feature", "properties": {}, "geometry": {"type": "Point", "coordinates": [119.533200387259, -4.94185695676252]}}, {"type": "Feature", "properties": {}, "geometry": {"type": "Point", "coordinates": [119.490530411263, -5.00249323844059]}}, {"type": "Feature", "properties": {}, "geometry": {"type": "Point", "coordinates": [120.21592000319, -4.23892524693899]}}, {"type": "Feature", "properties": {}, "geometry": {"type": "Point", "coordinates": [120.379862542542, -4.32201941072005]}}, {"type": "Feature", "properties": {}, "geometry": {"type": "Point", "coordinates": [120.087910075203, -4.16930581241973]}}, {"type": "Feature", "properties": {}, "geometry": {"type": "Point", "coordinates": [120.281047861288, -5.04740900264656]}}, {"type": "Feature", "properties": {}, "geometry": {"type": "Point", "coordinates": [119.517479869787, -4.9800353563376]}}, {"type": "Feature", "properties": {}, "geometry": {"type": "Point", "coordinates": [119.584853516096, -4.607234513428]}}, {"type": "Feature", "properties": {}, "geometry": {"type": "Point", "coordinates": [119.957654359005, -4.15133950673734]}}, {"type": "Feature", "properties": {}, "geometry": {"type": "Point", "coordinates": [119.423156764954, -5.48533770365483]}}, {"type": "Feature", "properties": {}, "geometry": {"type": "Point", "coordinates": [119.535446175469, -4.73524444141503]}}, {"type": "Feature", "properties": {}, "geometry": {"type": "Point", "coordinates": [120.386599907173, -3.29569419861349]}}, {"type": "Feature", "properties": {}, "geometry": {"type": "Point", "coordinates": [119.959900147216, -4.12214426000345]}}, {"type": "Feature", "properties": {}, "geometry": {"type": "Point", "coordinates": [119.643244009564, -4.30854468145826]}}, {"type": "Feature", "properties": {}, "geometry": {"type": "Point", "coordinates": [119.472564105581, -5.10579949611433]}}, {"type": "Feature", "properties": {}, "geometry": {"type": "Point", "coordinates": [119.636506644933, -4.35121465745393]}}, {"type": "Feature", "properties": {}, "geometry": {"type": "Point", "coordinates": [119.501759352315, -4.80486387593429]}}, {"type": "Feature", "properties": {}, "geometry": {"type": "Point", "coordinates": [120.274310496658, -3.17891321167796]}}, {"type": "Feature", "properties": {}, "geometry": {"type": "Point", "coordinates": [120.325963625494, -4.16706002420943]}}, {"type": "Feature", "properties": {}, "geometry": {"type": "Point", "coordinates": [120.382108330752, -3.2822194693517]}}, {"type": "Feature", "properties": {}, "geometry": {"type": "Point", "coordinates": [119.481547258422, -3.72463974678057]}}, {"type": "Feature", "properties": {}, "geometry": {"type": "Point", "coordinates": [119.569132998624, -5.60885605522126]}}, {"type": "Feature", "properties": {}, "geometry": {"type": "Point", "coordinates": [120.427024094958, -3.73137711141146]}}, {"type": "Feature", "properties": {}, "geometry": {"type": "Point", "coordinates": [119.364766271487, -5.41796405734586]}}, {"type": "Feature", "properties": {}, "geometry": {"type": "Point", "coordinates": [120.409057789276, -2.83081603908164]}}, {"type": "Feature", "properties": {}, "geometry": {"type": "Point", "coordinates": [120.361896236859, -3.8504038865573]}}, {"type": "Feature", "properties": {}, "geometry": {"type": "Point", "coordinates": [119.456843588109, -5.11702843716582]}}, {"type": "Feature", "properties": {}, "geometry": {"type": "Point", "coordinates": [120.267573132027, -4.27261207009347]}}, {"type": "Feature", "properties": {}, "geometry": {"type": "Point", "coordinates": [120.245115249924, -4.25239997620078]}}, {"type": "Feature", "properties": {}, "geometry": {"type": "Point", "coordinates": [119.479301470212, -3.64828294763041]}}, {"type": "Feature", "properties": {}, "geometry": {"type": "Point", "coordinates": [120.316980472653, -4.12439004821375]}}, {"type": "Feature", "properties": {}, "geometry": {"type": "Point", "coordinates": [120.283293649499, -4.29731574040676]}}, {"type": "Feature", "properties": {}, "geometry": {"type": "Point", "coordinates": [119.971129088267, -4.10642374253136]}}, {"type": "Feature", "properties": {}, "geometry": {"type": "Point", "coordinates": [119.53769196368, -4.89694119255654]}}, {"type": "Feature", "properties": {}, "geometry": {"type": "Point", "coordinates": [120.211428426769, -2.94085966138628]}}, {"type": "Feature", "properties": {}, "geometry": {"type": "Point", "coordinates": [119.526463022628, -4.93062801571102]}}, {"type": "Feature", "properties": {}, "geometry": {"type": "Point", "coordinates": [119.53769196368, -4.86100858119176]}}, {"type": "Feature", "properties": {}, "geometry": {"type": "Point", "coordinates": [120.359650448649, -4.36918096313632]}}, {"type": "Feature", "properties": {}, "geometry": {"type": "Point", "coordinates": [120.422532518537, -4.62295503090009]}}, {"type": "Feature", "properties": {}, "geometry": {"type": "Point", "coordinates": [119.560149845783, -4.65439606584427]}}, {"type": "Feature", "properties": {}, "geometry": {"type": "Point", "coordinates": [119.510742505156, -3.74934341709385]}}, {"type": "Feature", "properties": {}, "geometry": {"type": "Point", "coordinates": [119.53993775189, -4.68134552436786]}}, {"type": "Feature", "properties": {}, "geometry": {"type": "Point", "coordinates": [119.587099304306, -4.85427121656086]}}, {"type": "Feature", "properties": {}, "geometry": {"type": "Point", "coordinates": [119.61629455104, -5.25402151799405]}}, {"type": "Feature", "properties": {}, "geometry": {"type": "Point", "coordinates": [120.346175719387, -4.0278211551709]}}, {"type": "Feature", "properties": {}, "geometry": {"type": "Point", "coordinates": [120.278802073078, -4.30405310503766]}}, {"type": "Feature", "properties": {}, "geometry": {"type": "Point", "coordinates": [119.598328245358, -4.4230798801835]}}, {"type": "Feature", "properties": {}, "geometry": {"type": "Point", "coordinates": [120.278802073078, -4.25913734083168]}}, {"type": "Feature", "properties": {}, "geometry": {"type": "Point", "coordinates": [120.29227680234, -4.31528204608915]}}, {"type": "Feature", "properties": {}, "geometry": {"type": "Point", "coordinates": [120.375370966121, -3.24853264619722]}}, {"type": "Feature", "properties": {}, "geometry": {"type": "Point", "coordinates": [120.307997319812, -5.48758349186513]}}, {"type": "Feature", "properties": {}, "geometry": {"type": "Point", "coordinates": [119.508496716946, -5.00249323844059]}}, {"type": "Feature", "properties": {}, "geometry": {"type": "Point", "coordinates": [119.515234081577, -3.82345442803371]}}, {"type": "Feature", "properties": {}, "geometry": {"type": "Point", "coordinates": [120.330455201915, -3.96718487349284]}}, {"type": "Feature", "properties": {}, "geometry": {"type": "Point", "coordinates": [120.427024094958, -3.73586868783206]}}, {"type": "Feature", "properties": {}, "geometry": {"type": "Point", "coordinates": [120.319226260864, -5.49656664470632]}}, {"type": "Feature", "properties": {}, "geometry": {"type": "Point", "coordinates": [119.517479869787, -4.73075286499443]}}, {"type": "Feature", "properties": {}, "geometry": {"type": "Point", "coordinates": [119.530954599049, -4.9665606270758]}}, {"type": "Feature", "properties": {}, "geometry": {"type": "Point", "coordinates": [120.348421507597, -3.83692915729551]}}, {"type": "Feature", "properties": {}, "geometry": {"type": "Point", "coordinates": [121.525214529794, -2.66238192330923]}}, {"type": "Feature", "properties": {}, "geometry": {"type": "Point", "coordinates": [120.285539437709, -5.04965479085686]}}, {"type": "Feature", "properties": {}, "geometry": {"type": "Point", "coordinates": [119.510742505156, -4.77117705277981]}}, {"type": "Feature", "properties": {}, "geometry": {"type": "Point", "coordinates": [119.515234081577, -3.80548812235132]}}, {"type": "Feature", "properties": {}, "geometry": {"type": "Point", "coordinates": [119.495021987684, -3.75158920530415]}}, {"type": "Feature", "properties": {}, "geometry": {"type": "Point", "coordinates": [119.506250928735, -5.02045954412298]}}, {"type": "Feature", "properties": {}, "geometry": {"type": "Point", "coordinates": [120.373125177911, -4.81833860519608]}}, {"type": "Feature", "properties": {}, "geometry": {"type": "Point", "coordinates": [120.36863360149, -4.81609281698579]}}, {"type": "Feature", "properties": {}, "geometry": {"type": "Point", "coordinates": [119.53769196368, -4.66562500689577]}}, {"type": "Feature", "properties": {}, "geometry": {"type": "Point", "coordinates": [120.251852614555, -4.25913734083168]}}, {"type": "Feature", "properties": {}, "geometry": {"type": "Point", "coordinates": [120.431515671379, -4.67011658331636]}}, {"type": "Feature", "properties": {}, "geometry": {"type": "Point", "coordinates": [119.944179629744, -4.18278054168152]}}, {"type": "Feature", "properties": {}, "geometry": {"type": "Point", "coordinates": [120.278802073078, -3.19014215272945]}}, {"type": "Feature", "properties": {}, "geometry": {"type": "Point", "coordinates": [120.21367421498, -4.2209589412566]}}, {"type": "Feature", "properties": {}, "geometry": {"type": "Point", "coordinates": [119.99358697037, -4.12663583642405]}}, {"type": "Feature", "properties": {}, "geometry": {"type": "Point", "coordinates": [120.391091483593, -2.83755340371254]}}, {"type": "Feature", "properties": {}, "geometry": {"type": "Point", "coordinates": [119.645489797774, -4.31303625787885]}}, {"type": "Feature", "properties": {}, "geometry": {"type": "Point", "coordinates": [119.555658269362, -4.74647338246652]}}, {"type": "Feature", "properties": {}, "geometry": {"type": "Point", "coordinates": [119.524217234418, -4.72850707678413]}}, {"type": "Feature", "properties": {}, "geometry": {"type": "Point", "coordinates": [120.265327343816, -2.9184017792833]}}, {"type": "Feature", "properties": {}, "geometry": {"type": "Point", "coordinates": [119.508496716946, -4.98452693275819]}}, {"type": "Feature", "properties": {}, "geometry": {"type": "Point", "coordinates": [119.517479869787, -3.62582506552742]}}, {"type": "Feature", "properties": {}, "geometry": {"type": "Point", "coordinates": [120.375370966121, -4.31303625787885]}}, {"type": "Feature", "properties": {}, "geometry": {"type": "Point", "coordinates": [119.602819821778, -5.25177572978375]}}, {"type": "Feature", "properties": {}, "geometry": {"type": "Point", "coordinates": [120.418040942117, -4.63193818374128]}}, {"type": "Feature", "properties": {}, "geometry": {"type": "Point", "coordinates": [121.689157069146, -2.70280611109461]}}, {"type": "Feature", "properties": {}, "geometry": {"type": "Point", "coordinates": [120.251852614555, -4.30180731682736]}}, {"type": "Feature", "properties": {}, "geometry": {"type": "Point", "coordinates": [119.488284623053, -3.74036026425266]}}, {"type": "Feature", "properties": {}, "geometry": {"type": "Point", "coordinates": [120.155283721512, -4.20523842378451]}}, {"type": "Feature", "properties": {}, "geometry": {"type": "Point", "coordinates": [119.533200387259, -4.70380340647084]}}, {"type": "Feature", "properties": {}, "geometry": {"type": "Point", "coordinates": [120.283293649499, -5.04516321443626]}}, {"type": "Feature", "properties": {}, "geometry": {"type": "Point", "coordinates": [119.510742505156, -4.84079648729907]}}, {"type": "Feature", "properties": {}, "geometry": {"type": "Point", "coordinates": [120.321472049074, -3.96493908528254]}}, {"type": "Feature", "properties": {}, "geometry": {"type": "Point", "coordinates": [120.258589979186, -4.31752783429945]}}, {"type": "Feature", "properties": {}, "geometry": {"type": "Point", "coordinates": [120.184478968246, -4.2187131530463]}}, {"type": "Feature", "properties": {}, "geometry": {"type": "Point", "coordinates": [119.564641422203, -4.61846345447949]}}, {"type": "Feature", "properties": {}, "geometry": {"type": "Point", "coordinates": [119.948671206164, -4.14684793031674]}}, {"type": "Feature", "properties": {}, "geometry": {"type": "Point", "coordinates": [119.492776199474, -5.02719690875387]}}, {"type": "Feature", "properties": {}, "geometry": {"type": "Point", "coordinates": [119.526463022628, -4.99575587380969]}}, {"type": "Feature", "properties": {}, "geometry": {"type": "Point", "coordinates": [119.83862758386, -5.66050918405814]}}, {"type": "Feature", "properties": {}, "geometry": {"type": "Point", "coordinates": [119.535446175469, -4.89469540434624]}}, {"type": "Feature", "properties": {}, "geometry": {"type": "Point", "coordinates": [119.528708810838, -3.81671706340282]}}, {"type": "Feature", "properties": {}, "geometry": {"type": "Point", "coordinates": [119.959900147216, -4.14684793031674]}}, {"type": "Feature", "properties": {}, "geometry": {"type": "Point", "coordinates": [120.321472049074, -3.94023541496925]}}, {"type": "Feature", "properties": {}, "geometry": {"type": "Point", "coordinates": [119.526463022628, -3.57641772490085]}}, {"type": "Feature", "properties": {}, "geometry": {"type": "Point", "coordinates": [119.555658269362, -4.63867554837218]}}, {"type": "Feature", "properties": {}, "geometry": {"type": "Point", "coordinates": [120.350667295808, -3.86387861581909]}}, {"type": "Feature", "properties": {}, "geometry": {"type": "Point", "coordinates": [120.206936850349, -4.24566261156989]}}, {"type": "Feature", "properties": {}, "geometry": {"type": "Point", "coordinates": [120.323717837284, -4.13561898926525]}}, {"type": "Feature", "properties": {}, "geometry": {"type": "Point", "coordinates": [119.939688053323, -4.18502632989182]}}, {"type": "Feature", "properties": {}, "geometry": {"type": "Point", "coordinates": [120.319226260864, -4.08396586042837]}}, {"type": "Feature", "properties": {}, "geometry": {"type": "Point", "coordinates": [119.946425417954, -4.13561898926525]}}, {"type": "Feature", "properties": {}, "geometry": {"type": "Point", "coordinates": [121.354534625811, -2.51865147785011]}}, {"type": "Feature", "properties": {}, "geometry": {"type": "Point", "coordinates": [120.36863360149, -3.79650496951013]}}, {"type": "Feature", "properties": {}, "geometry": {"type": "Point", "coordinates": [120.339438354756, -4.02332957875031]}}, {"type": "Feature", "properties": {}, "geometry": {"type": "Point", "coordinates": [119.524217234418, -4.72401550036353]}}, {"type": "Feature", "properties": {}, "geometry": {"type": "Point", "coordinates": [119.521971446207, -4.9777895681273]}}, {"type": "Feature", "properties": {}, "geometry": {"type": "Point", "coordinates": [119.903755441958, -4.17604317705063]}}, {"type": "Feature", "properties": {}, "geometry": {"type": "Point", "coordinates": [120.357404660439, -3.83468336908521]}}, {"type": "Feature", "properties": {}, "geometry": {"type": "Point", "coordinates": [119.535446175469, -4.94185695676252]}}, {"type": "Feature", "properties": {}, "geometry": {"type": "Point", "coordinates": [120.36638781328, -4.31528204608915]}}, {"type": "Feature", "properties": {}, "geometry": {"type": "Point", "coordinates": [120.413549365696, -3.60112139521413]}}, {"type": "Feature", "properties": {}, "geometry": {"type": "Point", "coordinates": [119.609557186409, -5.25402151799405]}}, {"type": "Feature", "properties": {}, "geometry": {"type": "Point", "coordinates": [120.3708793897, -4.20074684736391]}}, {"type": "Feature", "properties": {}, "geometry": {"type": "Point", "coordinates": [120.375370966121, -3.25302422261782]}}, {"type": "Feature", "properties": {}, "geometry": {"type": "Point", "coordinates": [119.459089376319, -5.09457055506284]}}, {"type": "Feature", "properties": {}, "geometry": {"type": "Point", "coordinates": [120.002570123211, -4.18502632989182]}}, {"type": "Feature", "properties": {}, "geometry": {"type": "Point", "coordinates": [120.263081555606, -4.29956152861706]}}, {"type": "Feature", "properties": {}, "geometry": {"type": "Point", "coordinates": [119.506250928735, -3.81447127519252]}}, {"type": "Feature", "properties": {}, "geometry": {"type": "Point", "coordinates": [119.548920904731, -4.94634853318312]}}, {"type": "Feature", "properties": {}, "geometry": {"type": "Point", "coordinates": [119.555658269362, -4.63418397195158]}}, {"type": "Feature", "properties": {}, "geometry": {"type": "Point", "coordinates": [119.533200387259, -4.75770232351802]}}, {"type": "Feature", "properties": {}, "geometry": {"type": "Point", "coordinates": [119.501759352315, -4.75321074709742]}}, {"type": "Feature", "properties": {}, "geometry": {"type": "Point", "coordinates": [120.240623673503, -4.27934943472437]}}, {"type": "Feature", "properties": {}, "geometry": {"type": "Point", "coordinates": [119.474809893791, -5.02495112054357]}}, {"type": "Feature", "properties": {}, "geometry": {"type": "Point", "coordinates": [120.339438354756, -4.39837620987021]}}, {"type": "Feature", "properties": {}, "geometry": {"type": "Point", "coordinates": [119.499513564105, -4.76893126456951]}}, {"type": "Feature", "properties": {}, "geometry": {"type": "Point", "coordinates": [119.526463022628, -3.82345442803371]}}, {"type": "Feature", "properties": {}, "geometry": {"type": "Point", "coordinates": [119.526463022628, -4.95757747423461]}}, {"type": "Feature", "properties": {}, "geometry": {"type": "Point", "coordinates": [120.299014166971, -5.50330400933722]}}, {"type": "Feature", "properties": {}, "geometry": {"type": "Point", "coordinates": [119.533200387259, -4.88346646329475]}}, {"type": "Feature", "properties": {}, "geometry": {"type": "Point", "coordinates": [119.499513564105, -4.83855069908877]}}, {"type": "Feature", "properties": {}, "geometry": {"type": "Point", "coordinates": [120.406812001065, -3.59213824237294]}}, {"type": "Feature", "properties": {}, "geometry": {"type": "Point", "coordinates": [119.524217234418, -4.86550015761236]}}, {"type": "Feature", "properties": {}, "geometry": {"type": "Point", "coordinates": [119.955408570795, -4.18502632989182]}}, {"type": "Feature", "properties": {}, "geometry": {"type": "Point", "coordinates": [120.321472049074, -3.19687951736035]}}, {"type": "Feature", "properties": {}, "geometry": {"type": "Point", "coordinates": [119.971129088267, -4.12663583642405]}}, {"type": "Feature", "properties": {}, "geometry": {"type": "Point", "coordinates": [120.087910075203, -4.16481423599913]}}, {"type": "Feature", "properties": {}, "geometry": {"type": "Point", "coordinates": [119.528708810838, -4.98901850917879]}}, {"type": "Feature", "properties": {}, "geometry": {"type": "Point", "coordinates": [119.533200387259, -4.96206905065521]}}, {"type": "Feature", "properties": {}, "geometry": {"type": "Point", "coordinates": [119.944179629744, -4.14235635389614]}}, {"type": "Feature", "properties": {}, "geometry": {"type": "Point", "coordinates": [119.569132998624, -4.64541291300308]}}, {"type": "Feature", "properties": {}, "geometry": {"type": "Point", "coordinates": [119.495021987684, -5.05863794369806]}}, {"type": "Feature", "properties": {}, "geometry": {"type": "Point", "coordinates": [120.285539437709, -4.26587470546258]}}, {"type": "Feature", "properties": {}, "geometry": {"type": "Point", "coordinates": [120.148546356881, -4.18278054168152]}}, {"type": "Feature", "properties": {}, "geometry": {"type": "Point", "coordinates": [120.550542446524, -2.67136507615043]}}, {"type": "Feature", "properties": {}, "geometry": {"type": "Point", "coordinates": [120.285539437709, -4.27485785830377]}}, {"type": "Feature", "properties": {}, "geometry": {"type": "Point", "coordinates": [119.551166692941, -4.75770232351802]}}, {"type": "Feature", "properties": {}, "geometry": {"type": "Point", "coordinates": [120.36638781328, -4.2187131530463]}}, {"type": "Feature", "properties": {}, "geometry": {"type": "Point", "coordinates": [119.975620664688, -4.11316110716226]}}, {"type": "Feature", "properties": {}, "geometry": {"type": "Point", "coordinates": [119.566887210413, -4.91041592181833]}}, {"type": "Feature", "properties": {}, "geometry": {"type": "Point", "coordinates": [119.977866452898, -4.13112741284465]}}, {"type": "Feature", "properties": {}, "geometry": {"type": "Point", "coordinates": [119.937442265113, -4.16930581241973]}}, {"type": "Feature", "properties": {}, "geometry": {"type": "Point", "coordinates": [119.5421835401, -5.03168848517447]}}, {"type": "Feature", "properties": {}, "geometry": {"type": "Point", "coordinates": [120.384354118962, -3.2822194693517]}}, {"type": "Feature", "properties": {}, "geometry": {"type": "Point", "coordinates": [119.407436247482, -5.47635455081363]}}, {"type": "Feature", "properties": {}, "geometry": {"type": "Point", "coordinates": [119.53993775189, -4.9777895681273]}}, {"type": "Feature", "properties": {}, "geometry": {"type": "Point", "coordinates": [120.206936850349, -4.26362891725228]}}, {"type": "Feature", "properties": {}, "geometry": {"type": "Point", "coordinates": [119.609557186409, -4.42757145660409]}}, {"type": "Feature", "properties": {}, "geometry": {"type": "Point", "coordinates": [120.310243108022, -5.49656664470632]}}, {"type": "Feature", "properties": {}, "geometry": {"type": "Point", "coordinates": [120.373125177911, -4.84304227550937]}}, {"type": "Feature", "properties": {}, "geometry": {"type": "Point", "coordinates": [119.551166692941, -4.89918698076684]}}, {"type": "Feature", "properties": {}, "geometry": {"type": "Point", "coordinates": [119.526463022628, -4.96431483886551]}}, {"type": "Feature", "properties": {}, "geometry": {"type": "Point", "coordinates": [120.343929931177, -3.87061598044999]}}, {"type": "Feature", "properties": {}, "geometry": {"type": "Point", "coordinates": [120.339438354756, -4.36019781029513]}}, {"type": "Feature", "properties": {}, "geometry": {"type": "Point", "coordinates": [119.973374876478, -4.14909371852704]}}, {"type": "Feature", "properties": {}, "geometry": {"type": "Point", "coordinates": [119.53993775189, -4.94859432139341]}}, {"type": "Feature", "properties": {}, "geometry": {"type": "Point", "coordinates": [119.510742505156, -4.77791441741071]}}, {"type": "Feature", "properties": {}, "geometry": {"type": "Point", "coordinates": [120.429269883168, -3.73137711141146]}}, {"type": "Feature", "properties": {}, "geometry": {"type": "Point", "coordinates": [119.53769196368, -4.88122067508445]}}, {"type": "Feature", "properties": {}, "geometry": {"type": "Point", "coordinates": [120.323717837284, -3.96943066170314]}}, {"type": "Feature", "properties": {}, "geometry": {"type": "Point", "coordinates": [119.5421835401, -4.91490749823893]}}, {"type": "Feature", "properties": {}, "geometry": {"type": "Point", "coordinates": [120.427024094958, -4.62520081911039]}}, {"type": "Feature", "properties": {}, "geometry": {"type": "Point", "coordinates": [119.623031915671, -4.37591832776722]}}, {"type": "Feature", "properties": {}, "geometry": {"type": "Point", "coordinates": [119.980112241108, -4.14235635389614]}}, {"type": "Feature", "properties": {}, "geometry": {"type": "Point", "coordinates": [119.856593889542, -3.99413433201642]}}, {"type": "Feature", "properties": {}, "geometry": {"type": "Point", "coordinates": [119.569132998624, -4.61397187805889]}}, {"type": "Feature", "properties": {}, "geometry": {"type": "Point", "coordinates": [119.510742505156, -3.59887560700383]}}, {"type": "Feature", "properties": {}, "geometry": {"type": "Point", "coordinates": [119.98909539395, -4.12439004821375]}}, {"type": "Feature", "properties": {}, "geometry": {"type": "Point", "coordinates": [120.386599907173, -3.39226309165634]}}, {"type": "Feature", "properties": {}, "geometry": {"type": "Point", "coordinates": [119.495021987684, -3.6550203122613]}}, {"type": "Feature", "properties": {}, "geometry": {"type": "Point", "coordinates": [119.551166692941, -4.91939907465953]}}, {"type": "Feature", "properties": {}, "geometry": {"type": "Point", "coordinates": [119.627523492092, -5.24728415336316]}}, {"type": "Feature", "properties": {}, "geometry": {"type": "Point", "coordinates": [120.303505743391, -3.18565057630885]}}, {"type": "Feature", "properties": {}, "geometry": {"type": "Point", "coordinates": [120.305751531602, -4.33773992819214]}}, {"type": "Feature", "properties": {}, "geometry": {"type": "Point", "coordinates": [119.99358697037, -4.18727211810212]}}, {"type": "Feature", "properties": {}, "geometry": {"type": "Point", "coordinates": [120.334946778336, -4.12663583642405]}}, {"type": "Feature", "properties": {}, "geometry": {"type": "Point", "coordinates": [119.566887210413, -4.67011658331636]}}, {"type": "Feature", "properties": {}, "geometry": {"type": "Point", "coordinates": [119.533200387259, -4.88122067508445]}}, {"type": "Feature", "properties": {}, "geometry": {"type": "Point", "coordinates": [119.962145935426, -4.12439004821375]}}, {"type": "Feature", "properties": {}, "geometry": {"type": "Point", "coordinates": [120.193462121087, -4.25689155262138]}}, {"type": "Feature", "properties": {}, "geometry": {"type": "Point", "coordinates": [120.316980472653, -3.94697277960015]}}, {"type": "Feature", "properties": {}, "geometry": {"type": "Point", "coordinates": [119.546675116521, -4.67909973615756]}}, {"type": "Feature", "properties": {}, "geometry": {"type": "Point", "coordinates": [120.325963625494, -3.22382897588393]}}, {"type": "Feature", "properties": {}, "geometry": {"type": "Point", "coordinates": [119.530954599049, -4.67236237152666]}}, {"type": "Feature", "properties": {}, "geometry": {"type": "Point", "coordinates": [119.912738594799, -4.19176369452272]}}, {"type": "Feature", "properties": {}, "geometry": {"type": "Point", "coordinates": [119.953162782585, -4.11765268358286]}}, {"type": "Feature", "properties": {}, "geometry": {"type": "Point", "coordinates": [119.944179629744, -4.18502632989182]}}, {"type": "Feature", "properties": {}, "geometry": {"type": "Point", "coordinates": [119.499513564105, -5.01596796770238]}}, {"type": "Feature", "properties": {}, "geometry": {"type": "Point", "coordinates": [119.508496716946, -4.95982326244491]}}, {"type": "Feature", "properties": {}, "geometry": {"type": "Point", "coordinates": [119.499513564105, -3.62807085373772]}}, {"type": "Feature", "properties": {}, "geometry": {"type": "Point", "coordinates": [120.377616754331, -3.78976760487923]}}, {"type": "Feature", "properties": {}, "geometry": {"type": "Point", "coordinates": [120.14405478046, -4.19625527094331]}}, {"type": "Feature", "properties": {}, "geometry": {"type": "Point", "coordinates": [120.274310496658, -4.25015418799049]}}, {"type": "Feature", "properties": {}, "geometry": {"type": "Point", "coordinates": [119.957654359005, -4.15358529494764]}}, {"type": "Feature", "properties": {}, "geometry": {"type": "Point", "coordinates": [119.91723017122, -4.16930581241973]}}, {"type": "Feature", "properties": {}, "geometry": {"type": "Point", "coordinates": [120.337192566546, -4.16481423599913]}}, {"type": "Feature", "properties": {}, "geometry": {"type": "Point", "coordinates": [120.346175719387, -4.15358529494764]}}, {"type": "Feature", "properties": {}, "geometry": {"type": "Point", "coordinates": [119.83862758386, -5.65826339584784]}}, {"type": "Feature", "properties": {}, "geometry": {"type": "Point", "coordinates": [119.504005140525, -4.84977964014027]}}, {"type": "Feature", "properties": {}, "geometry": {"type": "Point", "coordinates": [121.489281918429, -2.67361086436073]}}, {"type": "Feature", "properties": {}, "geometry": {"type": "Point", "coordinates": [119.946425417954, -5.55046556175349]}}, {"type": "Feature", "properties": {}, "geometry": {"type": "Point", "coordinates": [120.197953697507, -4.26812049367288]}}, {"type": "Feature", "properties": {}, "geometry": {"type": "Point", "coordinates": [120.319226260864, -3.97392223812373]}}, {"type": "Feature", "properties": {}, "geometry": {"type": "Point", "coordinates": [120.350667295808, -4.34672308103333]}}, {"type": "Feature", "properties": {}, "geometry": {"type": "Point", "coordinates": [120.307997319812, -5.50554979754752]}}, {"type": "Feature", "properties": {}, "geometry": {"type": "Point", "coordinates": [120.157529509722, -4.19625527094331]}}, {"type": "Feature", "properties": {}, "geometry": {"type": "Point", "coordinates": [120.14180899225, -4.19850105915361]}}, {"type": "Feature", "properties": {}, "geometry": {"type": "Point", "coordinates": [120.328209413705, -3.20137109378094]}}, {"type": "Feature", "properties": {}, "geometry": {"type": "Point", "coordinates": [119.962145935426, -4.16256844778883]}}, {"type": "Feature", "properties": {}, "geometry": {"type": "Point", "coordinates": [119.504005140525, -4.73299865320473]}}, {"type": "Feature", "properties": {}, "geometry": {"type": "Point", "coordinates": [120.242869461713, -4.27485785830377]}}, {"type": "Feature", "properties": {}, "geometry": {"type": "Point", "coordinates": [119.53769196368, -4.9777895681273]}}, {"type": "Feature", "properties": {}, "geometry": {"type": "Point", "coordinates": [119.847610736701, -3.97616802633403]}}, {"type": "Feature", "properties": {}, "geometry": {"type": "Point", "coordinates": [119.964391723636, -4.14011056568584]}}, {"type": "Feature", "properties": {}, "geometry": {"type": "Point", "coordinates": [119.519725657997, -4.75770232351802]}}, {"type": "Feature", "properties": {}, "geometry": {"type": "Point", "coordinates": [120.240623673503, -5.5324992560711]}}, {"type": "Feature", "properties": {}, "geometry": {"type": "Point", "coordinates": [120.467448282743, -2.79263763950656]}}, {"type": "Feature", "properties": {}, "geometry": {"type": "Point", "coordinates": [119.517479869787, -4.87448331045355]}}, {"type": "Feature", "properties": {}, "geometry": {"type": "Point", "coordinates": [119.566887210413, -4.88795803971535]}}, {"type": "Feature", "properties": {}, "geometry": {"type": "Point", "coordinates": [119.629769280302, -4.34223150461274]}}, {"type": "Feature", "properties": {}, "geometry": {"type": "Point", "coordinates": [120.319226260864, -4.10642374253136]}}, {"type": "Feature", "properties": {}, "geometry": {"type": "Point", "coordinates": [120.3708793897, -3.21709161125304]}}, {"type": "Feature", "properties": {}, "geometry": {"type": "Point", "coordinates": [119.512988293366, -4.83405912266818]}}, {"type": "Feature", "properties": {}, "geometry": {"type": "Point", "coordinates": [119.553412481152, -4.75096495888712]}}, {"type": "Feature", "properties": {}, "geometry": {"type": "Point", "coordinates": [119.524217234418, -4.93287380392132]}}, {"type": "Feature", "properties": {}, "geometry": {"type": "Point", "coordinates": [119.508496716946, -4.9800353563376]}}, {"type": "Feature", "properties": {}, "geometry": {"type": "Point", "coordinates": [119.553412481152, -4.85202542835057]}}, {"type": "Feature", "properties": {}, "geometry": {"type": "Point", "coordinates": [120.384354118962, -4.32426519893035]}}, {"type": "Feature", "properties": {}, "geometry": {"type": "Point", "coordinates": [120.357404660439, -3.20810845841184]}}, {"type": "Feature", "properties": {}, "geometry": {"type": "Point", "coordinates": [119.535446175469, -5.02045954412298]}}, {"type": "Feature", "properties": {}, "geometry": {"type": "Point", "coordinates": [119.598328245358, -4.88346646329475]}}, {"type": "Feature", "properties": {}, "geometry": {"type": "Point", "coordinates": [120.155283721512, -4.18278054168152]}}, {"type": "Feature", "properties": {}, "geometry": {"type": "Point", "coordinates": [119.508496716946, -4.82956754624758]}}, {"type": "Feature", "properties": {}, "geometry": {"type": "Point", "coordinates": [119.501759352315, -5.01821375591268]}}, {"type": "Feature", "properties": {}, "geometry": {"type": "Point", "coordinates": [119.84311916028, -5.66050918405814]}}, {"type": "Feature", "properties": {}, "geometry": {"type": "Point", "coordinates": [119.46807252916, -5.08334161401134]}}, {"type": "Feature", "properties": {}, "geometry": {"type": "Point", "coordinates": [120.375370966121, -4.82058439340638]}}, {"type": "Feature", "properties": {}, "geometry": {"type": "Point", "coordinates": [120.341684142967, -4.07947428400778]}}, {"type": "Feature", "properties": {}, "geometry": {"type": "Point", "coordinates": [120.334946778336, -4.01883800232971]}}, {"type": "Feature", "properties": {}, "geometry": {"type": "Point", "coordinates": [120.321472049074, -4.16930581241973]}}, {"type": "Feature", "properties": {}, "geometry": {"type": "Point", "coordinates": [119.623031915671, -4.28608679935527]}}, {"type": "Feature", "properties": {}, "geometry": {"type": "Point", "coordinates": [119.481547258422, -5.03168848517447]}}, {"type": "Feature", "properties": {}, "geometry": {"type": "Point", "coordinates": [120.281047861288, -4.25913734083168]}}, {"type": "Feature", "properties": {}, "geometry": {"type": "Point", "coordinates": [120.328209413705, -4.16706002420943]}}, {"type": "Feature", "properties": {}, "geometry": {"type": "Point", "coordinates": [119.935196476902, -4.18278054168152]}}, {"type": "Feature", "properties": {}, "geometry": {"type": "Point", "coordinates": [119.564641422203, -4.89694119255654]}}, {"type": "Feature", "properties": {}, "geometry": {"type": "Point", "coordinates": [119.524217234418, -3.86612440402939]}}, {"type": "Feature", "properties": {}, "geometry": {"type": "Point", "coordinates": [120.263081555606, -4.31977362250975]}}, {"type": "Feature", "properties": {}, "geometry": {"type": "Point", "coordinates": [120.375370966121, -3.44167043228292]}}, {"type": "Feature", "properties": {}, "geometry": {"type": "Point", "coordinates": [120.328209413705, -4.10193216611076]}}, {"type": "Feature", "properties": {}, "geometry": {"type": "Point", "coordinates": [119.508496716946, -4.9665606270758]}}, {"type": "Feature", "properties": {}, "geometry": {"type": "Point", "coordinates": [119.557904057572, -4.89469540434624]}}, {"type": "Feature", "properties": {}, "geometry": {"type": "Point", "coordinates": [120.36863360149, -4.33998571640244]}}, {"type": "Feature", "properties": {}, "geometry": {"type": "Point", "coordinates": [119.519725657997, -4.94859432139341]}}, {"type": "Feature", "properties": {}, "geometry": {"type": "Point", "coordinates": [120.373125177911, -4.35795202208483]}}, {"type": "Feature", "properties": {}, "geometry": {"type": "Point", "coordinates": [120.164266874353, -4.17828896526092]}}, {"type": "Feature", "properties": {}, "geometry": {"type": "Point", "coordinates": [119.53769196368, -4.87448331045355]}}, {"type": "Feature", "properties": {}, "geometry": {"type": "Point", "coordinates": [119.506250928735, -4.73749022962533]}}, {"type": "Feature", "properties": {}, "geometry": {"type": "Point", "coordinates": [120.188970544666, -4.2209589412566]}}, {"type": "Feature", "properties": {}, "geometry": {"type": "Point", "coordinates": [120.316980472653, -3.23505791693543]}}, {"type": "Feature", "properties": {}, "geometry": {"type": "Point", "coordinates": [119.611802974619, -5.25626730620435]}}, {"type": "Feature", "properties": {}, "geometry": {"type": "Point", "coordinates": [119.953162782585, -4.15133950673734]}}, {"type": "Feature", "properties": {}, "geometry": {"type": "Point", "coordinates": [120.211428426769, -2.94310544959658]}}, {"type": "Feature", "properties": {}, "geometry": {"type": "Point", "coordinates": [119.589345092516, -4.51964877322634]}}, {"type": "Feature", "properties": {}, "geometry": {"type": "Point", "coordinates": [119.53769196368, -3.82794600445431]}}, {"type": "Feature", "properties": {}, "geometry": {"type": "Point", "coordinates": [119.937442265113, -4.10642374253136]}}, {"type": "Feature", "properties": {}, "geometry": {"type": "Point", "coordinates": [120.285539437709, -5.02495112054357]}}, {"type": "Feature", "properties": {}, "geometry": {"type": "Point", "coordinates": [119.858839677752, -4.01210063769881]}}, {"type": "Feature", "properties": {}, "geometry": {"type": "Point", "coordinates": [119.546675116521, -4.975543779917]}}, {"type": "Feature", "properties": {}, "geometry": {"type": "Point", "coordinates": [119.533200387259, -4.9665606270758]}}, {"type": "Feature", "properties": {}, "geometry": {"type": "Point", "coordinates": [119.99134118216, -4.15583108315794]}}, {"type": "Feature", "properties": {}, "geometry": {"type": "Point", "coordinates": [119.508496716946, -4.76443968814891]}}, {"type": "Feature", "properties": {}, "geometry": {"type": "Point", "coordinates": [119.535446175469, -3.80324233414102]}}, {"type": "Feature", "properties": {}, "geometry": {"type": "Point", "coordinates": [120.249606826344, -5.52576189144021]}}, {"type": "Feature", "properties": {}, "geometry": {"type": "Point", "coordinates": [119.530954599049, -3.60336718342443]}}, {"type": "Feature", "properties": {}, "geometry": {"type": "Point", "coordinates": [119.488284623053, -3.6617576768922]}}, {"type": "Feature", "properties": {}, "geometry": {"type": "Point", "coordinates": [120.36863360149, -4.16481423599913]}}, {"type": "Feature", "properties": {}, "geometry": {"type": "Point", "coordinates": [120.422532518537, -4.62969239553098]}}, {"type": "Feature", "properties": {}, "geometry": {"type": "Point", "coordinates": [119.99134118216, -4.14684793031674]}}, {"type": "Feature", "properties": {}, "geometry": {"type": "Point", "coordinates": [120.391091483593, -3.77853866382774]}}, {"type": "Feature", "properties": {}, "geometry": {"type": "Point", "coordinates": [119.517479869787, -3.78527602845863]}}, {"type": "Feature", "properties": {}, "geometry": {"type": "Point", "coordinates": [120.197953697507, -2.94759702601718]}}, {"type": "Feature", "properties": {}, "geometry": {"type": "Point", "coordinates": [119.492776199474, -5.11702843716582]}}, {"type": "Feature", "properties": {}, "geometry": {"type": "Point", "coordinates": [120.155283721512, -4.17379738884033]}}, {"type": "Feature", "properties": {}, "geometry": {"type": "Point", "coordinates": [120.379862542542, -3.4686198908065]}}, {"type": "Feature", "properties": {}, "geometry": {"type": "Point", "coordinates": [120.341684142967, -4.32201941072005]}}, {"type": "Feature", "properties": {}, "geometry": {"type": "Point", "coordinates": [119.553412481152, -5.04067163801566]}}, {"type": "Feature", "properties": {}, "geometry": {"type": "Point", "coordinates": [119.54442932831, -4.9732979917067]}}, {"type": "Feature", "properties": {}, "geometry": {"type": "Point", "coordinates": [119.477055682002, -5.00923060307148]}}, {"type": "Feature", "properties": {}, "geometry": {"type": "Point", "coordinates": [120.375370966121, -4.83181333445788]}}, {"type": "Feature", "properties": {}, "geometry": {"type": "Point", "coordinates": [119.589345092516, -4.52863192606754]}}, {"type": "Feature", "properties": {}, "geometry": {"type": "Point", "coordinates": [119.923967535851, -4.18053475347122]}}, {"type": "Feature", "properties": {}, "geometry": {"type": "Point", "coordinates": [120.3708793897, -4.18053475347122]}}, {"type": "Feature", "properties": {}, "geometry": {"type": "Point", "coordinates": [119.957654359005, -4.20299263557421]}}, {"type": "Feature", "properties": {}, "geometry": {"type": "Point", "coordinates": [119.944179629744, -4.11540689537256]}}, {"type": "Feature", "properties": {}, "geometry": {"type": "Point", "coordinates": [120.357404660439, -4.25913734083168]}}, {"type": "Feature", "properties": {}, "geometry": {"type": "Point", "coordinates": [119.411927823903, -5.47635455081363]}}, {"type": "Feature", "properties": {}, "geometry": {"type": "Point", "coordinates": [119.578116151465, -4.87448331045355]}}, {"type": "Feature", "properties": {}, "geometry": {"type": "Point", "coordinates": [119.526463022628, -4.88346646329475]}}, {"type": "Feature", "properties": {}, "geometry": {"type": "Point", "coordinates": [120.476431435584, -6.45776399871421]}}, {"type": "Feature", "properties": {}, "geometry": {"type": "Point", "coordinates": [119.474809893791, -3.73137711141146]}}, {"type": "Feature", "properties": {}, "geometry": {"type": "Point", "coordinates": [119.488284623053, -3.6550203122613]}}, {"type": "Feature", "properties": {}, "geometry": {"type": "Point", "coordinates": [119.611802974619, -4.25239997620078]}}, {"type": "Feature", "properties": {}, "geometry": {"type": "Point", "coordinates": [120.377616754331, -4.31752783429945]}}, {"type": "Feature", "properties": {}, "geometry": {"type": "Point", "coordinates": [119.526463022628, -4.75321074709742]}}, {"type": "Feature", "properties": {}, "geometry": {"type": "Point", "coordinates": [119.566887210413, -4.93287380392132]}}, {"type": "Feature", "properties": {}, "geometry": {"type": "Point", "coordinates": [119.847610736701, -3.98290539096493]}}, {"type": "Feature", "properties": {}, "geometry": {"type": "Point", "coordinates": [119.566887210413, -4.92164486286983]}}, {"type": "Feature", "properties": {}, "geometry": {"type": "Point", "coordinates": [119.508496716946, -4.75096495888712]}}, {"type": "Feature", "properties": {}, "geometry": {"type": "Point", "coordinates": [119.557904057572, -4.91715328644923]}}, {"type": "Feature", "properties": {}, "geometry": {"type": "Point", "coordinates": [119.454597799899, -5.50554979754752]}}, {"type": "Feature", "properties": {}, "geometry": {"type": "Point", "coordinates": [120.350667295808, -3.86163282760879]}}, {"type": "Feature", "properties": {}, "geometry": {"type": "Point", "coordinates": [119.515234081577, -5.00249323844059]}}, {"type": "Feature", "properties": {}, "geometry": {"type": "Point", "coordinates": [119.569132998624, -4.62969239553098]}}, {"type": "Feature", "properties": {}, "geometry": {"type": "Point", "coordinates": [120.339438354756, -4.14460214210644]}}, {"type": "Feature", "properties": {}, "geometry": {"type": "Point", "coordinates": [119.575870363255, -4.63642976016188]}}, {"type": "Feature", "properties": {}, "geometry": {"type": "Point", "coordinates": [119.495021987684, -5.11478264895553]}}, {"type": "Feature", "properties": {}, "geometry": {"type": "Point", "coordinates": [120.404566212855, -4.65439606584427]}}, {"type": "Feature", "properties": {}, "geometry": {"type": "Point", "coordinates": [120.319226260864, -4.10866953074166]}}, {"type": "Feature", "properties": {}, "geometry": {"type": "Point", "coordinates": [120.229394732452, -4.25464576441108]}}, {"type": "Feature", "properties": {}, "geometry": {"type": "Point", "coordinates": [119.53993775189, -4.67236237152666]}}, {"type": "Feature", "properties": {}, "geometry": {"type": "Point", "coordinates": [119.589345092516, -4.93287380392132]}}, {"type": "Feature", "properties": {}, "geometry": {"type": "Point", "coordinates": [119.986849605739, -4.13786477747555]}}, {"type": "Feature", "properties": {}, "geometry": {"type": "Point", "coordinates": [119.530954599049, -4.98452693275819]}}, {"type": "Feature", "properties": {}, "geometry": {"type": "Point", "coordinates": [119.950916994375, -4.216467364836]}}, {"type": "Feature", "properties": {}, "geometry": {"type": "Point", "coordinates": [120.337192566546, -3.19912530557065]}}, {"type": "Feature", "properties": {}, "geometry": {"type": "Point", "coordinates": [120.283293649499, -5.07211267295985]}}, {"type": "Feature", "properties": {}, "geometry": {"type": "Point", "coordinates": [119.957654359005, -4.12214426000345]}}, {"type": "Feature", "properties": {}, "geometry": {"type": "Point", "coordinates": [120.328209413705, -3.22158318767363]}}, {"type": "Feature", "properties": {}, "geometry": {"type": "Point", "coordinates": [120.29452259055, -4.27261207009347]}}, {"type": "Feature", "properties": {}, "geometry": {"type": "Point", "coordinates": [120.557279811155, -2.69606874646371]}}, {"type": "Feature", "properties": {}, "geometry": {"type": "Point", "coordinates": [120.254098402765, -4.26812049367288]}}, {"type": "Feature", "properties": {}, "geometry": {"type": "Point", "coordinates": [119.596082457147, -5.25177572978375]}}, {"type": "Feature", "properties": {}, "geometry": {"type": "Point", "coordinates": [119.488284623053, -5.03168848517447]}}, {"type": "Feature", "properties": {}, "geometry": {"type": "Point", "coordinates": [120.386599907173, -3.36306784492246]}}, {"type": "Feature", "properties": {}, "geometry": {"type": "Point", "coordinates": [119.528708810838, -4.86774594582266]}}, {"type": "Feature", "properties": {}, "geometry": {"type": "Point", "coordinates": [120.391091483593, -3.29569419861349]}}, {"type": "Feature", "properties": {}, "geometry": {"type": "Point", "coordinates": [119.407436247482, -5.46063403334154]}}, {"type": "Feature", "properties": {}, "geometry": {"type": "Point", "coordinates": [119.5421835401, -4.93287380392132]}}, {"type": "Feature", "properties": {}, "geometry": {"type": "Point", "coordinates": [120.373125177911, -4.83855069908877]}}, {"type": "Feature", "properties": {}, "geometry": {"type": "Point", "coordinates": [119.953162782585, -4.11540689537256]}}, {"type": "Feature", "properties": {}, "geometry": {"type": "Point", "coordinates": [119.535446175469, -5.01147639128178]}}, {"type": "Feature", "properties": {}, "geometry": {"type": "Point", "coordinates": [120.305751531602, -4.34223150461274]}}, {"type": "Feature", "properties": {}, "geometry": {"type": "Point", "coordinates": [119.521971446207, -3.78078445203804]}}, {"type": "Feature", "properties": {}, "geometry": {"type": "Point", "coordinates": [119.492776199474, -3.63480821836861]}}, {"type": "Feature", "properties": {}, "geometry": {"type": "Point", "coordinates": [120.386599907173, -3.33387259818857]}}, {"type": "Feature", "properties": {}, "geometry": {"type": "Point", "coordinates": [120.424778306748, -4.62520081911039]}}, {"type": "Feature", "properties": {}, "geometry": {"type": "Point", "coordinates": [119.508496716946, -4.84079648729907]}}, {"type": "Feature", "properties": {}, "geometry": {"type": "Point", "coordinates": [119.53993775189, -4.91266171002863]}}, {"type": "Feature", "properties": {}, "geometry": {"type": "Point", "coordinates": [120.400074636434, -3.77404708740714]}}, {"type": "Feature", "properties": {}, "geometry": {"type": "Point", "coordinates": [119.506250928735, -4.7913891466725]}}, {"type": "Feature", "properties": {}, "geometry": {"type": "Point", "coordinates": [119.656718738825, -5.64254287837574]}}, {"type": "Feature", "properties": {}, "geometry": {"type": "Point", "coordinates": [119.524217234418, -3.8526496747676]}}, {"type": "Feature", "properties": {}, "geometry": {"type": "Point", "coordinates": [120.337192566546, -3.87061598044999]}}, {"type": "Feature", "properties": {}, "geometry": {"type": "Point", "coordinates": [120.29452259055, -5.00923060307148]}}, {"type": "Feature", "properties": {}, "geometry": {"type": "Point", "coordinates": [120.548296658314, -2.7297555696182]}}, {"type": "Feature", "properties": {}, "geometry": {"type": "Point", "coordinates": [120.350667295808, -4.02332957875031]}}, {"type": "Feature", "properties": {}, "geometry": {"type": "Point", "coordinates": [119.519725657997, -3.57192614848025]}}, {"type": "Feature", "properties": {}, "geometry": {"type": "Point", "coordinates": [120.391091483593, -3.78527602845863]}}, {"type": "Feature", "properties": {}, "geometry": {"type": "Point", "coordinates": [119.937442265113, -4.11316110716226]}}, {"type": "Feature", "properties": {}, "geometry": {"type": "Point", "coordinates": [120.328209413705, -4.16481423599913]}}, {"type": "Feature", "properties": {}, "geometry": {"type": "Point", "coordinates": [120.22041157961, -4.2209589412566]}}, {"type": "Feature", "properties": {}, "geometry": {"type": "Point", "coordinates": [119.553412481152, -4.68134552436786]}}, {"type": "Feature", "properties": {}, "geometry": {"type": "Point", "coordinates": [120.391091483593, -3.2934484104032]}}, {"type": "Feature", "properties": {}, "geometry": {"type": "Point", "coordinates": [119.396207306431, -5.44266772765915]}}, {"type": "Feature", "properties": {}, "geometry": {"type": "Point", "coordinates": [119.575870363255, -4.90143276897714]}}, {"type": "Feature", "properties": {}, "geometry": {"type": "Point", "coordinates": [119.83862758386, -5.64029709016545]}}, {"type": "Feature", "properties": {}, "geometry": {"type": "Point", "coordinates": [120.321472049074, -4.16481423599913]}}, {"type": "Feature", "properties": {}, "geometry": {"type": "Point", "coordinates": [120.211428426769, -4.27261207009347]}}, {"type": "Feature", "properties": {}, "geometry": {"type": "Point", "coordinates": [120.377616754331, -4.49269931470276]}}, {"type": "Feature", "properties": {}, "geometry": {"type": "Point", "coordinates": [120.557279811155, -2.67585665257102]}}, {"type": "Feature", "properties": {}, "geometry": {"type": "Point", "coordinates": [119.488284623053, -5.02270533233327]}}, {"type": "Feature", "properties": {}, "geometry": {"type": "Point", "coordinates": [119.560149845783, -4.64765870121337]}}, {"type": "Feature", "properties": {}, "geometry": {"type": "Point", "coordinates": [120.388845695383, -3.33162680997828]}}, {"type": "Feature", "properties": {}, "geometry": {"type": "Point", "coordinates": [120.159775297932, -4.17604317705063]}}, {"type": "Feature", "properties": {}, "geometry": {"type": "Point", "coordinates": [119.54442932831, -4.89469540434624]}}, {"type": "Feature", "properties": {}, "geometry": {"type": "Point", "coordinates": [120.328209413705, -4.16032265957853]}}, {"type": "Feature", "properties": {}, "geometry": {"type": "Point", "coordinates": [119.564641422203, -4.90367855718744]}}, {"type": "Feature", "properties": {}, "geometry": {"type": "Point", "coordinates": [119.510742505156, -3.70667344109818]}}, {"type": "Feature", "properties": {}, "geometry": {"type": "Point", "coordinates": [120.393337271803, -3.78527602845863]}}, {"type": "Feature", "properties": {}, "geometry": {"type": "Point", "coordinates": [120.132825839409, -4.17604317705063]}}, {"type": "Feature", "properties": {}, "geometry": {"type": "Point", "coordinates": [120.258589979186, -4.26362891725228]}}, {"type": "Feature", "properties": {}, "geometry": {"type": "Point", "coordinates": [120.339438354756, -3.8504038865573]}}, {"type": "Feature", "properties": {}, "geometry": {"type": "Point", "coordinates": [120.3708793897, -4.34223150461274]}}, {"type": "Feature", "properties": {}, "geometry": {"type": "Point", "coordinates": [120.278802073078, -5.04740900264656]}}, {"type": "Feature", "properties": {}, "geometry": {"type": "Point", "coordinates": [120.29452259055, -4.87672909866385]}}, {"type": "Feature", "properties": {}, "geometry": {"type": "Point", "coordinates": [120.29003101413, -4.93287380392132]}}, {"type": "Feature", "properties": {}, "geometry": {"type": "Point", "coordinates": [119.557904057572, -4.69032867720905]}}, {"type": "Feature", "properties": {}, "geometry": {"type": "Point", "coordinates": [119.517479869787, -3.81222548698222]}}, {"type": "Feature", "properties": {}, "geometry": {"type": "Point", "coordinates": [119.995832758581, -4.17379738884033]}}, {"type": "Feature", "properties": {}, "geometry": {"type": "Point", "coordinates": [119.551166692941, -4.975543779917]}}, {"type": "Feature", "properties": {}, "geometry": {"type": "Point", "coordinates": [119.535446175469, -4.68359131257816]}}, {"type": "Feature", "properties": {}, "geometry": {"type": "Point", "coordinates": [119.517479869787, -4.83181333445788]}}, {"type": "Feature", "properties": {}, "geometry": {"type": "Point", "coordinates": [119.591590880727, -3.96718487349284]}}, {"type": "Feature", "properties": {}, "geometry": {"type": "Point", "coordinates": [119.959900147216, -4.17155160063003]}}, {"type": "Feature", "properties": {}, "geometry": {"type": "Point", "coordinates": [120.21592000319, -4.2321878823081]}}, {"type": "Feature", "properties": {}, "geometry": {"type": "Point", "coordinates": [120.247361038134, -4.25239997620078]}}, {"type": "Feature", "properties": {}, "geometry": {"type": "Point", "coordinates": [120.21592000319, -2.94759702601718]}}, {"type": "Feature", "properties": {}, "geometry": {"type": "Point", "coordinates": [119.474809893791, -5.06312952011865]}}, {"type": "Feature", "properties": {}, "geometry": {"type": "Point", "coordinates": [119.530954599049, -4.91041592181833]}}, {"type": "Feature", "properties": {}, "geometry": {"type": "Point", "coordinates": [119.928459112272, -4.17155160063003]}}, {"type": "Feature", "properties": {}, "geometry": {"type": "Point", "coordinates": [120.352913084018, -3.86163282760879]}}, {"type": "Feature", "properties": {}, "geometry": {"type": "Point", "coordinates": [120.359650448649, -3.45289937333441]}}, {"type": "Feature", "properties": {}, "geometry": {"type": "Point", "coordinates": [120.433761459589, -3.73362289962176]}}, {"type": "Feature", "properties": {}, "geometry": {"type": "Point", "coordinates": [119.506250928735, -4.7958807230931]}}, {"type": "Feature", "properties": {}, "geometry": {"type": "Point", "coordinates": [119.600574033568, -5.25851309441465]}}, {"type": "Feature", "properties": {}, "geometry": {"type": "Point", "coordinates": [120.314734684443, -3.19687951736035]}}, {"type": "Feature", "properties": {}, "geometry": {"type": "Point", "coordinates": [119.497267775894, -4.76893126456951]}}, {"type": "Feature", "properties": {}, "geometry": {"type": "Point", "coordinates": [119.512988293366, -4.85876279298146]}}, {"type": "Feature", "properties": {}, "geometry": {"type": "Point", "coordinates": [119.959900147216, -4.12663583642405]}}, {"type": "Feature", "properties": {}, "geometry": {"type": "Point", "coordinates": [120.36638781328, -4.25015418799049]}}, {"type": "Feature", "properties": {}, "geometry": {"type": "Point", "coordinates": [120.200199485718, -4.27036628188318]}}, {"type": "Feature", "properties": {}, "geometry": {"type": "Point", "coordinates": [120.341684142967, -4.16481423599913]}}, {"type": "Feature", "properties": {}, "geometry": {"type": "Point", "coordinates": [120.341684142967, -4.30629889324796]}}, {"type": "Feature", "properties": {}, "geometry": {"type": "Point", "coordinates": [120.251852614555, -5.52576189144021]}}, {"type": "Feature", "properties": {}, "geometry": {"type": "Point", "coordinates": [120.323717837284, -3.98065960275463]}}, {"type": "Feature", "properties": {}, "geometry": {"type": "Point", "coordinates": [120.103630592675, -4.12214426000345]}}, {"type": "Feature", "properties": {}, "geometry": {"type": "Point", "coordinates": [119.461335164529, -3.71116501751877]}}, {"type": "Feature", "properties": {}, "geometry": {"type": "Point", "coordinates": [119.575870363255, -4.6094803016383]}}, {"type": "Feature", "properties": {}, "geometry": {"type": "Point", "coordinates": [119.510742505156, -3.80997969877192]}}, {"type": "Feature", "properties": {}, "geometry": {"type": "Point", "coordinates": [120.386599907173, -4.58477663132501]}}, {"type": "Feature", "properties": {}, "geometry": {"type": "Point", "coordinates": [119.517479869787, -4.94859432139341]}}, {"type": "Feature", "properties": {}, "geometry": {"type": "Point", "coordinates": [120.155283721512, -4.20074684736391]}}, {"type": "Feature", "properties": {}, "geometry": {"type": "Point", "coordinates": [120.245115249924, -5.5324992560711]}}, {"type": "Feature", "properties": {}, "geometry": {"type": "Point", "coordinates": [119.573624575044, -4.6049887252177]}}, {"type": "Feature", "properties": {}, "geometry": {"type": "Point", "coordinates": [119.984603817529, -4.13337320105495]}}, {"type": "Feature", "properties": {}, "geometry": {"type": "Point", "coordinates": [119.926213324061, -4.17379738884033]}}, {"type": "Feature", "properties": {}, "geometry": {"type": "Point", "coordinates": [119.490530411263, -4.99800166201999]}}, {"type": "Feature", "properties": {}, "geometry": {"type": "Point", "coordinates": [119.519725657997, -4.98901850917879]}}, {"type": "Feature", "properties": {}, "geometry": {"type": "Point", "coordinates": [120.128334262988, -4.17604317705063]}}, {"type": "Feature", "properties": {}, "geometry": {"type": "Point", "coordinates": [119.416419400323, -5.48309191544453]}}, {"type": "Feature", "properties": {}, "geometry": {"type": "Point", "coordinates": [119.975620664688, -4.17828896526092]}}, {"type": "Feature", "properties": {}, "geometry": {"type": "Point", "coordinates": [119.555658269362, -4.92613643929043]}}, {"type": "Feature", "properties": {}, "geometry": {"type": "Point", "coordinates": [120.361896236859, -4.26138312904198]}}, {"type": "Feature", "properties": {}, "geometry": {"type": "Point", "coordinates": [119.443368858847, -5.5324992560711]}}, {"type": "Feature", "properties": {}, "geometry": {"type": "Point", "coordinates": [119.566887210413, -4.65888764226487]}}, {"type": "Feature", "properties": {}, "geometry": {"type": "Point", "coordinates": [119.908247018379, -4.16256844778883]}}, {"type": "Feature", "properties": {}, "geometry": {"type": "Point", "coordinates": [119.551166692941, -4.67011658331636]}}, {"type": "Feature", "properties": {}, "geometry": {"type": "Point", "coordinates": [119.553412481152, -4.93511959213162]}}, {"type": "Feature", "properties": {}, "geometry": {"type": "Point", "coordinates": [120.303505743391, -4.33100256356124]}}, {"type": "Feature", "properties": {}, "geometry": {"type": "Point", "coordinates": [120.375370966121, -3.78303024024834]}}, {"type": "Feature", "properties": {}, "geometry": {"type": "Point", "coordinates": [120.413549365696, -3.59662981879353]}}, {"type": "Feature", "properties": {}, "geometry": {"type": "Point", "coordinates": [120.247361038134, -2.93861387317598]}}, {"type": "Feature", "properties": {}, "geometry": {"type": "Point", "coordinates": [119.517479869787, -3.78078445203804]}}, {"type": "Feature", "properties": {}, "geometry": {"type": "Point", "coordinates": [119.852102313121, -3.97167644991343]}}, {"type": "Feature", "properties": {}, "geometry": {"type": "Point", "coordinates": [119.528708810838, -4.95084010960371]}}, {"type": "Feature", "properties": {}, "geometry": {"type": "Point", "coordinates": [120.334946778336, -3.22607476409423]}}, {"type": "Feature", "properties": {}, "geometry": {"type": "Point", "coordinates": [120.36863360149, -4.35346044566423]}}, {"type": "Feature", "properties": {}, "geometry": {"type": "Point", "coordinates": [120.245115249924, -5.46961718618274]}}, {"type": "Feature", "properties": {}, "geometry": {"type": "Point", "coordinates": [120.321472049074, -3.19463372915005]}}, {"type": "Feature", "properties": {}, "geometry": {"type": "Point", "coordinates": [120.391091483593, -3.34510153924007]}}, {"type": "Feature", "properties": {}, "geometry": {"type": "Point", "coordinates": [119.845364948491, -3.98739696738553]}}, {"type": "Feature", "properties": {}, "geometry": {"type": "Point", "coordinates": [120.337192566546, -4.36244359850543]}}, {"type": "Feature", "properties": {}, "geometry": {"type": "Point", "coordinates": [120.350667295808, -3.8459123101367]}}, {"type": "Feature", "properties": {}, "geometry": {"type": "Point", "coordinates": [119.499513564105, -3.6662492533128]}}, {"type": "Feature", "properties": {}, "geometry": {"type": "Point", "coordinates": [120.21592000319, -4.2187131530463]}}, {"type": "Feature", "properties": {}, "geometry": {"type": "Point", "coordinates": [120.382108330752, -3.2889568339826]}}, {"type": "Feature", "properties": {}, "geometry": {"type": "Point", "coordinates": [120.334946778336, -4.36468938671573]}}, {"type": "Feature", "properties": {}, "geometry": {"type": "Point", "coordinates": [119.533200387259, -4.75321074709742]}}, {"type": "Feature", "properties": {}, "geometry": {"type": "Point", "coordinates": [120.307997319812, -4.33324835177154]}}, {"type": "Feature", "properties": {}, "geometry": {"type": "Point", "coordinates": [120.276556284868, -4.27710364651407]}}, {"type": "Feature", "properties": {}, "geometry": {"type": "Point", "coordinates": [119.553412481152, -4.88795803971535]}}, {"type": "Feature", "properties": {}, "geometry": {"type": "Point", "coordinates": [120.375370966121, -3.25751579903842]}}, {"type": "Feature", "properties": {}, "geometry": {"type": "Point", "coordinates": [119.504005140525, -4.83405912266818]}}, {"type": "Feature", "properties": {}, "geometry": {"type": "Point", "coordinates": [120.316980472653, -3.96269329707224]}}, {"type": "Feature", "properties": {}, "geometry": {"type": "Point", "coordinates": [119.521971446207, -4.81609281698579]}}, {"type": "Feature", "properties": {}, "geometry": {"type": "Point", "coordinates": [119.629769280302, -4.36019781029513]}}, {"type": "Feature", "properties": {}, "geometry": {"type": "Point", "coordinates": [120.359650448649, -4.29956152861706]}}, {"type": "Feature", "properties": {}, "geometry": {"type": "Point", "coordinates": [119.551166692941, -4.94859432139341]}}, {"type": "Feature", "properties": {}, "geometry": {"type": "Point", "coordinates": [120.272064708447, -3.19238794093975]}}, {"type": "Feature", "properties": {}, "geometry": {"type": "Point", "coordinates": [119.589345092516, -4.53761507890873]}}, {"type": "Feature", "properties": {}, "geometry": {"type": "Point", "coordinates": [120.332700990125, -3.95371014423104]}}, {"type": "Feature", "properties": {}, "geometry": {"type": "Point", "coordinates": [120.305751531602, -4.34896886924363]}}, {"type": "Feature", "properties": {}, "geometry": {"type": "Point", "coordinates": [119.959900147216, -4.16481423599913]}}, {"type": "Feature", "properties": {}, "geometry": {"type": "Point", "coordinates": [119.935196476902, -4.17155160063003]}}, {"type": "Feature", "properties": {}, "geometry": {"type": "Point", "coordinates": [119.519725657997, -4.75096495888712]}}, {"type": "Feature", "properties": {}, "geometry": {"type": "Point", "coordinates": [120.431515671379, -6.17479468421656]}}, {"type": "Feature", "properties": {}, "geometry": {"type": "Point", "coordinates": [119.492776199474, -5.02270533233327]}}, {"type": "Feature", "properties": {}, "geometry": {"type": "Point", "coordinates": [120.29227680234, -5.01147639128178]}}, {"type": "Feature", "properties": {}, "geometry": {"type": "Point", "coordinates": [119.555658269362, -4.87223752224326]}}, {"type": "Feature", "properties": {}, "geometry": {"type": "Point", "coordinates": [119.46358095274, -5.09457055506284]}}, {"type": "Feature", "properties": {}, "geometry": {"type": "Point", "coordinates": [119.548920904731, -4.91266171002863]}}, {"type": "Feature", "properties": {}, "geometry": {"type": "Point", "coordinates": [119.589345092516, -4.63867554837218]}}, {"type": "Feature", "properties": {}, "geometry": {"type": "Point", "coordinates": [120.256344190975, -4.29956152861706]}}, {"type": "Feature", "properties": {}, "geometry": {"type": "Point", "coordinates": [119.602819821778, -4.44778355049678]}}, {"type": "Feature", "properties": {}, "geometry": {"type": "Point", "coordinates": [120.200199485718, -5.5482197735432]}}, {"type": "Feature", "properties": {}, "geometry": {"type": "Point", "coordinates": [119.517479869787, -4.76219389993861]}}, {"type": "Feature", "properties": {}, "geometry": {"type": "Point", "coordinates": [119.632015068512, -4.34896886924363]}}, {"type": "Feature", "properties": {}, "geometry": {"type": "Point", "coordinates": [119.459089376319, -5.11702843716582]}}, {"type": "Feature", "properties": {}, "geometry": {"type": "Point", "coordinates": [119.548920904731, -5.03618006159507]}}, {"type": "Feature", "properties": {}, "geometry": {"type": "Point", "coordinates": [120.238377885293, -2.94310544959658]}}, {"type": "Feature", "properties": {}, "geometry": {"type": "Point", "coordinates": [119.569132998624, -5.59987290238007]}}, {"type": "Feature", "properties": {}, "geometry": {"type": "Point", "coordinates": [120.227148944241, -2.94984281422748]}}, {"type": "Feature", "properties": {}, "geometry": {"type": "Point", "coordinates": [120.415795153906, -3.72913132320116]}}, {"type": "Feature", "properties": {}, "geometry": {"type": "Point", "coordinates": [119.528708810838, -4.85876279298146]}}, {"type": "Feature", "properties": {}, "geometry": {"type": "Point", "coordinates": [119.98909539395, -4.15807687136824]}}, {"type": "Feature", "properties": {}, "geometry": {"type": "Point", "coordinates": [119.53993775189, -3.87061598044999]}}, {"type": "Feature", "properties": {}, "geometry": {"type": "Point", "coordinates": [119.546675116521, -4.75770232351802]}}, {"type": "Feature", "properties": {}, "geometry": {"type": "Point", "coordinates": [120.328209413705, -4.00536327306792]}}, {"type": "Feature", "properties": {}, "geometry": {"type": "Point", "coordinates": [120.393337271803, -3.27099052830021]}}, {"type": "Feature", "properties": {}, "geometry": {"type": "Point", "coordinates": [119.551166692941, -4.89244961613594]}}, {"type": "Feature", "properties": {}, "geometry": {"type": "Point", "coordinates": [119.99134118216, -4.17828896526092]}}, {"type": "Feature", "properties": {}, "geometry": {"type": "Point", "coordinates": [119.591590880727, -5.26525045904555]}}, {"type": "Feature", "properties": {}, "geometry": {"type": "Point", "coordinates": [120.319226260864, -4.34896886924363]}}, {"type": "Feature", "properties": {}, "geometry": {"type": "Point", "coordinates": [119.959900147216, -4.11765268358286]}}, {"type": "Feature", "properties": {}, "geometry": {"type": "Point", "coordinates": [119.560149845783, -4.68583710078845]}}, {"type": "Feature", "properties": {}, "geometry": {"type": "Point", "coordinates": [119.490530411263, -3.74934341709385]}}, {"type": "Feature", "properties": {}, "geometry": {"type": "Point", "coordinates": [119.483793046632, -5.00249323844059]}}, {"type": "Feature", "properties": {}, "geometry": {"type": "Point", "coordinates": [119.975620664688, -4.17379738884033]}}, {"type": "Feature", "properties": {}, "geometry": {"type": "Point", "coordinates": [120.393337271803, -3.2777278929311]}}, {"type": "Feature", "properties": {}, "geometry": {"type": "Point", "coordinates": [120.29003101413, -5.01147639128178]}}, {"type": "Feature", "properties": {}, "geometry": {"type": "Point", "coordinates": [119.596082457147, -4.61621766626919]}}, {"type": "Feature", "properties": {}, "geometry": {"type": "Point", "coordinates": [119.445614647057, -5.5369908324917]}}, {"type": "Feature", "properties": {}, "geometry": {"type": "Point", "coordinates": [120.341684142967, -4.0345585198018]}}, {"type": "Feature", "properties": {}, "geometry": {"type": "Point", "coordinates": [120.361896236859, -3.23056634051483]}}, {"type": "Feature", "properties": {}, "geometry": {"type": "Point", "coordinates": [120.404566212855, -4.61621766626919]}}, {"type": "Feature", "properties": {}, "geometry": {"type": "Point", "coordinates": [120.323717837284, -5.50779558575782]}}, {"type": "Feature", "properties": {}, "geometry": {"type": "Point", "coordinates": [119.510742505156, -4.83181333445788]}}, {"type": "Feature", "properties": {}, "geometry": {"type": "Point", "coordinates": [119.54442932831, -4.72401550036353]}}, {"type": "Feature", "properties": {}, "geometry": {"type": "Point", "coordinates": [119.524217234418, -3.61010454805533]}}, {"type": "Feature", "properties": {}, "geometry": {"type": "Point", "coordinates": [119.454597799899, -5.5324992560711]}}, {"type": "Feature", "properties": {}, "geometry": {"type": "Point", "coordinates": [120.415795153906, -3.71565659393937]}}, {"type": "Feature", "properties": {}, "geometry": {"type": "Point", "coordinates": [120.337192566546, -4.34896886924363]}}, {"type": "Feature", "properties": {}, "geometry": {"type": "Point", "coordinates": [119.986849605739, -4.12663583642405]}}, {"type": "Feature", "properties": {}, "geometry": {"type": "Point", "coordinates": [119.620786127461, -5.25177572978375]}}, {"type": "Feature", "properties": {}, "geometry": {"type": "Point", "coordinates": [120.384354118962, -3.80099654593073]}}, {"type": "Feature", "properties": {}, "geometry": {"type": "Point", "coordinates": [120.377616754331, -3.34060996281947]}}, {"type": "Feature", "properties": {}, "geometry": {"type": "Point", "coordinates": [120.377616754331, -3.35183890387096]}}, {"type": "Feature", "properties": {}, "geometry": {"type": "Point", "coordinates": [120.193462121087, -4.25015418799049]}}, {"type": "Feature", "properties": {}, "geometry": {"type": "Point", "coordinates": [119.535446175469, -4.90143276897714]}}, {"type": "Feature", "properties": {}, "geometry": {"type": "Point", "coordinates": [119.54442932831, -4.75545653530772]}}, {"type": "Feature", "properties": {}, "geometry": {"type": "Point", "coordinates": [119.548920904731, -3.87061598044999]}}, {"type": "Feature", "properties": {}, "geometry": {"type": "Point", "coordinates": [119.551166692941, -4.64316712479278]}}, {"type": "Feature", "properties": {}, "geometry": {"type": "Point", "coordinates": [120.296768378761, -4.31752783429945]}}, {"type": "Feature", "properties": {}, "geometry": {"type": "Point", "coordinates": [120.299014166971, -4.32426519893035]}}, {"type": "Feature", "properties": {}, "geometry": {"type": "Point", "coordinates": [119.548920904731, -4.66562500689577]}}, {"type": "Feature", "properties": {}, "geometry": {"type": "Point", "coordinates": [119.555658269362, -4.65664185405457]}}, {"type": "Feature", "properties": {}, "geometry": {"type": "Point", "coordinates": [120.332700990125, -4.37142675134662]}}, {"type": "Feature", "properties": {}, "geometry": {"type": "Point", "coordinates": [119.795957607864, -5.69644179542292]}}, {"type": "Feature", "properties": {}, "geometry": {"type": "Point", "coordinates": [120.361896236859, -4.16032265957853]}}, {"type": "Feature", "properties": {}, "geometry": {"type": "Point", "coordinates": [119.598328245358, -5.25851309441465]}}, {"type": "Feature", "properties": {}, "geometry": {"type": "Point", "coordinates": [119.508496716946, -4.76668547635921]}}, {"type": "Feature", "properties": {}, "geometry": {"type": "Point", "coordinates": [120.276556284868, -5.09457055506284]}}, {"type": "Feature", "properties": {}, "geometry": {"type": "Point", "coordinates": [119.474809893791, -3.6572661004716]}}, {"type": "Feature", "properties": {}, "geometry": {"type": "Point", "coordinates": [120.388845695383, -3.43942464407262]}}, {"type": "Feature", "properties": {}, "geometry": {"type": "Point", "coordinates": [120.388845695383, -4.58702241953531]}}, {"type": "Feature", "properties": {}, "geometry": {"type": "Point", "coordinates": [119.517479869787, -4.87897488687415]}}, {"type": "Feature", "properties": {}, "geometry": {"type": "Point", "coordinates": [120.402320424645, -3.74485184067326]}}, {"type": "Feature", "properties": {}, "geometry": {"type": "Point", "coordinates": [119.932950688692, -4.17604317705063]}}, {"type": "Feature", "properties": {}, "geometry": {"type": "Point", "coordinates": [119.481547258422, -5.00923060307148]}}, {"type": "Feature", "properties": {}, "geometry": {"type": "Point", "coordinates": [119.528708810838, -4.93961116855222]}}, {"type": "Feature", "properties": {}, "geometry": {"type": "Point", "coordinates": [119.98909539395, -4.14684793031674]}}, {"type": "Feature", "properties": {}, "geometry": {"type": "Point", "coordinates": [120.325963625494, -3.93574383854865]}}, {"type": "Feature", "properties": {}, "geometry": {"type": "Point", "coordinates": [120.337192566546, -3.98290539096493]}}, {"type": "Feature", "properties": {}, "geometry": {"type": "Point", "coordinates": [119.492776199474, -3.74934341709385]}}, {"type": "Feature", "properties": {}, "geometry": {"type": "Point", "coordinates": [120.240623673503, -4.24117103514929]}}, {"type": "Feature", "properties": {}, "geometry": {"type": "Point", "coordinates": [119.551166692941, -4.68134552436786]}}, {"type": "Feature", "properties": {}, "geometry": {"type": "Point", "coordinates": [120.328209413705, -3.98065960275463]}}, {"type": "Feature", "properties": {}, "geometry": {"type": "Point", "coordinates": [119.977866452898, -4.14460214210644]}}, {"type": "Feature", "properties": {}, "geometry": {"type": "Point", "coordinates": [120.357404660439, -3.21260003483244]}}, {"type": "Feature", "properties": {}, "geometry": {"type": "Point", "coordinates": [119.546675116521, -4.91715328644923]}}, {"type": "Feature", "properties": {}, "geometry": {"type": "Point", "coordinates": [120.314734684443, -4.13337320105495]}}, {"type": "Feature", "properties": {}, "geometry": {"type": "Point", "coordinates": [119.928459112272, -4.11316110716226]}}, {"type": "Feature", "properties": {}, "geometry": {"type": "Point", "coordinates": [120.242869461713, -4.23443367051839]}}, {"type": "Feature", "properties": {}, "geometry": {"type": "Point", "coordinates": [120.420286730327, -4.63193818374128]}}, {"type": "Feature", "properties": {}, "geometry": {"type": "Point", "coordinates": [120.559525599366, -2.71178926393581]}}, {"type": "Feature", "properties": {}, "geometry": {"type": "Point", "coordinates": [119.53993775189, -4.72176971215324]}}, {"type": "Feature", "properties": {}, "geometry": {"type": "Point", "coordinates": [120.195707909297, -5.49432085649602]}}, {"type": "Feature", "properties": {}, "geometry": {"type": "Point", "coordinates": [119.562395633993, -4.70380340647084]}}, {"type": "Feature", "properties": {}, "geometry": {"type": "Point", "coordinates": [120.204691062138, -2.93861387317598]}}, {"type": "Feature", "properties": {}, "geometry": {"type": "Point", "coordinates": [120.29227680234, -4.29956152861706]}}, {"type": "Feature", "properties": {}, "geometry": {"type": "Point", "coordinates": [120.343929931177, -4.34896886924363]}}, {"type": "Feature", "properties": {}, "geometry": {"type": "Point", "coordinates": [119.533200387259, -5.02045954412298]}}, {"type": "Feature", "properties": {}, "geometry": {"type": "Point", "coordinates": [119.560149845783, -4.92389065108013]}}, {"type": "Feature", "properties": {}, "geometry": {"type": "Point", "coordinates": [119.564641422203, -4.64316712479278]}}, {"type": "Feature", "properties": {}, "geometry": {"type": "Point", "coordinates": [119.535446175469, -4.95533168602431]}}, {"type": "Feature", "properties": {}, "geometry": {"type": "Point", "coordinates": [119.483793046632, -5.03168848517447]}}, {"type": "Feature", "properties": {}, "geometry": {"type": "Point", "coordinates": [120.240623673503, -4.24341682335959]}}, {"type": "Feature", "properties": {}, "geometry": {"type": "Point", "coordinates": [119.483793046632, -3.6550203122613]}}, {"type": "Feature", "properties": {}, "geometry": {"type": "Point", "coordinates": [120.36414202507, -3.8436665219264]}}, {"type": "Feature", "properties": {}, "geometry": {"type": "Point", "coordinates": [120.29452259055, -4.30180731682736]}}, {"type": "Feature", "properties": {}, "geometry": {"type": "Point", "coordinates": [120.323717837284, -3.94921856781045]}}, {"type": "Feature", "properties": {}, "geometry": {"type": "Point", "coordinates": [119.930704900482, -4.11989847179316]}}, {"type": "Feature", "properties": {}, "geometry": {"type": "Point", "coordinates": [120.305751531602, -5.48982928007543]}}, {"type": "Feature", "properties": {}, "geometry": {"type": "Point", "coordinates": [119.953162782585, -4.20074684736391]}}, {"type": "Feature", "properties": {}, "geometry": {"type": "Point", "coordinates": [119.580361939675, -4.87448331045355]}}, {"type": "Feature", "properties": {}, "geometry": {"type": "Point", "coordinates": [119.515234081577, -3.59438403058324]}}, {"type": "Feature", "properties": {}, "geometry": {"type": "Point", "coordinates": [119.950916994375, -4.14235635389614]}}, {"type": "Feature", "properties": {}, "geometry": {"type": "Point", "coordinates": [119.515234081577, -4.84528806371967]}}, {"type": "Feature", "properties": {}, "geometry": {"type": "Point", "coordinates": [120.382108330752, -3.35408469208126]}}, {"type": "Feature", "properties": {}, "geometry": {"type": "Point", "coordinates": [120.260835767396, -2.92963072033479]}}, {"type": "Feature", "properties": {}, "geometry": {"type": "Point", "coordinates": [119.627523492092, -4.27934943472437]}}, {"type": "Feature", "properties": {}, "geometry": {"type": "Point", "coordinates": [120.36638781328, -4.216467364836]}}, {"type": "Feature", "properties": {}, "geometry": {"type": "Point", "coordinates": [119.975620664688, -4.18502632989182]}}, {"type": "Feature", "properties": {}, "geometry": {"type": "Point", "coordinates": [120.29003101413, -5.03168848517447]}}, {"type": "Feature", "properties": {}, "geometry": {"type": "Point", "coordinates": [119.526463022628, -4.90817013360804]}}, {"type": "Feature", "properties": {}, "geometry": {"type": "Point", "coordinates": [120.150792145091, -4.18727211810212]}}, {"type": "Feature", "properties": {}, "geometry": {"type": "Point", "coordinates": [119.98909539395, -4.17379738884033]}}, {"type": "Feature", "properties": {}, "geometry": {"type": "Point", "coordinates": [120.350667295808, -3.20586267020154]}}, {"type": "Feature", "properties": {}, "geometry": {"type": "Point", "coordinates": [119.512988293366, -3.61684191268622]}}, {"type": "Feature", "properties": {}, "geometry": {"type": "Point", "coordinates": [120.159775297932, -4.2187131530463]}}, {"type": "Feature", "properties": {}, "geometry": {"type": "Point", "coordinates": [120.375370966121, -3.53374774890517]}}, {"type": "Feature", "properties": {}, "geometry": {"type": "Point", "coordinates": [119.528708810838, -4.95533168602431]}}, {"type": "Feature", "properties": {}, "geometry": {"type": "Point", "coordinates": [120.258589979186, -5.47860033902393]}}, {"type": "Feature", "properties": {}, "geometry": {"type": "Point", "coordinates": [119.566887210413, -4.67460815973696]}}, {"type": "Feature", "properties": {}, "geometry": {"type": "Point", "coordinates": [119.602819821778, -4.43655460944529]}}, {"type": "Feature", "properties": {}, "geometry": {"type": "Point", "coordinates": [119.968883300057, -4.14235635389614]}}, {"type": "Feature", "properties": {}, "geometry": {"type": "Point", "coordinates": [119.557904057572, -4.73075286499443]}}, {"type": "Feature", "properties": {}, "geometry": {"type": "Point", "coordinates": [119.521971446207, -4.89020382792565]}}, {"type": "Feature", "properties": {}, "geometry": {"type": "Point", "coordinates": [119.512988293366, -4.9777895681273]}}, {"type": "Feature", "properties": {}, "geometry": {"type": "Point", "coordinates": [119.932950688692, -4.20523842378451]}}, {"type": "Feature", "properties": {}, "geometry": {"type": "Point", "coordinates": [120.29003101413, -5.51004137396812]}}, {"type": "Feature", "properties": {}, "geometry": {"type": "Point", "coordinates": [120.404566212855, -3.77853866382774]}}, {"type": "Feature", "properties": {}, "geometry": {"type": "Point", "coordinates": [119.548920904731, -4.67460815973696]}}, {"type": "Feature", "properties": {}, "geometry": {"type": "Point", "coordinates": [119.510742505156, -4.83405912266818]}}, {"type": "Feature", "properties": {}, "geometry": {"type": "Point", "coordinates": [119.53993775189, -4.975543779917]}}, {"type": "Feature", "properties": {}, "geometry": {"type": "Point", "coordinates": [119.510742505156, -3.80324233414102]}}, {"type": "Feature", "properties": {}, "geometry": {"type": "Point", "coordinates": [119.928459112272, -4.17604317705063]}}, {"type": "Feature", "properties": {}, "geometry": {"type": "Point", "coordinates": [119.975620664688, -4.11765268358286]}}, {"type": "Feature", "properties": {}, "geometry": {"type": "Point", "coordinates": [120.22041157961, -2.94759702601718]}}, {"type": "Feature", "properties": {}, "geometry": {"type": "Point", "coordinates": [119.472564105581, -3.68421555899519]}}, {"type": "Feature", "properties": {}, "geometry": {"type": "Point", "coordinates": [120.377616754331, -3.52251880785367]}}, {"type": "Feature", "properties": {}, "geometry": {"type": "Point", "coordinates": [120.202445273928, -4.26812049367288]}}, {"type": "Feature", "properties": {}, "geometry": {"type": "Point", "coordinates": [120.312488896233, -3.19014215272945]}}, {"type": "Feature", "properties": {}, "geometry": {"type": "Point", "coordinates": [120.276556284868, -4.31752783429945]}}, {"type": "Feature", "properties": {}, "geometry": {"type": "Point", "coordinates": [120.36638781328, -4.17828896526092]}}, {"type": "Feature", "properties": {}, "geometry": {"type": "Point", "coordinates": [119.515234081577, -4.83855069908877]}}, {"type": "Feature", "properties": {}, "geometry": {"type": "Point", "coordinates": [119.499513564105, -3.61684191268622]}}, {"type": "Feature", "properties": {}, "geometry": {"type": "Point", "coordinates": [119.477055682002, -3.72463974678057]}}, {"type": "Feature", "properties": {}, "geometry": {"type": "Point", "coordinates": [119.636506644933, -4.35346044566423]}}, {"type": "Feature", "properties": {}, "geometry": {"type": "Point", "coordinates": [119.968883300057, -4.14909371852704]}}, {"type": "Feature", "properties": {}, "geometry": {"type": "Point", "coordinates": [119.54442932831, -4.86325436940206]}}, {"type": "Feature", "properties": {}, "geometry": {"type": "Point", "coordinates": [119.598328245358, -4.45452091512768]}}, {"type": "Feature", "properties": {}, "geometry": {"type": "Point", "coordinates": [119.46807252916, -3.69769028825698]}}, {"type": "Feature", "properties": {}, "geometry": {"type": "Point", "coordinates": [121.42190827212, -2.59051670057967]}}, {"type": "Feature", "properties": {}, "geometry": {"type": "Point", "coordinates": [119.53993775189, -3.87959913329118]}}, {"type": "Feature", "properties": {}, "geometry": {"type": "Point", "coordinates": [120.278802073078, -3.18565057630885]}}, {"type": "Feature", "properties": {}, "geometry": {"type": "Point", "coordinates": [120.269818920237, -4.30629889324796]}}, {"type": "Feature", "properties": {}, "geometry": {"type": "Point", "coordinates": [119.501759352315, -4.7868975702519]}}, {"type": "Feature", "properties": {}, "geometry": {"type": "Point", "coordinates": [120.388845695383, -3.25527001082812]}}, {"type": "Feature", "properties": {}, "geometry": {"type": "Point", "coordinates": [119.519725657997, -4.9822811445479]}}, {"type": "Feature", "properties": {}, "geometry": {"type": "Point", "coordinates": [119.564641422203, -4.67909973615756]}}, {"type": "Feature", "properties": {}, "geometry": {"type": "Point", "coordinates": [120.195707909297, -4.17379738884033]}}, {"type": "Feature", "properties": {}, "geometry": {"type": "Point", "coordinates": [120.375370966121, -3.79201339308953]}}, {"type": "Feature", "properties": {}, "geometry": {"type": "Point", "coordinates": [119.582607727886, -5.27423361188674]}}, {"type": "Feature", "properties": {}, "geometry": {"type": "Point", "coordinates": [119.548920904731, -4.65888764226487]}}, {"type": "Feature", "properties": {}, "geometry": {"type": "Point", "coordinates": [119.535446175469, -4.67460815973696]}}, {"type": "Feature", "properties": {}, "geometry": {"type": "Point", "coordinates": [120.413549365696, -4.62744660732069]}}, {"type": "Feature", "properties": {}, "geometry": {"type": "Point", "coordinates": [120.361896236859, -4.26362891725228]}}, {"type": "Feature", "properties": {}, "geometry": {"type": "Point", "coordinates": [119.456843588109, -5.09681634327314]}}, {"type": "Feature", "properties": {}, "geometry": {"type": "Point", "coordinates": [120.222657367821, -4.26587470546258]}}, {"type": "Feature", "properties": {}, "geometry": {"type": "Point", "coordinates": [120.321472049074, -3.94248120317955]}}, {"type": "Feature", "properties": {}, "geometry": {"type": "Point", "coordinates": [119.950916994375, -4.15358529494764]}}, {"type": "Feature", "properties": {}, "geometry": {"type": "Point", "coordinates": [120.258589979186, -4.28384101114497]}}, {"type": "Feature", "properties": {}, "geometry": {"type": "Point", "coordinates": [120.348421507597, -4.14011056568584]}}, {"type": "Feature", "properties": {}, "geometry": {"type": "Point", "coordinates": [119.524217234418, -4.99800166201999]}}, {"type": "Feature", "properties": {}, "geometry": {"type": "Point", "coordinates": [119.481547258422, -5.05639215548776]}}, {"type": "Feature", "properties": {}, "geometry": {"type": "Point", "coordinates": [120.460710918112, -2.79712921592716]}}, {"type": "Feature", "properties": {}, "geometry": {"type": "Point", "coordinates": [119.553412481152, -4.75321074709742]}}, {"type": "Feature", "properties": {}, "geometry": {"type": "Point", "coordinates": [119.486038834843, -3.72463974678057]}}, {"type": "Feature", "properties": {}, "geometry": {"type": "Point", "coordinates": [120.21367421498, -4.2299420940978]}}, {"type": "Feature", "properties": {}, "geometry": {"type": "Point", "coordinates": [119.54442932831, -3.80099654593073]}}, {"type": "Feature", "properties": {}, "geometry": {"type": "Point", "coordinates": [120.157529509722, -4.13337320105495]}}, {"type": "Feature", "properties": {}, "geometry": {"type": "Point", "coordinates": [120.299014166971, -5.49432085649602]}}, {"type": "Feature", "properties": {}, "geometry": {"type": "Point", "coordinates": [119.517479869787, -3.82345442803371]}}, {"type": "Feature", "properties": {}, "geometry": {"type": "Point", "coordinates": [120.573000328627, -2.68034822899162]}}, {"type": "Feature", "properties": {}, "geometry": {"type": "Point", "coordinates": [120.305751531602, -3.19014215272945]}}, {"type": "Feature", "properties": {}, "geometry": {"type": "Point", "coordinates": [119.517479869787, -4.75545653530772]}}, {"type": "Feature", "properties": {}, "geometry": {"type": "Point", "coordinates": [120.281047861288, -3.18115899988826]}}, {"type": "Feature", "properties": {}, "geometry": {"type": "Point", "coordinates": [119.497267775894, -4.9822811445479]}}, {"type": "Feature", "properties": {}, "geometry": {"type": "Point", "coordinates": [120.391091483593, -3.2822194693517]}}, {"type": "Feature", "properties": {}, "geometry": {"type": "Point", "coordinates": [120.299014166971, -4.31303625787885]}}, {"type": "Feature", "properties": {}, "geometry": {"type": "Point", "coordinates": [120.384354118962, -3.35857626850186]}}, {"type": "Feature", "properties": {}, "geometry": {"type": "Point", "coordinates": [119.984603817529, -4.19400948273302]}}, {"type": "Feature", "properties": {}, "geometry": {"type": "Point", "coordinates": [119.587099304306, -4.52189456143664]}}, {"type": "Feature", "properties": {}, "geometry": {"type": "Point", "coordinates": [119.959900147216, -4.16930581241973]}}, {"type": "Feature", "properties": {}, "geometry": {"type": "Point", "coordinates": [120.346175719387, -3.86612440402939]}}, {"type": "Feature", "properties": {}, "geometry": {"type": "Point", "coordinates": [119.551166692941, -4.88571225150505]}}, {"type": "Feature", "properties": {}, "geometry": {"type": "Point", "coordinates": [119.486038834843, -4.99575587380969]}}, {"type": "Feature", "properties": {}, "geometry": {"type": "Point", "coordinates": [120.283293649499, -4.29506995219646]}}, {"type": "Feature", "properties": {}, "geometry": {"type": "Point", "coordinates": [120.339438354756, -3.96493908528254]}}, {"type": "Feature", "properties": {}, "geometry": {"type": "Point", "coordinates": [119.456843588109, -3.69095292362608]}}, {"type": "Feature", "properties": {}, "geometry": {"type": "Point", "coordinates": [120.424778306748, -3.74485184067326]}}, {"type": "Feature", "properties": {}, "geometry": {"type": "Point", "coordinates": [119.580361939675, -4.61846345447949]}}, {"type": "Feature", "properties": {}, "geometry": {"type": "Point", "coordinates": [119.443368858847, -5.5414824089123]}}, {"type": "Feature", "properties": {}, "geometry": {"type": "Point", "coordinates": [119.524217234418, -3.58090930132144]}}, {"type": "Feature", "properties": {}, "geometry": {"type": "Point", "coordinates": [119.528708810838, -4.69032867720905]}}, {"type": "Feature", "properties": {}, "geometry": {"type": "Point", "coordinates": [120.433761459589, -3.74934341709385]}}, {"type": "Feature", "properties": {}, "geometry": {"type": "Point", "coordinates": [119.53769196368, -3.87286176866029]}}, {"type": "Feature", "properties": {}, "geometry": {"type": "Point", "coordinates": [119.450106223478, -5.09232476685254]}}, {"type": "Feature", "properties": {}, "geometry": {"type": "Point", "coordinates": [120.276556284868, -2.9071728382318]}}, {"type": "Feature", "properties": {}, "geometry": {"type": "Point", "coordinates": [119.984603817529, -4.18502632989182]}}, {"type": "Feature", "properties": {}, "geometry": {"type": "Point", "coordinates": [120.422532518537, -3.73137711141146]}}, {"type": "Feature", "properties": {}, "geometry": {"type": "Point", "coordinates": [119.533200387259, -4.85202542835057]}}, {"type": "Feature", "properties": {}, "geometry": {"type": "Point", "coordinates": [119.84087337207, -5.63355972553455]}}, {"type": "Feature", "properties": {}, "geometry": {"type": "Point", "coordinates": [120.373125177911, -4.19176369452272]}}, {"type": "Feature", "properties": {}, "geometry": {"type": "Point", "coordinates": [119.548920904731, -3.89082807434268]}}, {"type": "Feature", "properties": {}, "geometry": {"type": "Point", "coordinates": [119.477055682002, -5.02495112054357]}}, {"type": "Feature", "properties": {}, "geometry": {"type": "Point", "coordinates": [119.973374876478, -4.11091531895196]}}, {"type": "Feature", "properties": {}, "geometry": {"type": "Point", "coordinates": [119.5421835401, -4.9688064152861]}}, {"type": "Feature", "properties": {}, "geometry": {"type": "Point", "coordinates": [119.629769280302, -4.28608679935527]}}, {"type": "Feature", "properties": {}, "geometry": {"type": "Point", "coordinates": [119.548920904731, -3.79425918129983]}}, {"type": "Feature", "properties": {}, "geometry": {"type": "Point", "coordinates": [119.526463022628, -4.71054077110174]}}, {"type": "Feature", "properties": {}, "geometry": {"type": "Point", "coordinates": [119.629769280302, -5.25626730620435]}}, {"type": "Feature", "properties": {}, "geometry": {"type": "Point", "coordinates": [120.3708793897, -4.36244359850543]}}, {"type": "Feature", "properties": {}, "geometry": {"type": "Point", "coordinates": [119.587099304306, -4.00985484948851]}}, {"type": "Feature", "properties": {}, "geometry": {"type": "Point", "coordinates": [120.321472049074, -3.95820172065164]}}, {"type": "Feature", "properties": {}, "geometry": {"type": "Point", "coordinates": [119.524217234418, -3.77404708740714]}}, {"type": "Feature", "properties": {}, "geometry": {"type": "Point", "coordinates": [119.555658269362, -4.71278655931204]}}, {"type": "Feature", "properties": {}, "geometry": {"type": "Point", "coordinates": [120.330455201915, -3.96269329707224]}}, {"type": "Feature", "properties": {}, "geometry": {"type": "Point", "coordinates": [120.283293649499, -4.27710364651407]}}, {"type": "Feature", "properties": {}, "geometry": {"type": "Point", "coordinates": [119.530954599049, -3.59887560700383]}}, {"type": "Feature", "properties": {}, "geometry": {"type": "Point", "coordinates": [119.508496716946, -4.83630491087847]}}, {"type": "Feature", "properties": {}, "geometry": {"type": "Point", "coordinates": [119.495021987684, -4.7824059938313]}}, {"type": "Feature", "properties": {}, "geometry": {"type": "Point", "coordinates": [119.557904057572, -4.87897488687415]}}, {"type": "Feature", "properties": {}, "geometry": {"type": "Point", "coordinates": [120.155283721512, -4.20299263557421]}}, {"type": "Feature", "properties": {}, "geometry": {"type": "Point", "coordinates": [119.587099304306, -4.62969239553098]}}, {"type": "Feature", "properties": {}, "geometry": {"type": "Point", "coordinates": [120.233886308872, -4.28384101114497]}}, {"type": "Feature", "properties": {}, "geometry": {"type": "Point", "coordinates": [119.551166692941, -4.93511959213162]}}, {"type": "Feature", "properties": {}, "geometry": {"type": "Point", "coordinates": [120.200199485718, -4.26138312904198]}}, {"type": "Feature", "properties": {}, "geometry": {"type": "Point", "coordinates": [119.591590880727, -4.91041592181833]}}, {"type": "Feature", "properties": {}, "geometry": {"type": "Point", "coordinates": [119.926213324061, -4.16032265957853]}}, {"type": "Feature", "properties": {}, "geometry": {"type": "Point", "coordinates": [119.506250928735, -3.80324233414102]}}, {"type": "Feature", "properties": {}, "geometry": {"type": "Point", "coordinates": [119.53769196368, -4.71952392394294]}}, {"type": "Feature", "properties": {}, "geometry": {"type": "Point", "coordinates": [119.589345092516, -4.6027429370074]}}, {"type": "Feature", "properties": {}, "geometry": {"type": "Point", "coordinates": [119.995832758581, -4.19176369452272]}}, {"type": "Feature", "properties": {}, "geometry": {"type": "Point", "coordinates": [119.946425417954, -4.16032265957853]}}, {"type": "Feature", "properties": {}, "geometry": {"type": "Point", "coordinates": [120.332700990125, -3.96269329707224]}}, {"type": "Feature", "properties": {}, "geometry": {"type": "Point", "coordinates": [120.224903156031, -2.95433439064808]}}, {"type": "Feature", "properties": {}, "geometry": {"type": "Point", "coordinates": [119.521971446207, -4.99800166201999]}}, {"type": "Feature", "properties": {}, "geometry": {"type": "Point", "coordinates": [120.166512662563, -4.20748421199481]}}, {"type": "Feature", "properties": {}, "geometry": {"type": "Point", "coordinates": [119.517479869787, -3.57192614848025]}}, {"type": "Feature", "properties": {}, "geometry": {"type": "Point", "coordinates": [119.553412481152, -4.73075286499443]}}, {"type": "Feature", "properties": {}, "geometry": {"type": "Point", "coordinates": [120.265327343816, -4.27710364651407]}}, {"type": "Feature", "properties": {}, "geometry": {"type": "Point", "coordinates": [119.551166692941, -4.71278655931204]}}, {"type": "Feature", "properties": {}, "geometry": {"type": "Point", "coordinates": [119.546675116521, -4.87223752224326]}}, {"type": "Feature", "properties": {}, "geometry": {"type": "Point", "coordinates": [120.191216332877, -4.25015418799049]}}, {"type": "Feature", "properties": {}, "geometry": {"type": "Point", "coordinates": [120.539313505473, -2.70954347572551]}}, {"type": "Feature", "properties": {}, "geometry": {"type": "Point", "coordinates": [120.3708793897, -3.23281212872513]}}, {"type": "Feature", "properties": {}, "geometry": {"type": "Point", "coordinates": [119.600574033568, -4.43880039765559]}}, {"type": "Feature", "properties": {}, "geometry": {"type": "Point", "coordinates": [119.512988293366, -4.79812651130339]}}, {"type": "Feature", "properties": {}, "geometry": {"type": "Point", "coordinates": [119.946425417954, -4.15358529494764]}}, {"type": "Feature", "properties": {}, "geometry": {"type": "Point", "coordinates": [120.352913084018, -4.29506995219646]}}, {"type": "Feature", "properties": {}, "geometry": {"type": "Point", "coordinates": [120.379862542542, -3.52701038427427]}}, {"type": "Feature", "properties": {}, "geometry": {"type": "Point", "coordinates": [119.535446175469, -4.74422759425622]}}, {"type": "Feature", "properties": {}, "geometry": {"type": "Point", "coordinates": [120.332700990125, -3.93798962675895]}}, {"type": "Feature", "properties": {}, "geometry": {"type": "Point", "coordinates": [119.555658269362, -3.86612440402939]}}, {"type": "Feature", "properties": {}, "geometry": {"type": "Point", "coordinates": [119.605065609989, -4.43880039765559]}}, {"type": "Feature", "properties": {}, "geometry": {"type": "Point", "coordinates": [119.966637511847, -4.11989847179316]}}, {"type": "Feature", "properties": {}, "geometry": {"type": "Point", "coordinates": [120.348421507597, -4.35795202208483]}}, {"type": "Feature", "properties": {}, "geometry": {"type": "Point", "coordinates": [120.334946778336, -4.14460214210644]}}, {"type": "Feature", "properties": {}, "geometry": {"type": "Point", "coordinates": [119.508496716946, -4.83405912266818]}}, {"type": "Feature", "properties": {}, "geometry": {"type": "Point", "coordinates": [120.350667295808, -4.0278211551709]}}, {"type": "Feature", "properties": {}, "geometry": {"type": "Point", "coordinates": [120.350667295808, -3.83243758087491]}}, {"type": "Feature", "properties": {}, "geometry": {"type": "Point", "coordinates": [120.249606826344, -5.5302534678608]}}, {"type": "Feature", "properties": {}, "geometry": {"type": "Point", "coordinates": [119.602819821778, -4.43206303302469]}}, {"type": "Feature", "properties": {}, "geometry": {"type": "Point", "coordinates": [119.598328245358, -4.94634853318312]}}, {"type": "Feature", "properties": {}, "geometry": {"type": "Point", "coordinates": [119.578116151465, -4.91041592181833]}}, {"type": "Feature", "properties": {}, "geometry": {"type": "Point", "coordinates": [120.427024094958, -4.62295503090009]}}, {"type": "Feature", "properties": {}, "geometry": {"type": "Point", "coordinates": [119.526463022628, -4.75096495888712]}}, {"type": "Feature", "properties": {}, "geometry": {"type": "Point", "coordinates": [119.519725657997, -4.96206905065521]}}, {"type": "Feature", "properties": {}, "geometry": {"type": "Point", "coordinates": [121.594833964313, -2.78590027487567]}}, {"type": "Feature", "properties": {}, "geometry": {"type": "Point", "coordinates": [120.36414202507, -3.45289937333441]}}, {"type": "Feature", "properties": {}, "geometry": {"type": "Point", "coordinates": [119.524217234418, -5.00024745023029]}}, {"type": "Feature", "properties": {}, "geometry": {"type": "Point", "coordinates": [120.386599907173, -3.79425918129983]}}, {"type": "Feature", "properties": {}, "geometry": {"type": "Point", "coordinates": [120.21367421498, -4.28608679935527]}}, {"type": "Feature", "properties": {}, "geometry": {"type": "Point", "coordinates": [119.526463022628, -4.67909973615756]}}, {"type": "Feature", "properties": {}, "geometry": {"type": "Point", "coordinates": [119.569132998624, -4.93511959213162]}}, {"type": "Feature", "properties": {}, "geometry": {"type": "Point", "coordinates": [119.481547258422, -5.06312952011865]}}, {"type": "Feature", "properties": {}, "geometry": {"type": "Point", "coordinates": [120.373125177911, -3.78976760487923]}}, {"type": "Feature", "properties": {}, "geometry": {"type": "Point", "coordinates": [119.968883300057, -4.14684793031674]}}, {"type": "Feature", "properties": {}, "geometry": {"type": "Point", "coordinates": [120.373125177911, -3.33387259818857]}}, {"type": "Feature", "properties": {}, "geometry": {"type": "Point", "coordinates": [119.521971446207, -3.81447127519252]}}, {"type": "Feature", "properties": {}, "geometry": {"type": "Point", "coordinates": [120.146300568671, -4.19625527094331]}}, {"type": "Feature", "properties": {}, "geometry": {"type": "Point", "coordinates": [119.569132998624, -4.66337921868547]}}, {"type": "Feature", "properties": {}, "geometry": {"type": "Point", "coordinates": [119.99134118216, -4.15807687136824]}}, {"type": "Feature", "properties": {}, "geometry": {"type": "Point", "coordinates": [119.474809893791, -5.07435846117015]}}, {"type": "Feature", "properties": {}, "geometry": {"type": "Point", "coordinates": [119.944179629744, -4.16706002420943]}}, {"type": "Feature", "properties": {}, "geometry": {"type": "Point", "coordinates": [119.454597799899, -5.09232476685254]}}, {"type": "Feature", "properties": {}, "geometry": {"type": "Point", "coordinates": [119.598328245358, -5.25626730620435]}}, {"type": "Feature", "properties": {}, "geometry": {"type": "Point", "coordinates": [119.569132998624, -4.93287380392132]}}, {"type": "Feature", "properties": {}, "geometry": {"type": "Point", "coordinates": [120.251852614555, -4.24117103514929]}}, {"type": "Feature", "properties": {}, "geometry": {"type": "Point", "coordinates": [120.3708793897, -3.24179528156632]}}, {"type": "Feature", "properties": {}, "geometry": {"type": "Point", "coordinates": [119.53993775189, -4.90817013360804]}}, {"type": "Feature", "properties": {}, "geometry": {"type": "Point", "coordinates": [119.470318317371, -5.10130791969373]}}, {"type": "Feature", "properties": {}, "geometry": {"type": "Point", "coordinates": [120.339438354756, -3.90430280360447]}}, {"type": "Feature", "properties": {}, "geometry": {"type": "Point", "coordinates": [120.276556284868, -4.29506995219646]}}, {"type": "Feature", "properties": {}, "geometry": {"type": "Point", "coordinates": [119.517479869787, -3.75383499351445]}}, {"type": "Feature", "properties": {}, "geometry": {"type": "Point", "coordinates": [119.546675116521, -5.04291742622596]}}, {"type": "Feature", "properties": {}, "geometry": {"type": "Point", "coordinates": [120.373125177911, -3.21933739946334]}}, {"type": "Feature", "properties": {}, "geometry": {"type": "Point", "coordinates": [120.36414202507, -3.83917494550581]}}, {"type": "Feature", "properties": {}, "geometry": {"type": "Point", "coordinates": [119.977866452898, -4.10193216611076]}}, {"type": "Feature", "properties": {}, "geometry": {"type": "Point", "coordinates": [120.242869461713, -5.51902452680931]}}, {"type": "Feature", "properties": {}, "geometry": {"type": "Point", "coordinates": [119.571378786834, -4.93961116855222]}}, {"type": "Feature", "properties": {}, "geometry": {"type": "Point", "coordinates": [120.404566212855, -3.56518878384935]}}, {"type": "Feature", "properties": {}, "geometry": {"type": "Point", "coordinates": [120.346175719387, -4.30180731682736]}}, {"type": "Feature", "properties": {}, "geometry": {"type": "Point", "coordinates": [119.575870363255, -4.87897488687415]}}, {"type": "Feature", "properties": {}, "geometry": {"type": "Point", "coordinates": [119.562395633993, -4.71278655931204]}}, {"type": "Feature", "properties": {}, "geometry": {"type": "Point", "coordinates": [119.578116151465, -4.86100858119176]}}, {"type": "Feature", "properties": {}, "geometry": {"type": "Point", "coordinates": [119.566887210413, -4.63193818374128]}}, {"type": "Feature", "properties": {}, "geometry": {"type": "Point", "coordinates": [119.571378786834, -4.90143276897714]}}, {"type": "Feature", "properties": {}, "geometry": {"type": "Point", "coordinates": [120.548296658314, -2.7230182049873]}}, {"type": "Feature", "properties": {}, "geometry": {"type": "Point", "coordinates": [119.968883300057, -4.10417795432106]}}, {"type": "Feature", "properties": {}, "geometry": {"type": "Point", "coordinates": [119.510742505156, -3.79201339308953]}}, {"type": "Feature", "properties": {}, "geometry": {"type": "Point", "coordinates": [119.643244009564, -4.31303625787885]}}, {"type": "Feature", "properties": {}, "geometry": {"type": "Point", "coordinates": [120.222657367821, -2.94310544959658]}}, {"type": "Feature", "properties": {}, "geometry": {"type": "Point", "coordinates": [120.312488896233, -4.84753385192997]}}, {"type": "Feature", "properties": {}, "geometry": {"type": "Point", "coordinates": [120.242869461713, -5.5324992560711]}}, {"type": "Feature", "properties": {}, "geometry": {"type": "Point", "coordinates": [120.227148944241, -4.28159522293467]}}, {"type": "Feature", "properties": {}, "geometry": {"type": "Point", "coordinates": [119.535446175469, -3.8526496747676]}}, {"type": "Feature", "properties": {}, "geometry": {"type": "Point", "coordinates": [120.388845695383, -3.34510153924007]}}, {"type": "Feature", "properties": {}, "geometry": {"type": "Point", "coordinates": [120.229394732452, -4.25913734083168]}}, {"type": "Feature", "properties": {}, "geometry": {"type": "Point", "coordinates": [120.242869461713, -4.24790839978019]}}, {"type": "Feature", "properties": {}, "geometry": {"type": "Point", "coordinates": [120.328209413705, -4.01659221411941]}}, {"type": "Feature", "properties": {}, "geometry": {"type": "Point", "coordinates": [120.193462121087, -4.24790839978019]}}, {"type": "Feature", "properties": {}, "geometry": {"type": "Point", "coordinates": [119.5421835401, -3.87286176866029]}}, {"type": "Feature", "properties": {}, "geometry": {"type": "Point", "coordinates": [120.350667295808, -4.14235635389614]}}, {"type": "Feature", "properties": {}, "geometry": {"type": "Point", "coordinates": [119.555658269362, -5.04291742622596]}}, {"type": "Feature", "properties": {}, "geometry": {"type": "Point", "coordinates": [119.510742505156, -4.86999173403296]}}, {"type": "Feature", "properties": {}, "geometry": {"type": "Point", "coordinates": [119.553412481152, -4.91490749823893]}}, {"type": "Feature", "properties": {}, "geometry": {"type": "Point", "coordinates": [120.431515671379, -4.63642976016188]}}, {"type": "Feature", "properties": {}, "geometry": {"type": "Point", "coordinates": [119.910492806589, -4.18502632989182]}}, {"type": "Feature", "properties": {}, "geometry": {"type": "Point", "coordinates": [120.260835767396, -4.27036628188318]}}, {"type": "Feature", "properties": {}, "geometry": {"type": "Point", "coordinates": [119.526463022628, -4.96206905065521]}}, {"type": "Feature", "properties": {}, "geometry": {"type": "Point", "coordinates": [119.575870363255, -4.62070924268979]}}, {"type": "Feature", "properties": {}, "geometry": {"type": "Point", "coordinates": [119.510742505156, -4.95533168602431]}}, {"type": "Feature", "properties": {}, "geometry": {"type": "Point", "coordinates": [120.263081555606, -4.27036628188318]}}, {"type": "Feature", "properties": {}, "geometry": {"type": "Point", "coordinates": [119.517479869787, -3.83019179266461]}}, {"type": "Feature", "properties": {}, "geometry": {"type": "Point", "coordinates": [119.497267775894, -4.73749022962533]}}, {"type": "Feature", "properties": {}, "geometry": {"type": "Point", "coordinates": [120.36863360149, -4.84079648729907]}}, {"type": "Feature", "properties": {}, "geometry": {"type": "Point", "coordinates": [119.629769280302, -4.27710364651407]}}, {"type": "Feature", "properties": {}, "geometry": {"type": "Point", "coordinates": [119.982358029319, -4.18502632989182]}}, {"type": "Feature", "properties": {}, "geometry": {"type": "Point", "coordinates": [120.247361038134, -4.25913734083168]}}, {"type": "Feature", "properties": {}, "geometry": {"type": "Point", "coordinates": [120.281047861288, -3.18340478809855]}}, {"type": "Feature", "properties": {}, "geometry": {"type": "Point", "coordinates": [119.470318317371, -3.73362289962176]}}, {"type": "Feature", "properties": {}, "geometry": {"type": "Point", "coordinates": [119.625277703881, -4.38040990418782]}}, {"type": "Feature", "properties": {}, "geometry": {"type": "Point", "coordinates": [119.980112241108, -4.18727211810212]}}, {"type": "Feature", "properties": {}, "geometry": {"type": "Point", "coordinates": [120.359650448649, -3.83468336908521]}}, {"type": "Feature", "properties": {}, "geometry": {"type": "Point", "coordinates": [120.373125177911, -4.36019781029513]}}, {"type": "Feature", "properties": {}, "geometry": {"type": "Point", "coordinates": [120.299014166971, -3.21035424662214]}}, {"type": "Feature", "properties": {}, "geometry": {"type": "Point", "coordinates": [119.986849605739, -4.12439004821375]}}, {"type": "Feature", "properties": {}, "geometry": {"type": "Point", "coordinates": [120.348421507597, -3.86612440402939]}}, {"type": "Feature", "properties": {}, "geometry": {"type": "Point", "coordinates": [120.29227680234, -4.88346646329475]}}, {"type": "Feature", "properties": {}, "geometry": {"type": "Point", "coordinates": [120.245115249924, -5.52800767965051]}}, {"type": "Feature", "properties": {}, "geometry": {"type": "Point", "coordinates": [119.524217234418, -4.86999173403296]}}, {"type": "Feature", "properties": {}, "geometry": {"type": "Point", "coordinates": [119.521971446207, -4.73973601783563]}}, {"type": "Feature", "properties": {}, "geometry": {"type": "Point", "coordinates": [120.206936850349, -4.24790839978019]}}, {"type": "Feature", "properties": {}, "geometry": {"type": "Point", "coordinates": [119.975620664688, -4.15583108315794]}}, {"type": "Feature", "properties": {}, "geometry": {"type": "Point", "coordinates": [120.977242206481, -2.66911928794013]}}, {"type": "Feature", "properties": {}, "geometry": {"type": "Point", "coordinates": [120.339438354756, -3.89082807434268]}}, {"type": "Feature", "properties": {}, "geometry": {"type": "Point", "coordinates": [119.521971446207, -3.58090930132144]}}, {"type": "Feature", "properties": {}, "geometry": {"type": "Point", "coordinates": [119.587099304306, -5.27423361188674]}}, {"type": "Feature", "properties": {}, "geometry": {"type": "Point", "coordinates": [119.512988293366, -3.78078445203804]}}, {"type": "Feature", "properties": {}, "geometry": {"type": "Point", "coordinates": [119.530954599049, -5.01372217949208]}}, {"type": "Feature", "properties": {}, "geometry": {"type": "Point", "coordinates": [120.330455201915, -5.50105822112692]}}, {"type": "Feature", "properties": {}, "geometry": {"type": "Point", "coordinates": [120.393337271803, -4.74871917067682]}}, {"type": "Feature", "properties": {}, "geometry": {"type": "Point", "coordinates": [120.555034022945, -2.70729768751521]}}, {"type": "Feature", "properties": {}, "geometry": {"type": "Point", "coordinates": [119.512988293366, -4.85202542835057]}}, {"type": "Feature", "properties": {}, "geometry": {"type": "Point", "coordinates": [120.339438354756, -4.08845743684897]}}, {"type": "Feature", "properties": {}, "geometry": {"type": "Point", "coordinates": [119.591590880727, -4.5937597841662]}}, {"type": "Feature", "properties": {}, "geometry": {"type": "Point", "coordinates": [119.533200387259, -3.79875075772043]}}, {"type": "Feature", "properties": {}, "geometry": {"type": "Point", "coordinates": [120.191216332877, -4.26812049367288]}}, {"type": "Feature", "properties": {}, "geometry": {"type": "Point", "coordinates": [119.555658269362, -4.72176971215324]}}, {"type": "Feature", "properties": {}, "geometry": {"type": "Point", "coordinates": [120.411303577486, -3.73137711141146]}}, {"type": "Feature", "properties": {}, "geometry": {"type": "Point", "coordinates": [120.550542446524, -2.71178926393581]}}, {"type": "Feature", "properties": {}, "geometry": {"type": "Point", "coordinates": [120.343929931177, -3.89756543897357]}}, {"type": "Feature", "properties": {}, "geometry": {"type": "Point", "coordinates": [120.281047861288, -5.04516321443626]}}, {"type": "Feature", "properties": {}, "geometry": {"type": "Point", "coordinates": [119.575870363255, -4.91715328644923]}}, {"type": "Feature", "properties": {}, "geometry": {"type": "Point", "coordinates": [119.998078546791, -4.13337320105495]}}, {"type": "Feature", "properties": {}, "geometry": {"type": "Point", "coordinates": [119.510742505156, -3.80099654593073]}}, {"type": "Feature", "properties": {}, "geometry": {"type": "Point", "coordinates": [120.29227680234, -4.30854468145826]}}, {"type": "Feature", "properties": {}, "geometry": {"type": "Point", "coordinates": [120.332700990125, -3.22158318767363]}}, {"type": "Feature", "properties": {}, "geometry": {"type": "Point", "coordinates": [120.211428426769, -5.539236620702]}}, {"type": "Feature", "properties": {}, "geometry": {"type": "Point", "coordinates": [120.352913084018, -4.37142675134662]}}, {"type": "Feature", "properties": {}, "geometry": {"type": "Point", "coordinates": [119.551166692941, -4.91715328644923]}}, {"type": "Feature", "properties": {}, "geometry": {"type": "Point", "coordinates": [119.512988293366, -4.74871917067682]}}, {"type": "Feature", "properties": {}, "geometry": {"type": "Point", "coordinates": [120.352913084018, -3.83019179266461]}}, {"type": "Feature", "properties": {}, "geometry": {"type": "Point", "coordinates": [120.247361038134, -4.28159522293467]}}, {"type": "Feature", "properties": {}, "geometry": {"type": "Point", "coordinates": [119.663456103456, -5.64703445479634]}}, {"type": "Feature", "properties": {}, "geometry": {"type": "Point", "coordinates": [120.377616754331, -4.80486387593429]}}, {"type": "Feature", "properties": {}, "geometry": {"type": "Point", "coordinates": [119.54442932831, -5.01372217949208]}}, {"type": "Feature", "properties": {}, "geometry": {"type": "Point", "coordinates": [119.528708810838, -4.87223752224326]}}, {"type": "Feature", "properties": {}, "geometry": {"type": "Point", "coordinates": [120.240623673503, -2.93861387317598]}}, {"type": "Feature", "properties": {}, "geometry": {"type": "Point", "coordinates": [119.521971446207, -4.85876279298146]}}, {"type": "Feature", "properties": {}, "geometry": {"type": "Point", "coordinates": [120.249606826344, -5.52800767965051]}}, {"type": "Feature", "properties": {}, "geometry": {"type": "Point", "coordinates": [119.557904057572, -4.64990448942367]}}, {"type": "Feature", "properties": {}, "geometry": {"type": "Point", "coordinates": [119.600574033568, -4.90592434539774]}}, {"type": "Feature", "properties": {}, "geometry": {"type": "Point", "coordinates": [119.935196476902, -4.11765268358286]}}, {"type": "Feature", "properties": {}, "geometry": {"type": "Point", "coordinates": [119.54442932831, -4.69482025362965]}}, {"type": "Feature", "properties": {}, "geometry": {"type": "Point", "coordinates": [120.400074636434, -4.72626128857383]}}, {"type": "Feature", "properties": {}, "geometry": {"type": "Point", "coordinates": [119.501759352315, -4.72850707678413]}}, {"type": "Feature", "properties": {}, "geometry": {"type": "Point", "coordinates": [120.3708793897, -3.23056634051483]}}, {"type": "Feature", "properties": {}, "geometry": {"type": "Point", "coordinates": [120.242869461713, -4.28159522293467]}}, {"type": "Feature", "properties": {}, "geometry": {"type": "Point", "coordinates": [120.186724756456, -4.26587470546258]}}, {"type": "Feature", "properties": {}, "geometry": {"type": "Point", "coordinates": [119.959900147216, -4.11540689537256]}}, {"type": "Feature", "properties": {}, "geometry": {"type": "Point", "coordinates": [120.36638781328, -3.21035424662214]}}, {"type": "Feature", "properties": {}, "geometry": {"type": "Point", "coordinates": [119.962145935426, -4.15133950673734]}}, {"type": "Feature", "properties": {}, "geometry": {"type": "Point", "coordinates": [119.557904057572, -5.03168848517447]}}, {"type": "Feature", "properties": {}, "geometry": {"type": "Point", "coordinates": [119.566887210413, -4.91266171002863]}}, {"type": "Feature", "properties": {}, "geometry": {"type": "Point", "coordinates": [119.519725657997, -4.74647338246652]}}, {"type": "Feature", "properties": {}, "geometry": {"type": "Point", "coordinates": [119.566887210413, -4.88571225150505]}}, {"type": "Feature", "properties": {}, "geometry": {"type": "Point", "coordinates": [120.550542446524, -2.67585665257102]}}, {"type": "Feature", "properties": {}, "geometry": {"type": "Point", "coordinates": [119.971129088267, -4.16481423599913]}}, {"type": "Feature", "properties": {}, "geometry": {"type": "Point", "coordinates": [119.530954599049, -3.81671706340282]}}, {"type": "Feature", "properties": {}, "geometry": {"type": "Point", "coordinates": [119.605065609989, -4.43206303302469]}}, {"type": "Feature", "properties": {}, "geometry": {"type": "Point", "coordinates": [119.946425417954, -4.18502632989182]}}, {"type": "Feature", "properties": {}, "geometry": {"type": "Point", "coordinates": [119.508496716946, -4.975543779917]}}, {"type": "Feature", "properties": {}, "geometry": {"type": "Point", "coordinates": [120.373125177911, -3.23056634051483]}}, {"type": "Feature", "properties": {}, "geometry": {"type": "Point", "coordinates": [119.573624575044, -4.90143276897714]}}, {"type": "Feature", "properties": {}, "geometry": {"type": "Point", "coordinates": [119.562395633993, -4.62744660732069]}}, {"type": "Feature", "properties": {}, "geometry": {"type": "Point", "coordinates": [120.543805081893, -2.7297555696182]}}, {"type": "Feature", "properties": {}, "geometry": {"type": "Point", "coordinates": [119.845364948491, -3.97616802633403]}}, {"type": "Feature", "properties": {}, "geometry": {"type": "Point", "coordinates": [120.373125177911, -3.82120863982342]}}, {"type": "Feature", "properties": {}, "geometry": {"type": "Point", "coordinates": [119.519725657997, -4.94185695676252]}}, {"type": "Feature", "properties": {}, "geometry": {"type": "Point", "coordinates": [119.470318317371, -3.72688553499087]}}, {"type": "Feature", "properties": {}, "geometry": {"type": "Point", "coordinates": [119.548920904731, -4.89020382792565]}}, {"type": "Feature", "properties": {}, "geometry": {"type": "Point", "coordinates": [119.553412481152, -5.04291742622596]}}, {"type": "Feature", "properties": {}, "geometry": {"type": "Point", "coordinates": [119.508496716946, -3.78976760487923]}}, {"type": "Feature", "properties": {}, "geometry": {"type": "Point", "coordinates": [120.204691062138, -4.2232047294669]}}, {"type": "Feature", "properties": {}, "geometry": {"type": "Point", "coordinates": [120.278802073078, -3.17891321167796]}}, {"type": "Feature", "properties": {}, "geometry": {"type": "Point", "coordinates": [120.299014166971, -4.87897488687415]}}, {"type": "Feature", "properties": {}, "geometry": {"type": "Point", "coordinates": [120.377616754331, -4.50168246754395]}}, {"type": "Feature", "properties": {}, "geometry": {"type": "Point", "coordinates": [120.343929931177, -3.8548954629779]}}, {"type": "Feature", "properties": {}, "geometry": {"type": "Point", "coordinates": [119.526463022628, -3.82120863982342]}}, {"type": "Feature", "properties": {}, "geometry": {"type": "Point", "coordinates": [119.593836668937, -4.88795803971535]}}, {"type": "Feature", "properties": {}, "geometry": {"type": "Point", "coordinates": [119.517479869787, -4.82956754624758]}}, {"type": "Feature", "properties": {}, "geometry": {"type": "Point", "coordinates": [120.384354118962, -3.25527001082812]}}, {"type": "Feature", "properties": {}, "geometry": {"type": "Point", "coordinates": [119.629769280302, -4.36244359850543]}}, {"type": "Feature", "properties": {}, "geometry": {"type": "Point", "coordinates": [120.319226260864, -3.94921856781045]}}, {"type": "Feature", "properties": {}, "geometry": {"type": "Point", "coordinates": [119.5421835401, -4.71727813573264]}}, {"type": "Feature", "properties": {}, "geometry": {"type": "Point", "coordinates": [119.486038834843, -3.63256243015832]}}, {"type": "Feature", "properties": {}, "geometry": {"type": "Point", "coordinates": [120.570754540417, -2.66911928794013]}}, {"type": "Feature", "properties": {}, "geometry": {"type": "Point", "coordinates": [119.5421835401, -4.89469540434624]}}, {"type": "Feature", "properties": {}, "geometry": {"type": "Point", "coordinates": [120.323717837284, -3.95595593244134]}}, {"type": "Feature", "properties": {}, "geometry": {"type": "Point", "coordinates": [120.357404660439, -3.45514516154471]}}, {"type": "Feature", "properties": {}, "geometry": {"type": "Point", "coordinates": [120.546050870104, -2.71178926393581]}}, {"type": "Feature", "properties": {}, "geometry": {"type": "Point", "coordinates": [119.975620664688, -4.16256844778883]}}, {"type": "Feature", "properties": {}, "geometry": {"type": "Point", "coordinates": [119.535446175469, -4.86100858119176]}}, {"type": "Feature", "properties": {}, "geometry": {"type": "Point", "coordinates": [120.303505743391, -4.33549413998184]}}, {"type": "Feature", "properties": {}, "geometry": {"type": "Point", "coordinates": [120.29003101413, -4.25913734083168]}}, {"type": "Feature", "properties": {}, "geometry": {"type": "Point", "coordinates": [119.598328245358, -5.26075888262495]}}, {"type": "Feature", "properties": {}, "geometry": {"type": "Point", "coordinates": [119.605065609989, -4.4208340919732]}}, {"type": "Feature", "properties": {}, "geometry": {"type": "Point", "coordinates": [119.506250928735, -3.79875075772043]}}, {"type": "Feature", "properties": {}, "geometry": {"type": "Point", "coordinates": [120.202445273928, -4.20299263557421]}}, {"type": "Feature", "properties": {}, "geometry": {"type": "Point", "coordinates": [119.611802974619, -4.43206303302469]}}, {"type": "Feature", "properties": {}, "geometry": {"type": "Point", "coordinates": [120.287785225919, -5.03393427338477]}}, {"type": "Feature", "properties": {}, "geometry": {"type": "Point", "coordinates": [119.499513564105, -3.65052873584071]}}, {"type": "Feature", "properties": {}, "geometry": {"type": "Point", "coordinates": [120.334946778336, -4.83405912266818]}}, {"type": "Feature", "properties": {}, "geometry": {"type": "Point", "coordinates": [119.557904057572, -4.68808288899875]}}, {"type": "Feature", "properties": {}, "geometry": {"type": "Point", "coordinates": [120.227148944241, -4.27934943472437]}}, {"type": "Feature", "properties": {}, "geometry": {"type": "Point", "coordinates": [119.962145935426, -4.20748421199481]}}, {"type": "Feature", "properties": {}, "geometry": {"type": "Point", "coordinates": [119.506250928735, -4.79812651130339]}}, {"type": "Feature", "properties": {}, "geometry": {"type": "Point", "coordinates": [119.533200387259, -4.70604919468114]}}, {"type": "Feature", "properties": {}, "geometry": {"type": "Point", "coordinates": [119.521971446207, -3.61684191268622]}}, {"type": "Feature", "properties": {}, "geometry": {"type": "Point", "coordinates": [120.332700990125, -4.36468938671573]}}, {"type": "Feature", "properties": {}, "geometry": {"type": "Point", "coordinates": [119.508496716946, -4.83855069908877]}}, {"type": "Feature", "properties": {}, "geometry": {"type": "Point", "coordinates": [119.423156764954, -5.49432085649602]}}, {"type": "Feature", "properties": {}, "geometry": {"type": "Point", "coordinates": [119.546675116521, -4.9688064152861]}}, {"type": "Feature", "properties": {}, "geometry": {"type": "Point", "coordinates": [119.486038834843, -5.02045954412298]}}, {"type": "Feature", "properties": {}, "geometry": {"type": "Point", "coordinates": [120.418040942117, -2.83530761550224]}}, {"type": "Feature", "properties": {}, "geometry": {"type": "Point", "coordinates": [120.155283721512, -4.18502632989182]}}, {"type": "Feature", "properties": {}, "geometry": {"type": "Point", "coordinates": [120.375370966121, -4.31079046966855]}}, {"type": "Feature", "properties": {}, "geometry": {"type": "Point", "coordinates": [119.546675116521, -5.03618006159507]}}, {"type": "Feature", "properties": {}, "geometry": {"type": "Point", "coordinates": [119.973374876478, -4.18278054168152]}}, {"type": "Feature", "properties": {}, "geometry": {"type": "Point", "coordinates": [120.195707909297, -4.20523842378451]}}, {"type": "Feature", "properties": {}, "geometry": {"type": "Point", "coordinates": [119.506250928735, -4.83855069908877]}}, {"type": "Feature", "properties": {}, "geometry": {"type": "Point", "coordinates": [120.267573132027, -3.17442163525736]}}, {"type": "Feature", "properties": {}, "geometry": {"type": "Point", "coordinates": [119.535446175469, -4.69706604183995]}}, {"type": "Feature", "properties": {}, "geometry": {"type": "Point", "coordinates": [119.557904057572, -4.88346646329475]}}, {"type": "Feature", "properties": {}, "geometry": {"type": "Point", "coordinates": [119.932950688692, -4.15807687136824]}}, {"type": "Feature", "properties": {}, "geometry": {"type": "Point", "coordinates": [119.589345092516, -5.26075888262495]}}, {"type": "Feature", "properties": {}, "geometry": {"type": "Point", "coordinates": [120.350667295808, -4.02108379054001]}}, {"type": "Feature", "properties": {}, "geometry": {"type": "Point", "coordinates": [120.375370966121, -4.46350406796887]}}, {"type": "Feature", "properties": {}, "geometry": {"type": "Point", "coordinates": [120.2181657914, -5.49432085649602]}}, {"type": "Feature", "properties": {}, "geometry": {"type": "Point", "coordinates": [120.568508752207, -2.66238192330923]}}, {"type": "Feature", "properties": {}, "geometry": {"type": "Point", "coordinates": [120.418040942117, -3.68646134720549]}}, {"type": "Feature", "properties": {}, "geometry": {"type": "Point", "coordinates": [119.998078546791, -4.14460214210644]}}, {"type": "Feature", "properties": {}, "geometry": {"type": "Point", "coordinates": [120.388845695383, -3.38327993881515]}}, {"type": "Feature", "properties": {}, "geometry": {"type": "Point", "coordinates": [119.602819821778, -4.89694119255654]}}, {"type": "Feature", "properties": {}, "geometry": {"type": "Point", "coordinates": [119.591590880727, -4.93062801571102]}}, {"type": "Feature", "properties": {}, "geometry": {"type": "Point", "coordinates": [120.316980472653, -4.14235635389614]}}, {"type": "Feature", "properties": {}, "geometry": {"type": "Point", "coordinates": [119.524217234418, -4.76219389993861]}}, {"type": "Feature", "properties": {}, "geometry": {"type": "Point", "coordinates": [119.980112241108, -4.12888162463435]}}, {"type": "Feature", "properties": {}, "geometry": {"type": "Point", "coordinates": [120.323717837284, -4.11091531895196]}}, {"type": "Feature", "properties": {}, "geometry": {"type": "Point", "coordinates": [120.229394732452, -4.27710364651407]}}, {"type": "Feature", "properties": {}, "geometry": {"type": "Point", "coordinates": [119.600574033568, -4.88571225150505]}}, {"type": "Feature", "properties": {}, "geometry": {"type": "Point", "coordinates": [120.337192566546, -4.11989847179316]}}, {"type": "Feature", "properties": {}, "geometry": {"type": "Point", "coordinates": [119.528708810838, -4.71503234752234]}}, {"type": "Feature", "properties": {}, "geometry": {"type": "Point", "coordinates": [119.5421835401, -4.92838222750072]}}, {"type": "Feature", "properties": {}, "geometry": {"type": "Point", "coordinates": [119.548920904731, -4.9710522034964]}}, {"type": "Feature", "properties": {}, "geometry": {"type": "Point", "coordinates": [119.524217234418, -4.98901850917879]}}, {"type": "Feature", "properties": {}, "geometry": {"type": "Point", "coordinates": [120.413549365696, -3.60336718342443]}}, {"type": "Feature", "properties": {}, "geometry": {"type": "Point", "coordinates": [120.361896236859, -4.15583108315794]}}, {"type": "Feature", "properties": {}, "geometry": {"type": "Point", "coordinates": [119.504005140525, -4.9710522034964]}}, {"type": "Feature", "properties": {}, "geometry": {"type": "Point", "coordinates": [120.175495815404, -4.16032265957853]}}, {"type": "Feature", "properties": {}, "geometry": {"type": "Point", "coordinates": [120.341684142967, -3.96493908528254]}}, {"type": "Feature", "properties": {}, "geometry": {"type": "Point", "coordinates": [120.312488896233, -5.50105822112692]}}, {"type": "Feature", "properties": {}, "geometry": {"type": "Point", "coordinates": [119.995832758581, -4.20299263557421]}}, {"type": "Feature", "properties": {}, "geometry": {"type": "Point", "coordinates": [120.148546356881, -4.16032265957853]}}, {"type": "Feature", "properties": {}, "geometry": {"type": "Point", "coordinates": [119.998078546791, -4.09519480147987]}}, {"type": "Feature", "properties": {}, "geometry": {"type": "Point", "coordinates": [119.53769196368, -4.88346646329475]}}, {"type": "Feature", "properties": {}, "geometry": {"type": "Point", "coordinates": [119.957654359005, -4.14909371852704]}}, {"type": "Feature", "properties": {}, "geometry": {"type": "Point", "coordinates": [120.406812001065, -3.76955551098654]}}, {"type": "Feature", "properties": {}, "geometry": {"type": "Point", "coordinates": [119.479301470212, -5.12152001358642]}}, {"type": "Feature", "properties": {}, "geometry": {"type": "Point", "coordinates": [119.456843588109, -5.09906213148343]}}, {"type": "Feature", "properties": {}, "geometry": {"type": "Point", "coordinates": [119.578116151465, -4.86999173403296]}}, {"type": "Feature", "properties": {}, "geometry": {"type": "Point", "coordinates": [119.99358697037, -4.18278054168152]}}, {"type": "Feature", "properties": {}, "geometry": {"type": "Point", "coordinates": [119.454597799899, -5.09007897864224]}}, {"type": "Feature", "properties": {}, "geometry": {"type": "Point", "coordinates": [120.287785225919, -4.29731574040676]}}, {"type": "Feature", "properties": {}, "geometry": {"type": "Point", "coordinates": [119.921721747641, -4.10642374253136]}}, {"type": "Feature", "properties": {}, "geometry": {"type": "Point", "coordinates": [119.495021987684, -3.63705400657891]}}, {"type": "Feature", "properties": {}, "geometry": {"type": "Point", "coordinates": [120.348421507597, -4.38939305702901]}}, {"type": "Feature", "properties": {}, "geometry": {"type": "Point", "coordinates": [119.504005140525, -4.7868975702519]}}, {"type": "Feature", "properties": {}, "geometry": {"type": "Point", "coordinates": [119.944179629744, -4.17155160063003]}}, {"type": "Feature", "properties": {}, "geometry": {"type": "Point", "coordinates": [119.521971446207, -4.93736538034192]}}, {"type": "Feature", "properties": {}, "geometry": {"type": "Point", "coordinates": [119.497267775894, -5.01372217949208]}}, {"type": "Feature", "properties": {}, "geometry": {"type": "Point", "coordinates": [119.499513564105, -5.00473902665088]}}, {"type": "Feature", "properties": {}, "geometry": {"type": "Point", "coordinates": [120.287785225919, -4.30854468145826]}}, {"type": "Feature", "properties": {}, "geometry": {"type": "Point", "coordinates": [120.377616754331, -4.83855069908877]}}, {"type": "Feature", "properties": {}, "geometry": {"type": "Point", "coordinates": [120.175495815404, -4.15583108315794]}}, {"type": "Feature", "properties": {}, "geometry": {"type": "Point", "coordinates": [120.355158872228, -3.20586267020154]}}, {"type": "Feature", "properties": {}, "geometry": {"type": "Point", "coordinates": [119.483793046632, -3.64828294763041]}}, {"type": "Feature", "properties": {}, "geometry": {"type": "Point", "coordinates": [119.535446175469, -4.67236237152666]}}, {"type": "Feature", "properties": {}, "geometry": {"type": "Point", "coordinates": [119.596082457147, -4.89244961613594]}}, {"type": "Feature", "properties": {}, "geometry": {"type": "Point", "coordinates": [120.36863360149, -3.81896285161312]}}, {"type": "Feature", "properties": {}, "geometry": {"type": "Point", "coordinates": [119.416419400323, -5.49207506828572]}}, {"type": "Feature", "properties": {}, "geometry": {"type": "Point", "coordinates": [120.346175719387, -4.31303625787885]}}, {"type": "Feature", "properties": {}, "geometry": {"type": "Point", "coordinates": [120.325963625494, -4.14460214210644]}}, {"type": "Feature", "properties": {}, "geometry": {"type": "Point", "coordinates": [120.359650448649, -3.44840779691381]}}, {"type": "Feature", "properties": {}, "geometry": {"type": "Point", "coordinates": [120.222657367821, -5.52576189144021]}}, {"type": "Feature", "properties": {}, "geometry": {"type": "Point", "coordinates": [120.436007247799, -3.74036026425266]}}, {"type": "Feature", "properties": {}, "geometry": {"type": "Point", "coordinates": [120.343929931177, -4.4230798801835]}}, {"type": "Feature", "properties": {}, "geometry": {"type": "Point", "coordinates": [119.982358029319, -4.17155160063003]}}, {"type": "Feature", "properties": {}, "geometry": {"type": "Point", "coordinates": [119.980112241108, -4.13561898926525]}}, {"type": "Feature", "properties": {}, "geometry": {"type": "Point", "coordinates": [120.397828848224, -4.61397187805889]}}, {"type": "Feature", "properties": {}, "geometry": {"type": "Point", "coordinates": [119.555658269362, -4.72401550036353]}}, {"type": "Feature", "properties": {}, "geometry": {"type": "Point", "coordinates": [120.283293649499, -4.27934943472437]}}, {"type": "Feature", "properties": {}, "geometry": {"type": "Point", "coordinates": [119.99358697037, -4.10642374253136]}}, {"type": "Feature", "properties": {}, "geometry": {"type": "Point", "coordinates": [120.249606826344, -4.24341682335959]}}, {"type": "Feature", "properties": {}, "geometry": {"type": "Point", "coordinates": [119.553412481152, -4.88571225150505]}}, {"type": "Feature", "properties": {}, "geometry": {"type": "Point", "coordinates": [121.352288837601, -2.51865147785011]}}, {"type": "Feature", "properties": {}, "geometry": {"type": "Point", "coordinates": [120.150792145091, -4.16481423599913]}}, {"type": "Feature", "properties": {}, "geometry": {"type": "Point", "coordinates": [120.166512662563, -4.17379738884033]}}, {"type": "Feature", "properties": {}, "geometry": {"type": "Point", "coordinates": [119.560149845783, -4.88122067508445]}}, {"type": "Feature", "properties": {}, "geometry": {"type": "Point", "coordinates": [119.564641422203, -4.64092133658248]}}, {"type": "Feature", "properties": {}, "geometry": {"type": "Point", "coordinates": [119.470318317371, -3.70218186467758]}}, {"type": "Feature", "properties": {}, "geometry": {"type": "Point", "coordinates": [119.995832758581, -4.16930581241973]}}, {"type": "Feature", "properties": {}, "geometry": {"type": "Point", "coordinates": [120.276556284868, -4.28384101114497]}}, {"type": "Feature", "properties": {}, "geometry": {"type": "Point", "coordinates": [120.193462121087, -4.24566261156989]}}, {"type": "Feature", "properties": {}, "geometry": {"type": "Point", "coordinates": [119.575870363255, -4.63193818374128]}}, {"type": "Feature", "properties": {}, "geometry": {"type": "Point", "coordinates": [120.211428426769, -4.24566261156989]}}, {"type": "Feature", "properties": {}, "geometry": {"type": "Point", "coordinates": [120.188970544666, -4.27710364651407]}}, {"type": "Feature", "properties": {}, "geometry": {"type": "Point", "coordinates": [120.323717837284, -4.14909371852704]}}, {"type": "Feature", "properties": {}, "geometry": {"type": "Point", "coordinates": [120.415795153906, -4.64990448942367]}}, {"type": "Feature", "properties": {}, "geometry": {"type": "Point", "coordinates": [120.375370966121, -3.76730972277624]}}, {"type": "Feature", "properties": {}, "geometry": {"type": "Point", "coordinates": [119.912738594799, -4.11316110716226]}}, {"type": "Feature", "properties": {}, "geometry": {"type": "Point", "coordinates": [119.515234081577, -3.61459612447592]}}, {"type": "Feature", "properties": {}, "geometry": {"type": "Point", "coordinates": [120.128334262988, -4.17155160063003]}}, {"type": "Feature", "properties": {}, "geometry": {"type": "Point", "coordinates": [120.361896236859, -4.31977362250975]}}, {"type": "Feature", "properties": {}, "geometry": {"type": "Point", "coordinates": [120.29003101413, -5.02944269696417]}}, {"type": "Feature", "properties": {}, "geometry": {"type": "Point", "coordinates": [120.391091483593, -3.2777278929311]}}, {"type": "Feature", "properties": {}, "geometry": {"type": "Point", "coordinates": [119.560149845783, -4.63867554837218]}}, {"type": "Feature", "properties": {}, "geometry": {"type": "Point", "coordinates": [120.323717837284, -4.17379738884033]}}, {"type": "Feature", "properties": {}, "geometry": {"type": "Point", "coordinates": [119.99134118216, -4.16706002420943]}}, {"type": "Feature", "properties": {}, "geometry": {"type": "Point", "coordinates": [120.321472049074, -3.94472699138985]}}, {"type": "Feature", "properties": {}, "geometry": {"type": "Point", "coordinates": [120.285539437709, -3.19014215272945]}}, {"type": "Feature", "properties": {}, "geometry": {"type": "Point", "coordinates": [120.375370966121, -4.34223150461274]}}, {"type": "Feature", "properties": {}, "geometry": {"type": "Point", "coordinates": [119.497267775894, -3.77853866382774]}}, {"type": "Feature", "properties": {}, "geometry": {"type": "Point", "coordinates": [119.524217234418, -3.78752181666893]}}, {"type": "Feature", "properties": {}, "geometry": {"type": "Point", "coordinates": [119.456843588109, -3.72239395857027]}}, {"type": "Feature", "properties": {}, "geometry": {"type": "Point", "coordinates": [120.330455201915, -4.14909371852704]}}, {"type": "Feature", "properties": {}, "geometry": {"type": "Point", "coordinates": [119.941933841533, -4.19850105915361]}}, {"type": "Feature", "properties": {}, "geometry": {"type": "Point", "coordinates": [120.391091483593, -4.71503234752234]}}, {"type": "Feature", "properties": {}, "geometry": {"type": "Point", "coordinates": [119.517479869787, -3.60561297163473]}}, {"type": "Feature", "properties": {}, "geometry": {"type": "Point", "coordinates": [119.99358697037, -4.11989847179316]}}, {"type": "Feature", "properties": {}, "geometry": {"type": "Point", "coordinates": [119.524217234418, -3.60561297163473]}}, {"type": "Feature", "properties": {}, "geometry": {"type": "Point", "coordinates": [120.29227680234, -2.89369810897001]}}, {"type": "Feature", "properties": {}, "geometry": {"type": "Point", "coordinates": [119.497267775894, -3.64603715942011]}}, {"type": "Feature", "properties": {}, "geometry": {"type": "Point", "coordinates": [120.153037933301, -4.17155160063003]}}, {"type": "Feature", "properties": {}, "geometry": {"type": "Point", "coordinates": [119.591590880727, -5.26075888262495]}}, {"type": "Feature", "properties": {}, "geometry": {"type": "Point", "coordinates": [120.339438354756, -4.13561898926525]}}, {"type": "Feature", "properties": {}, "geometry": {"type": "Point", "coordinates": [120.285539437709, -5.51902452680931]}}, {"type": "Feature", "properties": {}, "geometry": {"type": "Point", "coordinates": [120.339438354756, -3.8459123101367]}}, {"type": "Feature", "properties": {}, "geometry": {"type": "Point", "coordinates": [119.564641422203, -4.66562500689577]}}, {"type": "Feature", "properties": {}, "geometry": {"type": "Point", "coordinates": [119.5421835401, -4.70604919468114]}}, {"type": "Feature", "properties": {}, "geometry": {"type": "Point", "coordinates": [119.569132998624, -4.93062801571102]}}, {"type": "Feature", "properties": {}, "geometry": {"type": "Point", "coordinates": [119.533200387259, -4.95533168602431]}}, {"type": "Feature", "properties": {}, "geometry": {"type": "Point", "coordinates": [119.548920904731, -3.88633649792208]}}, {"type": "Feature", "properties": {}, "geometry": {"type": "Point", "coordinates": [120.332700990125, -3.19687951736035]}}, {"type": "Feature", "properties": {}, "geometry": {"type": "Point", "coordinates": [120.204691062138, -4.24790839978019]}}, {"type": "Feature", "properties": {}, "geometry": {"type": "Point", "coordinates": [119.620786127461, -5.24728415336316]}}, {"type": "Feature", "properties": {}, "geometry": {"type": "Point", "coordinates": [120.36863360149, -3.83019179266461]}}, {"type": "Feature", "properties": {}, "geometry": {"type": "Point", "coordinates": [120.269818920237, -2.92738493212449]}}, {"type": "Feature", "properties": {}, "geometry": {"type": "Point", "coordinates": [120.346175719387, -3.87510755687059]}}, {"type": "Feature", "properties": {}, "geometry": {"type": "Point", "coordinates": [119.470318317371, -5.06986688474955]}}, {"type": "Feature", "properties": {}, "geometry": {"type": "Point", "coordinates": [120.233886308872, -4.27485785830377]}}, {"type": "Feature", "properties": {}, "geometry": {"type": "Point", "coordinates": [119.546675116521, -4.90817013360804]}}, {"type": "Feature", "properties": {}, "geometry": {"type": "Point", "coordinates": [119.497267775894, -4.75321074709742]}}, {"type": "Feature", "properties": {}, "geometry": {"type": "Point", "coordinates": [120.301259955181, -4.33100256356124]}}, {"type": "Feature", "properties": {}, "geometry": {"type": "Point", "coordinates": [120.29003101413, -4.93736538034192]}}, {"type": "Feature", "properties": {}, "geometry": {"type": "Point", "coordinates": [120.285539437709, -3.17891321167796]}}, {"type": "Feature", "properties": {}, "geometry": {"type": "Point", "coordinates": [119.555658269362, -4.64765870121337]}}, {"type": "Feature", "properties": {}, "geometry": {"type": "Point", "coordinates": [120.330455201915, -4.12214426000345]}}, {"type": "Feature", "properties": {}, "geometry": {"type": "Point", "coordinates": [119.499513564105, -3.61459612447592]}}, {"type": "Feature", "properties": {}, "geometry": {"type": "Point", "coordinates": [119.632015068512, -4.28384101114497]}}, {"type": "Feature", "properties": {}, "geometry": {"type": "Point", "coordinates": [119.519725657997, -4.85202542835057]}}, {"type": "Feature", "properties": {}, "geometry": {"type": "Point", "coordinates": [120.377616754331, -4.32651098714065]}}, {"type": "Feature", "properties": {}, "geometry": {"type": "Point", "coordinates": [119.964391723636, -4.17379738884033]}}, {"type": "Feature", "properties": {}, "geometry": {"type": "Point", "coordinates": [119.515234081577, -5.539236620702]}}, {"type": "Feature", "properties": {}, "geometry": {"type": "Point", "coordinates": [119.486038834843, -4.99800166201999]}}, {"type": "Feature", "properties": {}, "geometry": {"type": "Point", "coordinates": [119.587099304306, -5.61559341985216]}}, {"type": "Feature", "properties": {}, "geometry": {"type": "Point", "coordinates": [119.54442932831, -4.66787079510606]}}, {"type": "Feature", "properties": {}, "geometry": {"type": "Point", "coordinates": [119.510742505156, -3.81447127519252]}}, {"type": "Feature", "properties": {}, "geometry": {"type": "Point", "coordinates": [119.535446175469, -3.81447127519252]}}, {"type": "Feature", "properties": {}, "geometry": {"type": "Point", "coordinates": [120.382108330752, -3.4820946200683]}}, {"type": "Feature", "properties": {}, "geometry": {"type": "Point", "coordinates": [119.587099304306, -4.63642976016188]}}, {"type": "Feature", "properties": {}, "geometry": {"type": "Point", "coordinates": [119.499513564105, -5.02045954412298]}}, {"type": "Feature", "properties": {}, "geometry": {"type": "Point", "coordinates": [119.456843588109, -3.70442765288788]}}, {"type": "Feature", "properties": {}, "geometry": {"type": "Point", "coordinates": [119.528708810838, -3.78976760487923]}}, {"type": "Feature", "properties": {}, "geometry": {"type": "Point", "coordinates": [120.332700990125, -4.12439004821375]}}, {"type": "Feature", "properties": {}, "geometry": {"type": "Point", "coordinates": [119.921721747641, -4.19176369452272]}}, {"type": "Feature", "properties": {}, "geometry": {"type": "Point", "coordinates": [120.352913084018, -4.35795202208483]}}, {"type": "Feature", "properties": {}, "geometry": {"type": "Point", "coordinates": [119.483793046632, -5.01147639128178]}}, {"type": "Feature", "properties": {}, "geometry": {"type": "Point", "coordinates": [120.325963625494, -4.14684793031674]}}, {"type": "Feature", "properties": {}, "geometry": {"type": "Point", "coordinates": [119.501759352315, -3.79425918129983]}}, {"type": "Feature", "properties": {}, "geometry": {"type": "Point", "coordinates": [119.99134118216, -4.15133950673734]}}, {"type": "Feature", "properties": {}, "geometry": {"type": "Point", "coordinates": [120.278802073078, -5.05863794369806]}}, {"type": "Feature", "properties": {}, "geometry": {"type": "Point", "coordinates": [120.379862542542, -3.81447127519252]}}, {"type": "Feature", "properties": {}, "geometry": {"type": "Point", "coordinates": [120.325963625494, -4.16032265957853]}}, {"type": "Feature", "properties": {}, "geometry": {"type": "Point", "coordinates": [119.937442265113, -4.13561898926525]}}, {"type": "Feature", "properties": {}, "geometry": {"type": "Point", "coordinates": [119.46582674095, -3.67523240615399]}}, {"type": "Feature", "properties": {}, "geometry": {"type": "Point", "coordinates": [120.352913084018, -4.83855069908877]}}, {"type": "Feature", "properties": {}, "geometry": {"type": "Point", "coordinates": [120.343929931177, -3.89981122718387]}}, {"type": "Feature", "properties": {}, "geometry": {"type": "Point", "coordinates": [119.598328245358, -4.48596195007186]}}, {"type": "Feature", "properties": {}, "geometry": {"type": "Point", "coordinates": [119.551166692941, -4.93062801571102]}}, {"type": "Feature", "properties": {}, "geometry": {"type": "Point", "coordinates": [120.332700990125, -3.96044750886194]}}, {"type": "Feature", "properties": {}, "geometry": {"type": "Point", "coordinates": [120.000324335001, -4.11316110716226]}}, {"type": "Feature", "properties": {}, "geometry": {"type": "Point", "coordinates": [119.573624575044, -5.60661026701096]}}, {"type": "Feature", "properties": {}, "geometry": {"type": "Point", "coordinates": [119.53993775189, -5.01821375591268]}}, {"type": "Feature", "properties": {}, "geometry": {"type": "Point", "coordinates": [119.975620664688, -4.09519480147987]}}, {"type": "Feature", "properties": {}, "geometry": {"type": "Point", "coordinates": [119.551166692941, -4.87897488687415]}}, {"type": "Feature", "properties": {}, "geometry": {"type": "Point", "coordinates": [120.361896236859, -3.83468336908521]}}, {"type": "Feature", "properties": {}, "geometry": {"type": "Point", "coordinates": [120.328209413705, -3.19238794093975]}}, {"type": "Feature", "properties": {}, "geometry": {"type": "Point", "coordinates": [119.557904057572, -4.67685394794726]}}, {"type": "Feature", "properties": {}, "geometry": {"type": "Point", "coordinates": [120.182233180035, -4.20523842378451]}}, {"type": "Feature", "properties": {}, "geometry": {"type": "Point", "coordinates": [119.98909539395, -4.10193216611076]}}, {"type": "Feature", "properties": {}, "geometry": {"type": "Point", "coordinates": [120.242869461713, -2.94310544959658]}}, {"type": "Feature", "properties": {}, "geometry": {"type": "Point", "coordinates": [119.454597799899, -3.71565659393937]}}, {"type": "Feature", "properties": {}, "geometry": {"type": "Point", "coordinates": [120.373125177911, -4.17828896526092]}}, {"type": "Feature", "properties": {}, "geometry": {"type": "Point", "coordinates": [119.591590880727, -4.93511959213162]}}, {"type": "Feature", "properties": {}, "geometry": {"type": "Point", "coordinates": [119.910492806589, -4.17379738884033]}}, {"type": "Feature", "properties": {}, "geometry": {"type": "Point", "coordinates": [119.950916994375, -4.11540689537256]}}, {"type": "Feature", "properties": {}, "geometry": {"type": "Point", "coordinates": [119.98909539395, -4.19400948273302]}}, {"type": "Feature", "properties": {}, "geometry": {"type": "Point", "coordinates": [119.571378786834, -4.63867554837218]}}, {"type": "Feature", "properties": {}, "geometry": {"type": "Point", "coordinates": [119.472564105581, -5.02495112054357]}}, {"type": "Feature", "properties": {}, "geometry": {"type": "Point", "coordinates": [119.555658269362, -4.92164486286983]}}, {"type": "Feature", "properties": {}, "geometry": {"type": "Point", "coordinates": [120.29003101413, -4.31752783429945]}}, {"type": "Feature", "properties": {}, "geometry": {"type": "Point", "coordinates": [119.53993775189, -3.86837019223969]}}, {"type": "Feature", "properties": {}, "geometry": {"type": "Point", "coordinates": [119.986849605739, -4.09519480147987]}}, {"type": "Feature", "properties": {}, "geometry": {"type": "Point", "coordinates": [120.305751531602, -3.18565057630885]}}, {"type": "Feature", "properties": {}, "geometry": {"type": "Point", "coordinates": [119.546675116521, -3.87061598044999]}}, {"type": "Feature", "properties": {}, "geometry": {"type": "Point", "coordinates": [119.510742505156, -3.60112139521413]}}, {"type": "Feature", "properties": {}, "geometry": {"type": "Point", "coordinates": [120.321472049074, -3.96044750886194]}}, {"type": "Feature", "properties": {}, "geometry": {"type": "Point", "coordinates": [119.535446175469, -4.9688064152861]}}, {"type": "Feature", "properties": {}, "geometry": {"type": "Point", "coordinates": [120.352913084018, -3.23954949335602]}}, {"type": "Feature", "properties": {}, "geometry": {"type": "Point", "coordinates": [120.274310496658, -5.12152001358642]}}, {"type": "Feature", "properties": {}, "geometry": {"type": "Point", "coordinates": [120.377616754331, -4.32201941072005]}}, {"type": "Feature", "properties": {}, "geometry": {"type": "Point", "coordinates": [119.515234081577, -4.85202542835057]}}, {"type": "Feature", "properties": {}, "geometry": {"type": "Point", "coordinates": [119.553412481152, -4.85427121656086]}}, {"type": "Feature", "properties": {}, "geometry": {"type": "Point", "coordinates": [119.858839677752, -3.99413433201642]}}, {"type": "Feature", "properties": {}, "geometry": {"type": "Point", "coordinates": [119.923967535851, -4.15358529494764]}}, {"type": "Feature", "properties": {}, "geometry": {"type": "Point", "coordinates": [119.524217234418, -4.69706604183995]}}, {"type": "Feature", "properties": {}, "geometry": {"type": "Point", "coordinates": [120.395583060014, -3.78303024024834]}}, {"type": "Feature", "properties": {}, "geometry": {"type": "Point", "coordinates": [119.492776199474, -4.98452693275819]}}, {"type": "Feature", "properties": {}, "geometry": {"type": "Point", "coordinates": [119.53993775189, -4.73973601783563]}}, {"type": "Feature", "properties": {}, "geometry": {"type": "Point", "coordinates": [119.499513564105, -3.6550203122613]}}, {"type": "Feature", "properties": {}, "geometry": {"type": "Point", "coordinates": [120.256344190975, -2.93861387317598]}}, {"type": "Feature", "properties": {}, "geometry": {"type": "Point", "coordinates": [119.528708810838, -3.8571412511882]}}, {"type": "Feature", "properties": {}, "geometry": {"type": "Point", "coordinates": [119.499513564105, -5.06312952011865]}}, {"type": "Feature", "properties": {}, "geometry": {"type": "Point", "coordinates": [120.146300568671, -4.18278054168152]}}, {"type": "Feature", "properties": {}, "geometry": {"type": "Point", "coordinates": [120.319226260864, -4.14909371852704]}}, {"type": "Feature", "properties": {}, "geometry": {"type": "Point", "coordinates": [119.524217234418, -4.87672909866385]}}, {"type": "Feature", "properties": {}, "geometry": {"type": "Point", "coordinates": [119.964391723636, -4.20299263557421]}}, {"type": "Feature", "properties": {}, "geometry": {"type": "Point", "coordinates": [119.620786127461, -4.27934943472437]}}, {"type": "Feature", "properties": {}, "geometry": {"type": "Point", "coordinates": [121.415170907489, -2.67136507615043]}}, {"type": "Feature", "properties": {}, "geometry": {"type": "Point", "coordinates": [120.350667295808, -4.15358529494764]}}, {"type": "Feature", "properties": {}, "geometry": {"type": "Point", "coordinates": [120.321472049074, -5.50779558575782]}}, {"type": "Feature", "properties": {}, "geometry": {"type": "Point", "coordinates": [119.456843588109, -5.11253686074523]}}, {"type": "Feature", "properties": {}, "geometry": {"type": "Point", "coordinates": [119.506250928735, -4.98452693275819]}}, {"type": "Feature", "properties": {}, "geometry": {"type": "Point", "coordinates": [119.517479869787, -5.00249323844059]}}, {"type": "Feature", "properties": {}, "geometry": {"type": "Point", "coordinates": [119.54442932831, -3.87735334508089]}}, {"type": "Feature", "properties": {}, "geometry": {"type": "Point", "coordinates": [119.625277703881, -4.27710364651407]}}, {"type": "Feature", "properties": {}, "geometry": {"type": "Point", "coordinates": [119.957654359005, -4.09968637790047]}}, {"type": "Feature", "properties": {}, "geometry": {"type": "Point", "coordinates": [119.980112241108, -4.20748421199481]}}, {"type": "Feature", "properties": {}, "geometry": {"type": "Point", "coordinates": [120.386599907173, -3.32938102176798]}}, {"type": "Feature", "properties": {}, "geometry": {"type": "Point", "coordinates": [119.560149845783, -4.90143276897714]}}, {"type": "Feature", "properties": {}, "geometry": {"type": "Point", "coordinates": [120.388845695383, -3.77404708740714]}}, {"type": "Feature", "properties": {}, "geometry": {"type": "Point", "coordinates": [119.53993775189, -3.88409070971178]}}, {"type": "Feature", "properties": {}, "geometry": {"type": "Point", "coordinates": [120.191216332877, -4.26587470546258]}}, {"type": "Feature", "properties": {}, "geometry": {"type": "Point", "coordinates": [119.524217234418, -3.57417193669055]}}, {"type": "Feature", "properties": {}, "geometry": {"type": "Point", "coordinates": [119.495021987684, -4.77117705277981]}}, {"type": "Feature", "properties": {}, "geometry": {"type": "Point", "coordinates": [119.582607727886, -4.91266171002863]}}, {"type": "Feature", "properties": {}, "geometry": {"type": "Point", "coordinates": [119.948671206164, -4.216467364836]}}, {"type": "Feature", "properties": {}, "geometry": {"type": "Point", "coordinates": [119.535446175469, -3.86163282760879]}}, {"type": "Feature", "properties": {}, "geometry": {"type": "Point", "coordinates": [119.519725657997, -4.89244961613594]}}, {"type": "Feature", "properties": {}, "geometry": {"type": "Point", "coordinates": [119.551166692941, -4.90143276897714]}}, {"type": "Feature", "properties": {}, "geometry": {"type": "Point", "coordinates": [120.325963625494, -5.50330400933722]}}, {"type": "Feature", "properties": {}, "geometry": {"type": "Point", "coordinates": [120.092401651623, -4.17379738884033]}}, {"type": "Feature", "properties": {}, "geometry": {"type": "Point", "coordinates": [120.377616754331, -3.2822194693517]}}, {"type": "Feature", "properties": {}, "geometry": {"type": "Point", "coordinates": [119.526463022628, -4.95533168602431]}}, {"type": "Feature", "properties": {}, "geometry": {"type": "Point", "coordinates": [120.386599907173, -3.32039786892678]}}, {"type": "Feature", "properties": {}, "geometry": {"type": "Point", "coordinates": [119.497267775894, -5.01147639128178]}}, {"type": "Feature", "properties": {}, "geometry": {"type": "Point", "coordinates": [120.384354118962, -4.58253084311471]}}, {"type": "Feature", "properties": {}, "geometry": {"type": "Point", "coordinates": [119.461335164529, -3.70442765288788]}}, {"type": "Feature", "properties": {}, "geometry": {"type": "Point", "coordinates": [119.546675116521, -4.93511959213162]}}, {"type": "Feature", "properties": {}, "geometry": {"type": "Point", "coordinates": [120.314734684443, -5.50330400933722]}}, {"type": "Feature", "properties": {}, "geometry": {"type": "Point", "coordinates": [119.607311398199, -4.23892524693899]}}, {"type": "Feature", "properties": {}, "geometry": {"type": "Point", "coordinates": [119.578116151465, -4.92613643929043]}}, {"type": "Feature", "properties": {}, "geometry": {"type": "Point", "coordinates": [120.29227680234, -4.29506995219646]}}, {"type": "Feature", "properties": {}, "geometry": {"type": "Point", "coordinates": [121.415170907489, -2.67810244078132]}}, {"type": "Feature", "properties": {}, "geometry": {"type": "Point", "coordinates": [119.596082457147, -4.89469540434624]}}, {"type": "Feature", "properties": {}, "geometry": {"type": "Point", "coordinates": [119.944179629744, -4.16256844778883]}}, {"type": "Feature", "properties": {}, "geometry": {"type": "Point", "coordinates": [120.314734684443, -4.11091531895196]}}, {"type": "Feature", "properties": {}, "geometry": {"type": "Point", "coordinates": [120.000324335001, -4.11091531895196]}}, {"type": "Feature", "properties": {}, "geometry": {"type": "Point", "coordinates": [119.429894129585, -5.50554979754752]}}, {"type": "Feature", "properties": {}, "geometry": {"type": "Point", "coordinates": [120.14180899225, -4.17155160063003]}}, {"type": "Feature", "properties": {}, "geometry": {"type": "Point", "coordinates": [119.483793046632, -3.6662492533128]}}, {"type": "Feature", "properties": {}, "geometry": {"type": "Point", "coordinates": [120.126088474778, -4.17379738884033]}}, {"type": "Feature", "properties": {}, "geometry": {"type": "Point", "coordinates": [119.926213324061, -4.19625527094331]}}, {"type": "Feature", "properties": {}, "geometry": {"type": "Point", "coordinates": [119.548920904731, -4.68808288899875]}}, {"type": "Feature", "properties": {}, "geometry": {"type": "Point", "coordinates": [120.296768378761, -4.89694119255654]}}, {"type": "Feature", "properties": {}, "geometry": {"type": "Point", "coordinates": [119.486038834843, -3.74036026425266]}}, {"type": "Feature", "properties": {}, "geometry": {"type": "Point", "coordinates": [120.204691062138, -4.27036628188318]}}, {"type": "Feature", "properties": {}, "geometry": {"type": "Point", "coordinates": [119.535446175469, -3.88633649792208]}}, {"type": "Feature", "properties": {}, "geometry": {"type": "Point", "coordinates": [119.519725657997, -4.75994811172832]}}, {"type": "Feature", "properties": {}, "geometry": {"type": "Point", "coordinates": [119.61629455104, -4.27485785830377]}}, {"type": "Feature", "properties": {}, "geometry": {"type": "Point", "coordinates": [119.600574033568, -4.62070924268979]}}, {"type": "Feature", "properties": {}, "geometry": {"type": "Point", "coordinates": [119.946425417954, -4.13337320105495]}}, {"type": "Feature", "properties": {}, "geometry": {"type": "Point", "coordinates": [120.3708793897, -3.25077843440752]}}, {"type": "Feature", "properties": {}, "geometry": {"type": "Point", "coordinates": [119.490530411263, -3.72014817035997]}}, {"type": "Feature", "properties": {}, "geometry": {"type": "Point", "coordinates": [119.479301470212, -3.652774524051]}}, {"type": "Feature", "properties": {}, "geometry": {"type": "Point", "coordinates": [119.598328245358, -4.90367855718744]}}, {"type": "Feature", "properties": {}, "geometry": {"type": "Point", "coordinates": [119.515234081577, -4.85651700477116]}}, {"type": "Feature", "properties": {}, "geometry": {"type": "Point", "coordinates": [119.571378786834, -4.92164486286983]}}, {"type": "Feature", "properties": {}, "geometry": {"type": "Point", "coordinates": [119.46358095274, -3.68646134720549]}}, {"type": "Feature", "properties": {}, "geometry": {"type": "Point", "coordinates": [119.519725657997, -3.78752181666893]}}, {"type": "Feature", "properties": {}, "geometry": {"type": "Point", "coordinates": [120.348421507597, -4.06599955474598]}}, {"type": "Feature", "properties": {}, "geometry": {"type": "Point", "coordinates": [119.564641422203, -4.66337921868547]}}, {"type": "Feature", "properties": {}, "geometry": {"type": "Point", "coordinates": [120.29227680234, -5.00923060307148]}}, {"type": "Feature", "properties": {}, "geometry": {"type": "Point", "coordinates": [120.274310496658, -4.27036628188318]}}, {"type": "Feature", "properties": {}, "geometry": {"type": "Point", "coordinates": [120.337192566546, -4.0278211551709]}}, {"type": "Feature", "properties": {}, "geometry": {"type": "Point", "coordinates": [120.265327343816, -3.17442163525736]}}, {"type": "Feature", "properties": {}, "geometry": {"type": "Point", "coordinates": [120.146300568671, -4.16930581241973]}}, {"type": "Feature", "properties": {}, "geometry": {"type": "Point", "coordinates": [120.348421507597, -4.14684793031674]}}, {"type": "Feature", "properties": {}, "geometry": {"type": "Point", "coordinates": [120.395583060014, -3.27323631651051]}}, {"type": "Feature", "properties": {}, "geometry": {"type": "Point", "coordinates": [120.422532518537, -4.64541291300308]}}, {"type": "Feature", "properties": {}, "geometry": {"type": "Point", "coordinates": [120.328209413705, -4.35346044566423]}}, {"type": "Feature", "properties": {}, "geometry": {"type": "Point", "coordinates": [119.46582674095, -5.12825737821732]}}, {"type": "Feature", "properties": {}, "geometry": {"type": "Point", "coordinates": [120.382108330752, -3.78752181666893]}}, {"type": "Feature", "properties": {}, "geometry": {"type": "Point", "coordinates": [119.517479869787, -5.01596796770238]}}, {"type": "Feature", "properties": {}, "geometry": {"type": "Point", "coordinates": [119.557904057572, -4.92838222750072]}}, {"type": "Feature", "properties": {}, "geometry": {"type": "Point", "coordinates": [120.287785225919, -5.02719690875387]}}, {"type": "Feature", "properties": {}, "geometry": {"type": "Point", "coordinates": [119.575870363255, -4.62520081911039]}}, {"type": "Feature", "properties": {}, "geometry": {"type": "Point", "coordinates": [120.568508752207, -2.67136507615043]}}, {"type": "Feature", "properties": {}, "geometry": {"type": "Point", "coordinates": [119.53769196368, -4.71503234752234]}}, {"type": "Feature", "properties": {}, "geometry": {"type": "Point", "coordinates": [120.330455201915, -4.14460214210644]}}, {"type": "Feature", "properties": {}, "geometry": {"type": "Point", "coordinates": [119.495021987684, -3.64603715942011]}}, {"type": "Feature", "properties": {}, "geometry": {"type": "Point", "coordinates": [120.256344190975, -4.29731574040676]}}, {"type": "Feature", "properties": {}, "geometry": {"type": "Point", "coordinates": [119.506250928735, -4.81160124056519]}}, {"type": "Feature", "properties": {}, "geometry": {"type": "Point", "coordinates": [119.508496716946, -3.76730972277624]}}, {"type": "Feature", "properties": {}, "geometry": {"type": "Point", "coordinates": [119.575870363255, -4.85876279298146]}}, {"type": "Feature", "properties": {}, "geometry": {"type": "Point", "coordinates": [119.495021987684, -4.77342284099011]}}, {"type": "Feature", "properties": {}, "geometry": {"type": "Point", "coordinates": [119.962145935426, -4.13786477747555]}}, {"type": "Feature", "properties": {}, "geometry": {"type": "Point", "coordinates": [119.53769196368, -4.87897488687415]}}, {"type": "Feature", "properties": {}, "geometry": {"type": "Point", "coordinates": [120.242869461713, -4.26362891725228]}}, {"type": "Feature", "properties": {}, "geometry": {"type": "Point", "coordinates": [119.454597799899, -5.13050316642762]}}, {"type": "Feature", "properties": {}, "geometry": {"type": "Point", "coordinates": [120.247361038134, -4.25689155262138]}}, {"type": "Feature", "properties": {}, "geometry": {"type": "Point", "coordinates": [119.490530411263, -5.04067163801566]}}, {"type": "Feature", "properties": {}, "geometry": {"type": "Point", "coordinates": [119.5421835401, -4.96206905065521]}}, {"type": "Feature", "properties": {}, "geometry": {"type": "Point", "coordinates": [119.941933841533, -4.16256844778883]}}, {"type": "Feature", "properties": {}, "geometry": {"type": "Point", "coordinates": [119.54442932831, -5.02045954412298]}}, {"type": "Feature", "properties": {}, "geometry": {"type": "Point", "coordinates": [119.526463022628, -3.83917494550581]}}, {"type": "Feature", "properties": {}, "geometry": {"type": "Point", "coordinates": [119.515234081577, -3.63256243015832]}}, {"type": "Feature", "properties": {}, "geometry": {"type": "Point", "coordinates": [119.499513564105, -3.72463974678057]}}, {"type": "Feature", "properties": {}, "geometry": {"type": "Point", "coordinates": [119.957654359005, -4.10417795432106]}}, {"type": "Feature", "properties": {}, "geometry": {"type": "Point", "coordinates": [120.462956706323, -6.1096668261179]}}, {"type": "Feature", "properties": {}, "geometry": {"type": "Point", "coordinates": [120.375370966121, -4.47697879723067]}}, {"type": "Feature", "properties": {}, "geometry": {"type": "Point", "coordinates": [119.515234081577, -4.96431483886551]}}, {"type": "Feature", "properties": {}, "geometry": {"type": "Point", "coordinates": [119.562395633993, -4.91041592181833]}}, {"type": "Feature", "properties": {}, "geometry": {"type": "Point", "coordinates": [119.508496716946, -3.77404708740714]}}, {"type": "Feature", "properties": {}, "geometry": {"type": "Point", "coordinates": [120.341684142967, -3.88633649792208]}}, {"type": "Feature", "properties": {}, "geometry": {"type": "Point", "coordinates": [120.400074636434, -3.76730972277624]}}, {"type": "Feature", "properties": {}, "geometry": {"type": "Point", "coordinates": [120.323717837284, -4.16256844778883]}}, {"type": "Feature", "properties": {}, "geometry": {"type": "Point", "coordinates": [119.591590880727, -5.25851309441465]}}, {"type": "Feature", "properties": {}, "geometry": {"type": "Point", "coordinates": [120.543805081893, -2.7275097814079]}}, {"type": "Feature", "properties": {}, "geometry": {"type": "Point", "coordinates": [119.935196476902, -4.19176369452272]}}, {"type": "Feature", "properties": {}, "geometry": {"type": "Point", "coordinates": [119.546675116521, -4.91266171002863]}}, {"type": "Feature", "properties": {}, "geometry": {"type": "Point", "coordinates": [119.508496716946, -4.81609281698579]}}, {"type": "Feature", "properties": {}, "geometry": {"type": "Point", "coordinates": [119.971129088267, -4.11540689537256]}}, {"type": "Feature", "properties": {}, "geometry": {"type": "Point", "coordinates": [119.46582674095, -5.08558740222164]}}, {"type": "Feature", "properties": {}, "geometry": {"type": "Point", "coordinates": [119.526463022628, -4.69931183005025]}}, {"type": "Feature", "properties": {}, "geometry": {"type": "Point", "coordinates": [119.99134118216, -4.12663583642405]}}, {"type": "Feature", "properties": {}, "geometry": {"type": "Point", "coordinates": [119.640998221353, -4.31079046966855]}}, {"type": "Feature", "properties": {}, "geometry": {"type": "Point", "coordinates": [119.908247018379, -4.16032265957853]}}, {"type": "Feature", "properties": {}, "geometry": {"type": "Point", "coordinates": [119.524217234418, -4.94859432139341]}}, {"type": "Feature", "properties": {}, "geometry": {"type": "Point", "coordinates": [119.573624575044, -4.6027429370074]}}, {"type": "Feature", "properties": {}, "geometry": {"type": "Point", "coordinates": [119.508496716946, -3.61235033626563]}}, {"type": "Feature", "properties": {}, "geometry": {"type": "Point", "coordinates": [120.323717837284, -4.16930581241973]}}, {"type": "Feature", "properties": {}, "geometry": {"type": "Point", "coordinates": [120.427024094958, -3.75158920530415]}}, {"type": "Feature", "properties": {}, "geometry": {"type": "Point", "coordinates": [120.130580051198, -4.216467364836]}}, {"type": "Feature", "properties": {}, "geometry": {"type": "Point", "coordinates": [119.607311398199, -5.25402151799405]}}, {"type": "Feature", "properties": {}, "geometry": {"type": "Point", "coordinates": [120.285539437709, -5.04067163801566]}}, {"type": "Feature", "properties": {}, "geometry": {"type": "Point", "coordinates": [120.431515671379, -4.64092133658248]}}, {"type": "Feature", "properties": {}, "geometry": {"type": "Point", "coordinates": [119.526463022628, -4.74871917067682]}}, {"type": "Feature", "properties": {}, "geometry": {"type": "Point", "coordinates": [120.21592000319, -4.29057837577586]}}, {"type": "Feature", "properties": {}, "geometry": {"type": "Point", "coordinates": [119.533200387259, -3.88633649792208]}}, {"type": "Feature", "properties": {}, "geometry": {"type": "Point", "coordinates": [120.209182638559, -4.24790839978019]}}, {"type": "Feature", "properties": {}, "geometry": {"type": "Point", "coordinates": [120.388845695383, -3.40349203270784]}}, {"type": "Feature", "properties": {}, "geometry": {"type": "Point", "coordinates": [120.3708793897, -3.21260003483244]}}, {"type": "Feature", "properties": {}, "geometry": {"type": "Point", "coordinates": [120.281047861288, -2.916155991073]}}, {"type": "Feature", "properties": {}, "geometry": {"type": "Point", "coordinates": [119.923967535851, -4.18278054168152]}}, {"type": "Feature", "properties": {}, "geometry": {"type": "Point", "coordinates": [119.560149845783, -4.88571225150505]}}, {"type": "Feature", "properties": {}, "geometry": {"type": "Point", "coordinates": [120.184478968246, -4.2276963058875]}}, {"type": "Feature", "properties": {}, "geometry": {"type": "Point", "coordinates": [119.926213324061, -4.19850105915361]}}, {"type": "Feature", "properties": {}, "geometry": {"type": "Point", "coordinates": [119.515234081577, -4.99800166201999]}}, {"type": "Feature", "properties": {}, "geometry": {"type": "Point", "coordinates": [119.524217234418, -4.99126429738909]}}, {"type": "Feature", "properties": {}, "geometry": {"type": "Point", "coordinates": [120.323717837284, -3.23730370514573]}}, {"type": "Feature", "properties": {}, "geometry": {"type": "Point", "coordinates": [120.191216332877, -4.25239997620078]}}, {"type": "Feature", "properties": {}, "geometry": {"type": "Point", "coordinates": [120.287785225919, -4.25689155262138]}}, {"type": "Feature", "properties": {}, "geometry": {"type": "Point", "coordinates": [119.53769196368, -4.72850707678413]}}, {"type": "Feature", "properties": {}, "geometry": {"type": "Point", "coordinates": [119.470318317371, -5.03393427338477]}}, {"type": "Feature", "properties": {}, "geometry": {"type": "Point", "coordinates": [120.330455201915, -4.00985484948851]}}, {"type": "Feature", "properties": {}, "geometry": {"type": "Point", "coordinates": [119.600574033568, -4.24117103514929]}}, {"type": "Feature", "properties": {}, "geometry": {"type": "Point", "coordinates": [119.512988293366, -3.78527602845863]}}, {"type": "Feature", "properties": {}, "geometry": {"type": "Point", "coordinates": [119.605065609989, -4.88795803971535]}}, {"type": "Feature", "properties": {}, "geometry": {"type": "Point", "coordinates": [119.517479869787, -4.82507596982698]}}, {"type": "Feature", "properties": {}, "geometry": {"type": "Point", "coordinates": [120.350667295808, -4.38490148060841]}}, {"type": "Feature", "properties": {}, "geometry": {"type": "Point", "coordinates": [120.285539437709, -4.26812049367288]}}, {"type": "Feature", "properties": {}, "geometry": {"type": "Point", "coordinates": [119.409682035693, -5.45389666871065]}}, {"type": "Feature", "properties": {}, "geometry": {"type": "Point", "coordinates": [120.328209413705, -4.84079648729907]}}, {"type": "Feature", "properties": {}, "geometry": {"type": "Point", "coordinates": [120.427024094958, -4.62744660732069]}}, {"type": "Feature", "properties": {}, "geometry": {"type": "Point", "coordinates": [119.501759352315, -5.01596796770238]}}, {"type": "Feature", "properties": {}, "geometry": {"type": "Point", "coordinates": [119.984603817529, -4.10866953074166]}}, {"type": "Feature", "properties": {}, "geometry": {"type": "Point", "coordinates": [119.400698882851, -5.44266772765915]}}, {"type": "Feature", "properties": {}, "geometry": {"type": "Point", "coordinates": [119.984603817529, -4.19176369452272]}}, {"type": "Feature", "properties": {}, "geometry": {"type": "Point", "coordinates": [119.461335164529, -3.71790238214967]}}, {"type": "Feature", "properties": {}, "geometry": {"type": "Point", "coordinates": [120.377616754331, -3.82345442803371]}}, {"type": "Feature", "properties": {}, "geometry": {"type": "Point", "coordinates": [119.495021987684, -5.01372217949208]}}, {"type": "Feature", "properties": {}, "geometry": {"type": "Point", "coordinates": [120.195707909297, -4.2321878823081]}}, {"type": "Feature", "properties": {}, "geometry": {"type": "Point", "coordinates": [119.483793046632, -5.02719690875387]}}, {"type": "Feature", "properties": {}, "geometry": {"type": "Point", "coordinates": [120.436007247799, -4.64092133658248]}}, {"type": "Feature", "properties": {}, "geometry": {"type": "Point", "coordinates": [120.449481977061, -2.81958709803015]}}, {"type": "Feature", "properties": {}, "geometry": {"type": "Point", "coordinates": [119.512988293366, -4.75321074709742]}}, {"type": "Feature", "properties": {}, "geometry": {"type": "Point", "coordinates": [120.395583060014, -3.78527602845863]}}, {"type": "Feature", "properties": {}, "geometry": {"type": "Point", "coordinates": [119.400698882851, -5.45389666871065]}}, {"type": "Feature", "properties": {}, "geometry": {"type": "Point", "coordinates": [119.521971446207, -3.59213824237294]}}, {"type": "Feature", "properties": {}, "geometry": {"type": "Point", "coordinates": [120.166512662563, -4.21422157662571]}}, {"type": "Feature", "properties": {}, "geometry": {"type": "Point", "coordinates": [119.995832758581, -4.10866953074166]}}, {"type": "Feature", "properties": {}, "geometry": {"type": "Point", "coordinates": [120.287785225919, -4.93511959213162]}}, {"type": "Feature", "properties": {}, "geometry": {"type": "Point", "coordinates": [119.535446175469, -4.91715328644923]}}, {"type": "Feature", "properties": {}, "geometry": {"type": "Point", "coordinates": [119.515234081577, -5.00698481486118]}}, {"type": "Feature", "properties": {}, "geometry": {"type": "Point", "coordinates": [120.319226260864, -4.31528204608915]}}, {"type": "Feature", "properties": {}, "geometry": {"type": "Point", "coordinates": [120.193462121087, -4.27261207009347]}}, {"type": "Feature", "properties": {}, "geometry": {"type": "Point", "coordinates": [120.3708793897, -4.15358529494764]}}, {"type": "Feature", "properties": {}, "geometry": {"type": "Point", "coordinates": [120.29003101413, -5.51902452680931]}}, {"type": "Feature", "properties": {}, "geometry": {"type": "Point", "coordinates": [120.384354118962, -3.32713523355768]}}, {"type": "Feature", "properties": {}, "geometry": {"type": "Point", "coordinates": [120.487660376636, -2.78365448666537]}}, {"type": "Feature", "properties": {}, "geometry": {"type": "Point", "coordinates": [119.998078546791, -4.18727211810212]}}, {"type": "Feature", "properties": {}, "geometry": {"type": "Point", "coordinates": [119.506250928735, -4.9800353563376]}}, {"type": "Feature", "properties": {}, "geometry": {"type": "Point", "coordinates": [119.636506644933, -4.34896886924363]}}, {"type": "Feature", "properties": {}, "geometry": {"type": "Point", "coordinates": [119.447860435268, -5.5302534678608]}}, {"type": "Feature", "properties": {}, "geometry": {"type": "Point", "coordinates": [119.53993775189, -4.86774594582266]}}, {"type": "Feature", "properties": {}, "geometry": {"type": "Point", "coordinates": [120.337192566546, -4.4073593627114]}}, {"type": "Feature", "properties": {}, "geometry": {"type": "Point", "coordinates": [119.91723017122, -4.15807687136824]}}, {"type": "Feature", "properties": {}, "geometry": {"type": "Point", "coordinates": [119.380486788959, -5.43368457481796]}}, {"type": "Feature", "properties": {}, "geometry": {"type": "Point", "coordinates": [119.524217234418, -4.72626128857383]}}, {"type": "Feature", "properties": {}, "geometry": {"type": "Point", "coordinates": [119.557904057572, -4.65215027763397]}}, {"type": "Feature", "properties": {}, "geometry": {"type": "Point", "coordinates": [119.53993775189, -4.74198180604592]}}, {"type": "Feature", "properties": {}, "geometry": {"type": "Point", "coordinates": [119.524217234418, -4.71952392394294]}}, {"type": "Feature", "properties": {}, "geometry": {"type": "Point", "coordinates": [120.303505743391, -4.30405310503766]}}, {"type": "Feature", "properties": {}, "geometry": {"type": "Point", "coordinates": [119.647735585984, -4.31303625787885]}}, {"type": "Feature", "properties": {}, "geometry": {"type": "Point", "coordinates": [119.515234081577, -4.85427121656086]}}, {"type": "Feature", "properties": {}, "geometry": {"type": "Point", "coordinates": [119.508496716946, -3.74036026425266]}}, {"type": "Feature", "properties": {}, "geometry": {"type": "Point", "coordinates": [119.634260856722, -4.27710364651407]}}, {"type": "Feature", "properties": {}, "geometry": {"type": "Point", "coordinates": [120.177741603615, -4.2232047294669]}}, {"type": "Feature", "properties": {}, "geometry": {"type": "Point", "coordinates": [119.461335164529, -5.09457055506284]}}, {"type": "Feature", "properties": {}, "geometry": {"type": "Point", "coordinates": [120.330455201915, -3.19238794093975]}}, {"type": "Feature", "properties": {}, "geometry": {"type": "Point", "coordinates": [119.486038834843, -3.6640034651025]}}, {"type": "Feature", "properties": {}, "geometry": {"type": "Point", "coordinates": [120.36863360149, -4.35570623387453]}}, {"type": "Feature", "properties": {}, "geometry": {"type": "Point", "coordinates": [120.350667295808, -4.05701640190479]}}, {"type": "Feature", "properties": {}, "geometry": {"type": "Point", "coordinates": [120.285539437709, -4.27934943472437]}}, {"type": "Feature", "properties": {}, "geometry": {"type": "Point", "coordinates": [120.287785225919, -4.32201941072005]}}, {"type": "Feature", "properties": {}, "geometry": {"type": "Point", "coordinates": [119.957654359005, -4.10866953074166]}}, {"type": "Feature", "properties": {}, "geometry": {"type": "Point", "coordinates": [120.287785225919, -4.30180731682736]}}, {"type": "Feature", "properties": {}, "geometry": {"type": "Point", "coordinates": [119.964391723636, -4.16032265957853]}}, {"type": "Feature", "properties": {}, "geometry": {"type": "Point", "coordinates": [120.343929931177, -4.39388463344961]}}, {"type": "Feature", "properties": {}, "geometry": {"type": "Point", "coordinates": [120.36863360149, -4.18951790631242]}}, {"type": "Feature", "properties": {}, "geometry": {"type": "Point", "coordinates": [120.382108330752, -4.7936349348828]}}, {"type": "Feature", "properties": {}, "geometry": {"type": "Point", "coordinates": [119.939688053323, -4.14909371852704]}}, {"type": "Feature", "properties": {}, "geometry": {"type": "Point", "coordinates": [119.499513564105, -3.74036026425266]}}, {"type": "Feature", "properties": {}, "geometry": {"type": "Point", "coordinates": [119.569132998624, -4.90817013360804]}}, {"type": "Feature", "properties": {}, "geometry": {"type": "Point", "coordinates": [119.526463022628, -3.57866351311114]}}, {"type": "Feature", "properties": {}, "geometry": {"type": "Point", "coordinates": [119.99358697037, -4.14460214210644]}}, {"type": "Feature", "properties": {}, "geometry": {"type": "Point", "coordinates": [120.379862542542, -4.50168246754395]}}, {"type": "Feature", "properties": {}, "geometry": {"type": "Point", "coordinates": [120.166512662563, -4.20074684736391]}}, {"type": "Feature", "properties": {}, "geometry": {"type": "Point", "coordinates": [120.36863360149, -4.31528204608915]}}, {"type": "Feature", "properties": {}, "geometry": {"type": "Point", "coordinates": [119.569132998624, -5.60661026701096]}}, {"type": "Feature", "properties": {}, "geometry": {"type": "Point", "coordinates": [120.409057789276, -3.60336718342443]}}, {"type": "Feature", "properties": {}, "geometry": {"type": "Point", "coordinates": [119.571378786834, -4.87897488687415]}}, {"type": "Feature", "properties": {}, "geometry": {"type": "Point", "coordinates": [119.580361939675, -4.87223752224326]}}, {"type": "Feature", "properties": {}, "geometry": {"type": "Point", "coordinates": [120.305751531602, -4.30629889324796]}}, {"type": "Feature", "properties": {}, "geometry": {"type": "Point", "coordinates": [119.99134118216, -4.18053475347122]}}, {"type": "Feature", "properties": {}, "geometry": {"type": "Point", "coordinates": [120.36863360149, -3.81447127519252]}}, {"type": "Feature", "properties": {}, "geometry": {"type": "Point", "coordinates": [119.593836668937, -4.89020382792565]}}, {"type": "Feature", "properties": {}, "geometry": {"type": "Point", "coordinates": [119.526463022628, -4.87672909866385]}}, {"type": "Feature", "properties": {}, "geometry": {"type": "Point", "coordinates": [119.548920904731, -4.87897488687415]}}, {"type": "Feature", "properties": {}, "geometry": {"type": "Point", "coordinates": [119.580361939675, -4.91490749823893]}}, {"type": "Feature", "properties": {}, "geometry": {"type": "Point", "coordinates": [119.964391723636, -4.13561898926525]}}, {"type": "Feature", "properties": {}, "geometry": {"type": "Point", "coordinates": [119.506250928735, -4.9777895681273]}}, {"type": "Feature", "properties": {}, "geometry": {"type": "Point", "coordinates": [119.517479869787, -3.81896285161312]}}, {"type": "Feature", "properties": {}, "geometry": {"type": "Point", "coordinates": [119.984603817529, -4.09519480147987]}}, {"type": "Feature", "properties": {}, "geometry": {"type": "Point", "coordinates": [120.29003101413, -5.04516321443626]}}, {"type": "Feature", "properties": {}, "geometry": {"type": "Point", "coordinates": [119.517479869787, -3.59887560700383]}}, {"type": "Feature", "properties": {}, "geometry": {"type": "Point", "coordinates": [120.348421507597, -4.01883800232971]}}, {"type": "Feature", "properties": {}, "geometry": {"type": "Point", "coordinates": [119.54442932831, -4.94859432139341]}}, {"type": "Feature", "properties": {}, "geometry": {"type": "Point", "coordinates": [119.510742505156, -4.96206905065521]}}, {"type": "Feature", "properties": {}, "geometry": {"type": "Point", "coordinates": [119.530954599049, -4.73075286499443]}}, {"type": "Feature", "properties": {}, "geometry": {"type": "Point", "coordinates": [119.508496716946, -3.62582506552742]}}, {"type": "Feature", "properties": {}, "geometry": {"type": "Point", "coordinates": [119.91498438301, -4.16256844778883]}}, {"type": "Feature", "properties": {}, "geometry": {"type": "Point", "coordinates": [119.53993775189, -4.93287380392132]}}, {"type": "Feature", "properties": {}, "geometry": {"type": "Point", "coordinates": [120.283293649499, -5.03393427338477]}}, {"type": "Feature", "properties": {}, "geometry": {"type": "Point", "coordinates": [120.377616754331, -3.81447127519252]}}, {"type": "Feature", "properties": {}, "geometry": {"type": "Point", "coordinates": [119.515234081577, -4.80710966414459]}}, {"type": "Feature", "properties": {}, "geometry": {"type": "Point", "coordinates": [119.560149845783, -4.67909973615756]}}, {"type": "Feature", "properties": {}, "geometry": {"type": "Point", "coordinates": [119.53769196368, -4.68134552436786]}}, {"type": "Feature", "properties": {}, "geometry": {"type": "Point", "coordinates": [119.492776199474, -3.6640034651025]}}, {"type": "Feature", "properties": {}, "geometry": {"type": "Point", "coordinates": [120.334946778336, -3.22832055230453]}}, {"type": "Feature", "properties": {}, "geometry": {"type": "Point", "coordinates": [120.328209413705, -4.11989847179316]}}, {"type": "Feature", "properties": {}, "geometry": {"type": "Point", "coordinates": [119.479301470212, -5.04067163801566]}}, {"type": "Feature", "properties": {}, "geometry": {"type": "Point", "coordinates": [120.377616754331, -3.33836417460917]}}, {"type": "Feature", "properties": {}, "geometry": {"type": "Point", "coordinates": [119.598328245358, -4.89469540434624]}}, {"type": "Feature", "properties": {}, "geometry": {"type": "Point", "coordinates": [119.53993775189, -5.00024745023029]}}, {"type": "Feature", "properties": {}, "geometry": {"type": "Point", "coordinates": [120.350667295808, -4.84079648729907]}}, {"type": "Feature", "properties": {}, "geometry": {"type": "Point", "coordinates": [119.611802974619, -5.25851309441465]}}, {"type": "Feature", "properties": {}, "geometry": {"type": "Point", "coordinates": [120.341684142967, -3.89082807434268]}}, {"type": "Feature", "properties": {}, "geometry": {"type": "Point", "coordinates": [119.995832758581, -4.18053475347122]}}, {"type": "Feature", "properties": {}, "geometry": {"type": "Point", "coordinates": [119.564641422203, -4.89020382792565]}}, {"type": "Feature", "properties": {}, "geometry": {"type": "Point", "coordinates": [119.555658269362, -4.9688064152861]}}, {"type": "Feature", "properties": {}, "geometry": {"type": "Point", "coordinates": [120.391091483593, -3.32713523355768]}}, {"type": "Feature", "properties": {}, "geometry": {"type": "Point", "coordinates": [119.497267775894, -5.00249323844059]}}, {"type": "Feature", "properties": {}, "geometry": {"type": "Point", "coordinates": [119.506250928735, -3.61010454805533]}}, {"type": "Feature", "properties": {}, "geometry": {"type": "Point", "coordinates": [120.332700990125, -3.93574383854865]}}, {"type": "Feature", "properties": {}, "geometry": {"type": "Point", "coordinates": [120.130580051198, -4.17604317705063]}}, {"type": "Feature", "properties": {}, "geometry": {"type": "Point", "coordinates": [119.497267775894, -3.77180129919684]}}, {"type": "Feature", "properties": {}, "geometry": {"type": "Point", "coordinates": [120.222657367821, -4.26138312904198]}}, {"type": "Feature", "properties": {}, "geometry": {"type": "Point", "coordinates": [120.325963625494, -4.15133950673734]}}, {"type": "Feature", "properties": {}, "geometry": {"type": "Point", "coordinates": [120.404566212855, -3.57641772490085]}}, {"type": "Feature", "properties": {}, "geometry": {"type": "Point", "coordinates": [120.384354118962, -3.79875075772043]}}, {"type": "Feature", "properties": {}, "geometry": {"type": "Point", "coordinates": [120.379862542542, -3.33611838639887]}}, {"type": "Feature", "properties": {}, "geometry": {"type": "Point", "coordinates": [119.645489797774, -4.31079046966855]}}, {"type": "Feature", "properties": {}, "geometry": {"type": "Point", "coordinates": [120.413549365696, -3.76730972277624]}}, {"type": "Feature", "properties": {}, "geometry": {"type": "Point", "coordinates": [120.550542446524, -2.7185266285667]}}, {"type": "Feature", "properties": {}, "geometry": {"type": "Point", "coordinates": [120.346175719387, -4.33998571640244]}}, {"type": "Feature", "properties": {}, "geometry": {"type": "Point", "coordinates": [120.429269883168, -4.62520081911039]}}, {"type": "Feature", "properties": {}, "geometry": {"type": "Point", "coordinates": [119.98909539395, -4.17828896526092]}}, {"type": "Feature", "properties": {}, "geometry": {"type": "Point", "coordinates": [119.555658269362, -4.75545653530772]}}, {"type": "Feature", "properties": {}, "geometry": {"type": "Point", "coordinates": [119.512988293366, -3.83019179266461]}}, {"type": "Feature", "properties": {}, "geometry": {"type": "Point", "coordinates": [119.5421835401, -3.89531965076328]}}, {"type": "Feature", "properties": {}, "geometry": {"type": "Point", "coordinates": [119.530954599049, -4.74198180604592]}}, {"type": "Feature", "properties": {}, "geometry": {"type": "Point", "coordinates": [119.521971446207, -4.71503234752234]}}, {"type": "Feature", "properties": {}, "geometry": {"type": "Point", "coordinates": [119.524217234418, -3.76955551098654]}}, {"type": "Feature", "properties": {}, "geometry": {"type": "Point", "coordinates": [119.600574033568, -4.89469540434624]}}, {"type": "Feature", "properties": {}, "geometry": {"type": "Point", "coordinates": [120.406812001065, -3.56518878384935]}}, {"type": "Feature", "properties": {}, "geometry": {"type": "Point", "coordinates": [119.53769196368, -4.69257446541935]}}, {"type": "Feature", "properties": {}, "geometry": {"type": "Point", "coordinates": [120.382108330752, -4.31977362250975]}}, {"type": "Feature", "properties": {}, "geometry": {"type": "Point", "coordinates": [119.941933841533, -4.16930581241973]}}, {"type": "Feature", "properties": {}, "geometry": {"type": "Point", "coordinates": [119.99358697037, -4.15133950673734]}}, {"type": "Feature", "properties": {}, "geometry": {"type": "Point", "coordinates": [119.912738594799, -4.10866953074166]}}, {"type": "Feature", "properties": {}, "geometry": {"type": "Point", "coordinates": [119.521971446207, -4.9688064152861]}}, {"type": "Feature", "properties": {}, "geometry": {"type": "Point", "coordinates": [119.490530411263, -3.72688553499087]}}, {"type": "Feature", "properties": {}, "geometry": {"type": "Point", "coordinates": [119.492776199474, -5.01372217949208]}}, {"type": "Feature", "properties": {}, "geometry": {"type": "Point", "coordinates": [119.510742505156, -4.84528806371967]}}, {"type": "Feature", "properties": {}, "geometry": {"type": "Point", "coordinates": [120.247361038134, -5.52576189144021]}}, {"type": "Feature", "properties": {}, "geometry": {"type": "Point", "coordinates": [119.501759352315, -4.73524444141503]}}, {"type": "Feature", "properties": {}, "geometry": {"type": "Point", "coordinates": [120.211428426769, -4.2254505176772]}}, {"type": "Feature", "properties": {}, "geometry": {"type": "Point", "coordinates": [120.377616754331, -3.25527001082812]}}, {"type": "Feature", "properties": {}, "geometry": {"type": "Point", "coordinates": [120.36414202507, -4.81833860519608]}}, {"type": "Feature", "properties": {}, "geometry": {"type": "Point", "coordinates": [120.301259955181, -5.49656664470632]}}, {"type": "Feature", "properties": {}, "geometry": {"type": "Point", "coordinates": [120.281047861288, -5.02719690875387]}}, {"type": "Feature", "properties": {}, "geometry": {"type": "Point", "coordinates": [120.334946778336, -4.12439004821375]}}, {"type": "Feature", "properties": {}, "geometry": {"type": "Point", "coordinates": [120.319226260864, -4.13337320105495]}}, {"type": "Feature", "properties": {}, "geometry": {"type": "Point", "coordinates": [120.379862542542, -4.32651098714065]}}, {"type": "Feature", "properties": {}, "geometry": {"type": "Point", "coordinates": [120.350667295808, -4.37142675134662]}}, {"type": "Feature", "properties": {}, "geometry": {"type": "Point", "coordinates": [120.382108330752, -3.33836417460917]}}, {"type": "Feature", "properties": {}, "geometry": {"type": "Point", "coordinates": [120.3708793897, -3.79201339308953]}}, {"type": "Feature", "properties": {}, "geometry": {"type": "Point", "coordinates": [119.629769280302, -5.24728415336316]}}, {"type": "Feature", "properties": {}, "geometry": {"type": "Point", "coordinates": [119.560149845783, -4.64541291300308]}}, {"type": "Feature", "properties": {}, "geometry": {"type": "Point", "coordinates": [119.526463022628, -3.82570021624401]}}, {"type": "Feature", "properties": {}, "geometry": {"type": "Point", "coordinates": [120.283293649499, -3.18115899988826]}}, {"type": "Feature", "properties": {}, "geometry": {"type": "Point", "coordinates": [120.29003101413, -5.52800767965051]}}, {"type": "Feature", "properties": {}, "geometry": {"type": "Point", "coordinates": [119.506250928735, -4.72626128857383]}}, {"type": "Feature", "properties": {}, "geometry": {"type": "Point", "coordinates": [119.524217234418, -4.86100858119176]}}, {"type": "Feature", "properties": {}, "geometry": {"type": "Point", "coordinates": [120.14405478046, -4.18727211810212]}}, {"type": "Feature", "properties": {}, "geometry": {"type": "Point", "coordinates": [120.321472049074, -3.94697277960015]}}, {"type": "Feature", "properties": {}, "geometry": {"type": "Point", "coordinates": [119.533200387259, -4.75994811172832]}}]}